"FacilityId","Score.x","MRSA Bacteremia","Payment","Payment for heart failure patients","Abdomen CT Use of Contrast Material","Death rate for heart failure patients","Postoperative respiratory failure rate","Perioperative pulmonary embolism or deep vein thrombosis rate","CMS Medicare PSI 90: Patient safety and adverse events composite","Emergency department volume","Healthcare workers given influenza vaccination","Average (median) time patients spent in the emergency department before leaving from the visit A lower number of minutes is better","Left before being seen","Venous Thromboembolism Prophylaxis","Intensive Care Unit Venous Thromboembolism Prophylaxis","Denominator","Score.y","LowerEstimate","HigherEstimate","NumberOfPatients","NumberOfPatientsReturned","Hospital return days for heart failure patients","Nurse communication","Doctor communication","Staff responsiveness","Communication about medicines","Discharge information","Care transition","Cleanliness","Quietness","Overall hospital rating","Recommend hospital","NumberOfDischarges","ExcessReadmissionRatio","PredictedReadmissionRate","ExpectedReadmissionRate","NumberOfReadmissions","observed_readmission_rate"
"010001",0.445,NA,20602,"No Different Than the National Average Payment","5.4",NA,"No Different Than the National Rate","Worse Than the National Rate","No Different Than the National Value","high","96","217","5","98","Not Available",679,10.6,-6.9,29.3,569,191,1,"89","91","81","75","86","82","83","87","89","90",616,1.1003,23.1263,21.0184,149,0.241883116883117
"010005",2.452,NA,18056,"No Different Than the National Average Payment","13.4",NA,"No Different Than the National Rate","No Different Than the National Rate","No Different Than the National Value","high","72","144","3","Not Available","Not Available",176,9.8,-16.5,40.1,155,49,1,"91","92","77","77","87","81","85","86","87","85",129,0.9885,19.1975,19.4209,24,0.186046511627907
"010006",0.371,NA,19466,"No Different Than the National Average Payment","10.8",NA,"No Different Than the National Rate","No Different Than the National Rate","No Different Than the National Value","high","66","177","1","89","98",508,-4.9,-22.7,14.9,431,116,1,"88","88","76","68","83","76","78","86","82","80",441,0.9629,19.3905,20.138,83,0.188208616780045
"010011",0.573,NA,20075,"No Different Than the National Average Payment","7.8",NA,"No Different Than the National Rate","No Different Than the National Rate","No Different Than the National Value","high","Not Available","190","5","81","90",294,30,6.1,57,253,83,0,"91","91","84","75","87","80","79","85","87","87",251,0.9971,19.9965,20.0544,50,0.199203187250996
"010012",NA,NA,20263,"No Different Than the National Average Payment","9.1",NA,"No Different Than the National Rate","No Different Than the National Rate","No Different Than the National Value","low","59","168","4","85","91",84,28.8,-2.7,68.4,70,24,1,"94","94","84","81","88","79","86","84","86","83",82,0.9856,18.2175,18.4834,14,0.170731707317073
"010016",1.496,NA,22546,"Greater Than the National Average Payment","11.9",NA,"No Different Than the National Rate","No Different Than the National Rate","Worse Than the National Value","medium","80","196","3","83","93",229,8,-15.7,34.6,196,65,1,"89","91","78","73","82","79","81","80","85","84",186,0.9745,20.2796,20.81,36,0.193548387096774
"010019",0,NA,19019,"No Different Than the National Average Payment","10.2",NA,"Not Available","No Different Than the National Rate","No Different Than the National Value","medium","75","173","2","68","Not Available",254,10.5,-11.1,37.4,216,61,1,"93","93","85","76","87","82","87","88","91","91",208,0.9366,17.922,19.1344,33,0.158653846153846
"010023",1.463,NA,21028,"No Different Than the National Average Payment","1.5",NA,"No Different Than the National Rate","Worse Than the National Rate","Worse Than the National Value","high","93","193","4","Not Available","Not Available",304,27.6,2.3,54.1,258,81,0,"89","90","83","74","86","80","83","82","87","87",284,0.9412,19.3729,20.5838,51,0.179577464788732
"010024",1.958,NA,20484,"No Different Than the National Average Payment","7.9",NA,"No Different Than the National Rate","No Different Than the National Rate","No Different Than the National Value","high","46","172","3","Not Available","Not Available",325,10.8,-12.2,34.5,263,77,1,"90","90","82","72","82","79","79","84","87","86",256,0.9629,18.9363,19.6649,46,0.1796875
"010029",0.167,NA,19215,"No Different Than the National Average Payment","15.4",NA,"No Different Than the National Rate","No Different Than the National Rate","No Different Than the National Value","very high","84","188","4","Not Available","Not Available",334,52.1,27.3,78.9,266,94,0,"92","93","85","80","88","82","85","87","89","90",175,1.1095,21.2027,19.11,44,0.251428571428571
"010033",0.929,NA,19251,"No Different Than the National Average Payment","16.5",NA,"Worse Than the National Rate","Worse Than the National Rate","Worse Than the National Value","very high","94","192","3","Not Available","Not Available",675,8.7,-8.2,29.5,547,160,1,"92","93","82","77","89","83","81","84","90","92",595,0.8908,18.255,20.4934,101,0.169747899159664
"010035",0,NA,17500,"Less Than the National Average Payment","7.3",NA,"No Different Than the National Rate","No Different Than the National Rate","No Different Than the National Value","high","76","148","2","Not Available","79",367,-13.3,-30.5,6.5,299,93,1,"89","89","79","71","76","78","83","86","84","82",328,1.0905,20.8074,19.0802,74,0.225609756097561
"010036",NA,NA,18221,"No Different Than the National Average Payment","6.6",NA,"Not Available","No Different Than the National Rate","No Different Than the National Value","low","84","151","2","Not Available","85",159,32.4,2.7,66.8,124,44,0,"91","93","84","75","82","79","90","87","87","82",154,1.0418,22.2181,21.3276,37,0.24025974025974
"010039",1.195,NA,19447,"No Different Than the National Average Payment","17.6",NA,"Worse Than the National Rate","Worse Than the National Rate","Worse Than the National Value","very high","73","236","2","Not Available","Not Available",1270,10.4,-2.5,24.3,1039,311,1,"91","91","80","73","84","81","85","85","88","90",1086,1.0105,20.1021,19.8942,219,0.201657458563536
"010040",1.214,NA,21096,"No Different Than the National Average Payment","7.8",NA,"Worse Than the National Rate","No Different Than the National Rate","Worse Than the National Value","medium","25","183","3","Not Available","Not Available",235,15.9,-11.2,45,197,63,1,"89","88","78","72","82","76","75","82","82","80",242,0.9684,21.1509,21.8409,49,0.202479338842975
"010046",2.181,NA,20080,"No Different Than the National Average Payment","2.5",NA,"No Different Than the National Rate","No Different Than the National Rate","No Different Than the National Value","medium","73","145","3","Not Available","Not Available",284,15.8,-9.1,41,217,84,1,"89","87","83","73","82","81","82","88","88","87",226,1.0992,24.5086,22.2965,62,0.274336283185841
"010049",NA,NA,18007,"No Different Than the National Average Payment","6.8",NA,"No Different Than the National Rate","No Different Than the National Rate","No Different Than the National Value","medium","56","123","1","Not Available","Not Available",102,-0.7,-25,28.3,86,35,1,"91","92","84","79","83","81","83","89","87","85",89,1.0232,18.5527,18.1327,18,0.202247191011236
"010055",0.295,NA,19330,"No Different Than the National Average Payment","4.3",NA,"No Different Than the National Rate","No Different Than the National Rate","No Different Than the National Value","high","83","212","2","Not Available","Not Available",325,21.9,0.7,45.6,282,90,0,"92","91","82","79","86","81","87","85","89","89",300,1.0085,19.8119,19.6442,60,0.2
"010056",0.416,NA,18951,"No Different Than the National Average Payment","10.5",NA,"No Different Than the National Rate","No Different Than the National Rate","No Different Than the National Value","medium","Not Available","237","7","92","93",439,12.4,-7.6,34.2,362,100,1,"90","93","82","76","84","81","81","86","89","90",356,0.9587,19.0432,19.8635,65,0.182584269662921
"010065",NA,NA,20577,"No Different Than the National Average Payment","7.8",NA,"No Different Than the National Rate","No Different Than the National Rate","No Different Than the National Value","low","47","146","1","91","94",94,-36.2,-56.6,-11.2,81,27,2,"92","90","87","77","87","79","84","90","87","86",84,1.011,20.5563,20.3317,18,0.214285714285714
"010078",1.976,NA,20133,"No Different Than the National Average Payment","8.3",NA,"Worse Than the National Rate","No Different Than the National Rate","No Different Than the National Value","high","69","206","5","92","Not Available",311,5.6,-16.5,29.8,263,80,1,"87","88","79","72","86","77","76","86","83","79",251,0.973,19.8509,20.4011,48,0.191235059760956
"010079",0,NA,19373,"No Different Than the National Average Payment","7.7",NA,"No Different Than the National Rate","No Different Than the National Rate","No Different Than the National Value","medium","68","185","1","Not Available","Not Available",151,-26.8,-46.9,-2,115,46,2,"94","93","86","79","90","82","86","88","89","89",136,1.025,20.1217,19.6305,29,0.213235294117647
"010083",0.707,NA,20046,"No Different Than the National Average Payment","6",NA,"No Different Than the National Rate","No Different Than the National Rate","No Different Than the National Value","high","47","152","2","Not Available","Not Available",277,-24.9,-41,-6.1,236,86,2,"93","93","89","82","86","83","85","88","89","88",240,0.9663,19.2755,19.947,44,0.183333333333333
"010085",0,NA,16944,"Less Than the National Average Payment","13.3",NA,"Not Available","No Different Than the National Rate","No Different Than the National Value","high","88","165","1","Not Available","Not Available",399,3.6,-14.7,24.7,316,102,1,"91","91","79","74","87","79","89","84","85","83",350,0.9516,18.6437,19.5909,62,0.177142857142857
"010089",NA,NA,19707,"No Different Than the National Average Payment","3.5",NA,"No Different Than the National Rate","No Different Than the National Rate","No Different Than the National Value","medium","89","156","3","92","96",154,38.4,9.3,71.5,134,41,0,"89","90","79","72","84","78","77","82","83","80",135,1.044,20.1101,19.2619,30,0.222222222222222
"010090",0.936,NA,19170,"No Different Than the National Average Payment","20.1",NA,"No Different Than the National Rate","No Different Than the National Rate","No Different Than the National Value","high","84","180","2","97","100",341,3.7,-16.5,25.4,291,82,1,"89","88","85","74","85","81","84","82","87","85",291,1.0336,20.5453,19.8771,62,0.213058419243986
"010092",1.043,NA,19766,"No Different Than the National Average Payment","3.8",NA,"Not Available","No Different Than the National Rate","No Different Than the National Value","very high","94","248","10","Not Available","Not Available",680,20.5,2.7,38.7,530,161,0,"88","90","79","73","84","78","79","83","86","83",646,0.986,19.6491,19.9273,126,0.195046439628483
"010100",0.967,NA,19744,"No Different Than the National Average Payment","3.8",NA,"No Different Than the National Rate","No Different Than the National Rate","No Different Than the National Value","medium","59","184","4","33","33",334,6.8,-14.2,29.9,269,88,1,"91","90","84","76","87","81","82","85","88","89",269,1.0874,20.6159,18.9581,61,0.226765799256506
"010101",NA,NA,18970,"No Different Than the National Average Payment","5.7",NA,"Number of Cases Too Small","No Different Than the National Rate","No Different Than the National Value","low","84","96","2","90","83",50,36,-1.3,82.1,41,17,1,"90","86","85","75","80","81","84","86","84","81",54,1.0852,21.3915,19.7123,17,0.314814814814815
"010103",1.574,NA,18527,"No Different Than the National Average Payment","14.8",NA,"No Different Than the National Rate","No Different Than the National Rate","No Different Than the National Value","medium","77","154","1","90","96",218,-8.5,-31.3,18,179,54,1,"91","92","83","76","82","79","84","85","87","85",170,0.9497,19.6576,20.6981,30,0.176470588235294
"010104",1.196,NA,21820,"Greater Than the National Average Payment","8.4",NA,"No Different Than the National Rate","No Different Than the National Rate","No Different Than the National Value","high","48","188","2","Not Available","89",598,21.8,2.7,41.5,517,170,0,"90","92","80","74","85","80","80","88","89","90",450,0.9931,20.5472,20.6898,92,0.204444444444444
"010108",NA,NA,18480,"No Different Than the National Average Payment","4.5",NA,"Not Available","No Different Than the National Rate","No Different Than the National Value","medium","90","207","7","Not Available","Not Available",157,16.9,-10.4,48.3,129,41,1,"92","92","87","78","89","82","91","88","91","91",107,1.0214,20.1797,19.7577,23,0.214953271028037
"010112",NA,NA,17414,"No Different Than the National Average Payment","6.6",NA,"Not Available","No Different Than the National Rate","No Different Than the National Value","medium","72","118","1","Not Available","Not Available",66,10.3,-22.4,51.7,54,15,1,"91","93","80","73","79","81","92","85","87","83",58,1.0017,20.4905,20.4551,12,0.206896551724138
"010113",0.801,NA,20286,"No Different Than the National Average Payment","7.8",NA,"Worse Than the National Rate","No Different Than the National Rate","Worse Than the National Value","medium","66","188","4","36","43",392,9.6,-10.4,32.4,338,114,1,"89","90","80","75","86","80","83","81","86","85",363,0.9312,19.2105,20.6302,65,0.179063360881543
"010114",1.381,NA,18926,"No Different Than the National Average Payment","3.9",NA,"No Different Than the National Rate","No Different Than the National Rate","No Different Than the National Value","very high","58","156","3","Not Available","Not Available",98,27.5,-5.7,67.4,80,21,1,"89","91","79","73","78","78","78","82","83","80",93,0.9121,19.5282,21.4111,12,0.129032258064516
"010118",NA,NA,18230,"No Different Than the National Average Payment","3.2",NA,"Number of Cases Too Small","No Different Than the National Rate","No Different Than the National Value","medium","76","217","3","96","97",80,-12,-36.2,18.9,69,21,1,"86","89","74","72","72","74","84","85","77","74",82,0.946,19.1295,20.2217,12,0.146341463414634
"010130",NA,NA,19272,"No Different Than the National Average Payment","10.8",NA,"Number of Cases Too Small","No Different Than the National Rate","No Different Than the National Value","medium","Not Available","144","5","96","94",66,19.4,-11,57.3,62,17,1,"95","92","89","81","91","83","92","87","93","93",54,1.0213,17.8471,17.475,11,0.203703703703704
"010131",2.275,NA,18115,"Less Than the National Average Payment","8.6",NA,"No Different Than the National Rate","No Different Than the National Rate","No Different Than the National Value","medium","51","198","3","Not Available","Not Available",278,36.6,11.6,64.7,231,74,0,"88","89","78","71","81","78","78","83","83","83",233,1.0513,20.4602,19.4619,51,0.218884120171674
"010139",1.109,NA,24617,"Greater Than the National Average Payment","6",NA,"Not Available","No Different Than the National Rate","No Different Than the National Value","medium","76","152","4","72","82",142,32.9,4.1,66.2,134,43,0,"86","90","71","69","83","77","79","79","80","78",131,1.0146,19.8834,19.5978,27,0.206106870229008
"010144",0.932,NA,19695,"No Different Than the National Average Payment","5.9",NA,"No Different Than the National Rate","No Different Than the National Rate","No Different Than the National Value","high","89","149","3","Not Available","94",250,39,11.5,70.2,198,64,0,"90","91","83","75","87","81","78","84","89","89",243,0.9662,19.0406,19.7065,44,0.181069958847737
"010148",NA,NA,17678,"No Different Than the National Average Payment","3.6",NA,"Not Available","Number of Cases Too Small","Not Available","low","4","135","5","74","Not Available",62,-1.7,-24.1,26.1,50,19,1,"92","96","84","83","91","81","87","88","88","88",57,1.0517,17.1576,16.3139,13,0.228070175438596
"010149",0.611,NA,18204,"No Different Than the National Average Payment","5.1",NA,"No Different Than the National Rate","No Different Than the National Rate","No Different Than the National Value","high","89","241","7","Not Available","Not Available",261,19,-4.7,45.1,220,63,1,"92","91","85","77","89","81","86","85","91","92",193,1.0446,19.2416,18.4203,40,0.207253886010363
"010164",NA,NA,19514,"No Different Than the National Average Payment","3.8",NA,"Number of Cases Too Small","No Different Than the National Rate","No Different Than the National Value","medium","84","129","0","Not Available","Not Available",80,35.5,2.3,75,70,19,0,"90","92","82","77","86","79","85","88","87","86",75,1.0187,17.0936,16.779,14,0.186666666666667
"020001",0.287,NA,17815,"Less Than the National Average Payment","2.1",NA,"No Different Than the National Rate","No Different Than the National Rate","No Different Than the National Value","very high","82","185","5","Not Available","98",462,0.2,-17.6,19.6,401,124,1,"92","90","80","74","88","80","85","77","88","91",377,0.9316,18.4791,19.8359,65,0.172413793103448
"020006",NA,NA,18684,"No Different Than the National Average Payment","5.2",NA,"No Different Than the National Rate","No Different Than the National Rate","No Different Than the National Value","medium","48","130","0","Not Available","Not Available",233,-3.1,-24.1,20.9,198,69,1,"92","91","84","77","90","80","89","86","89","88",162,1.0064,20.7231,20.5913,34,0.209876543209877
"020017",0,NA,18319,"No Different Than the National Average Payment","1.8",NA,"No Different Than the National Rate","No Different Than the National Rate","No Different Than the National Value","medium","46","148","3","98","99",212,35.2,7.5,64.4,198,71,0,"89","89","81","72","87","80","82","81","86","85",160,1.0176,20.5188,20.1635,34,0.2125
"020024",NA,NA,16048,"Less Than the National Average Payment","6.4",NA,"No Different Than the National Rate","No Different Than the National Rate","No Different Than the National Value","low","32","142","1","Not Available","94",178,30.8,5.4,59.9,136,60,0,"91","91","82","80","91","84","87","82","90","91",149,1.0241,20.41,19.9306,32,0.214765100671141
"020026",0.433,NA,17273,"Less Than the National Average Payment","Not Available",NA,"No Different Than the National Rate","No Different Than the National Rate","Worse Than the National Value","high","98","150","4","Not Available","Not Available",144,24.8,-2.6,58.2,125,35,1,"89","91","82","79","86","80","86","76","85","86",117,0.9646,18.2532,18.9225,19,0.162393162393162
"030002",0.809,NA,21857,"Greater Than the National Average Payment","10.5",NA,"Worse Than the National Rate","No Different Than the National Rate","Worse Than the National Value","very high","93","290","4","Not Available","Not Available",294,7.4,-16,32.3,269,94,1,"90","90","81","74","85","79","82","80","87","86",256,0.9959,21.9855,22.0769,56,0.21875
"030006",0.562,NA,20639,"No Different Than the National Average Payment","0.8",NA,"No Different Than the National Rate","No Different Than the National Rate","No Different Than the National Value","very high","95","242","5","Not Available","Not Available",650,16.1,0.7,33.7,567,189,0,"90","88","78","73","84","79","79","70","86","87",562,1.0541,19.49,18.4901,113,0.201067615658363
"030007",NA,NA,18725,"No Different Than the National Average Payment","6.4",NA,"No Different Than the National Rate","No Different Than the National Rate","No Different Than the National Value","medium","87","192","5","91","95",183,-23.1,-44.9,1.1,164,51,1,"91","90","86","74","85","79","89","82","86","83",172,0.8299,16.9609,20.4371,17,0.0988372093023256
"030010",0.78,NA,21308,"No Different Than the National Average Payment","0.9",NA,"No Different Than the National Rate","No Different Than the National Rate","No Different Than the National Value","high","73","196","3","77","81",189,-7.3,-27.4,16.4,176,52,1,"88","89","77","70","82","77","81","73","81","79",153,0.9829,17.7196,18.0282,26,0.169934640522876
"030011",0.277,NA,20119,"No Different Than the National Average Payment","0.8",NA,"No Different Than the National Rate","No Different Than the National Rate","No Different Than the National Value","medium","71","196","3","78","86",183,10.9,-12.3,38.4,160,52,1,"83","84","73","63","80","74","79","72","77","73",167,1.0519,20.1516,19.1573,37,0.221556886227545
"030012",0,NA,18413,"Less Than the National Average Payment","11.9",NA,"No Different Than the National Rate","No Different Than the National Rate","Worse Than the National Value","very high","63","181","1","Not Available","Not Available",453,19,0.2,38.6,400,134,0,"91","87","85","73","85","78","85","74","85","84",365,1.0539,19.3297,18.3412,74,0.202739726027397
"030013",0.567,NA,19722,"No Different Than the National Average Payment","12.2",NA,"No Different Than the National Rate","No Different Than the National Rate","No Different Than the National Value","low","83","220","7","Not Available","Not Available",583,28.7,11,47.5,486,187,0,"88","86","80","69","82","78","89","82","84","83",467,1.0856,20.8895,19.2426,103,0.220556745182013
"030014",1.077,NA,19207,"No Different Than the National Average Payment","2.8",NA,"No Different Than the National Rate","Worse Than the National Rate","No Different Than the National Value","high","90","215","8","97","100",240,7.3,-15,33.9,201,56,1,"91","90","82","75","87","80","88","79","88","86",193,0.976,18.4367,18.8899,34,0.176165803108808
"030016",2.131,NA,17535,"Less Than the National Average Payment","1.3",NA,"No Different Than the National Rate","No Different Than the National Rate","No Different Than the National Value","medium","93","200","7","Not Available","Not Available",188,5.5,-18.4,33.2,153,44,1,"87","87","75","73","84","78","83","79","84","81",145,0.8979,16.4937,18.3699,17,0.117241379310345
"030023",0.264,NA,19908,"No Different Than the National Average Payment","1.2",NA,"No Different Than the National Rate","No Different Than the National Rate","No Different Than the National Value","high","93","218","5","93","99",295,-10.1,-30.9,12.6,256,74,1,"91","91","83","77","85","82","82","79","87","87",236,0.9177,18.0684,19.6883,37,0.156779661016949
"030024",0.53,NA,20160,"No Different Than the National Average Payment","2",NA,"Worse Than the National Rate","No Different Than the National Rate","Worse Than the National Value","very high","89","179","4","93","99",223,-0.8,-25.1,25.4,205,61,1,"92","90","81","75","86","81","83","81","90","90",184,0.9488,19.8344,20.9054,33,0.179347826086957
"030036",1.295,NA,21239,"Greater Than the National Average Payment","0.3",NA,"No Different Than the National Rate","Worse Than the National Rate","No Different Than the National Value","very high","85","118","1","98","99",625,-15.9,-30.8,0.2,538,175,1,"92","88","86","77","90","81","86","81","89","89",489,0.9245,18.851,20.3916,87,0.177914110429448
"030038",0.803,NA,20334,"No Different Than the National Average Payment","0.1",NA,"No Different Than the National Rate","No Different Than the National Rate","No Different Than the National Value","high","91","200","5","95","100",344,29,6.8,53.3,299,107,0,"92","90","86","77","87","81","83","78","89","90",288,1.127,20.8681,18.5166,68,0.236111111111111
"030043",NA,NA,21074,"No Different Than the National Average Payment","6.6",NA,"No Different Than the National Rate","No Different Than the National Rate","No Different Than the National Value","medium","84","196","2","83","91",166,24.1,-2.6,55.5,146,48,1,"89","88","79","72","83","78","88","83","84","82",141,1.0398,18.7648,18.0473,29,0.205673758865248
"030055",0.894,NA,17719,"Less Than the National Average Payment","13.9",NA,"No Different Than the National Rate","No Different Than the National Rate","No Different Than the National Value","high","81","223","2","Not Available","Not Available",269,0.6,-19.7,23.2,216,92,1,"89","88","82","74","86","77","88","79","84","83",234,0.9882,20.427,20.672,47,0.200854700854701
"030061",2.189,NA,18980,"No Different Than the National Average Payment","1.1",NA,"No Different Than the National Rate","No Different Than the National Rate","No Different Than the National Value","high","87","236","2","Not Available","Not Available",725,17,0.9,34.7,601,205,0,"87","87","79","69","83","79","77","72","85","84",533,1.0715,21.642,20.1976,120,0.225140712945591
"030062",NA,NA,20855,"No Different Than the National Average Payment","9.9",NA,"Worse Than the National Rate","No Different Than the National Rate","No Different Than the National Value","medium","38","189","2","Not Available","Not Available",172,-9.7,-31.7,14.5,149,44,1,"90","86","83","72","82","77","89","80","86","84",146,0.9987,19.2383,19.2638,28,0.191780821917808
"030064",0.934,NA,21644,"Greater Than the National Average Payment","2.5",NA,"No Different Than the National Rate","No Different Than the National Rate","No Different Than the National Value","very high","94","305","12","Not Available","Not Available",210,8,-19.4,38.9,188,51,1,"88","89","78","75","84","79","83","79","87","87",207,0.9812,20.9064,21.3072,42,0.202898550724638
"030065",0.624,NA,20154,"No Different Than the National Average Payment","1.3",NA,"No Different Than the National Rate","No Different Than the National Rate","No Different Than the National Value","very high","93","254","6","Not Available","Not Available",347,19.3,-1.4,42.4,297,101,1,"88","86","74","70","82","77","77","79","85","83",303,1.0461,19.8079,18.9345,63,0.207920792079208
"030069",NA,NA,20316,"No Different Than the National Average Payment","11.9",NA,"Worse Than the National Rate","No Different Than the National Rate","No Different Than the National Value","medium","49","238","11","99","100",280,23.7,1,50.3,237,81,0,"89","87","79","72","82","76","81","78","82","78",263,1.0188,19.3082,18.9522,52,0.197718631178707
"030083",NA,NA,19196,"No Different Than the National Average Payment","1.2",NA,"No Different Than the National Rate","No Different Than the National Rate","No Different Than the National Value","medium","32","156","5","86","91",65,29.6,-6.3,75.8,62,11,1,"86","84","75","70","78","76","79","78","79","74",48,1.0409,19.4147,18.6512,12,0.25
"030085",0,NA,19165,"No Different Than the National Average Payment","4.3",NA,"No Different Than the National Rate","No Different Than the National Rate","No Different Than the National Value","high","69","220","1","Not Available","Not Available",412,3.1,-14.7,22.6,367,101,1,"86","85","76","71","79","75","77","71","79","77",325,0.9325,16.7699,17.9836,50,0.153846153846154
"030087",0.617,NA,20986,"Greater Than the National Average Payment","0.9",NA,"No Different Than the National Rate","No Different Than the National Rate","No Different Than the National Value","high","89","209","8","97","99",691,-6.6,-21.2,9.3,572,154,1,"92","91","82","74","87","82","83","79","89","89",526,0.9257,17.4916,18.8948,87,0.165399239543726
"030088",1.033,NA,20958,"Greater Than the National Average Payment","1",NA,"No Different Than the National Rate","No Different Than the National Rate","No Different Than the National Value","high","93","260","6","Not Available","Not Available",384,18.5,-2.4,41.4,351,108,1,"88","85","73","70","84","79","83","78","84","83",323,0.9953,19.2924,19.3844,62,0.191950464396285
"030089",0.6,NA,19970,"No Different Than the National Average Payment","0.3",NA,"No Different Than the National Rate","No Different Than the National Rate","No Different Than the National Value","very high","90","252","7","Not Available","Not Available",388,-11.4,-30.9,9.9,333,90,1,"88","88","78","71","82","78","82","80","86","85",306,0.9068,18.4478,20.3433,50,0.163398692810458
"030092",0.935,NA,20014,"No Different Than the National Average Payment","0.9",NA,"No Different Than the National Rate","No Different Than the National Rate","No Different Than the National Value","high","91","206","7","98","100",308,25.8,3.3,51.4,262,81,0,"91","87","79","73","87","80","83","75","88","87",243,1.0403,19.9115,19.1395,51,0.209876543209877
"030093",0.923,NA,17783,"Less Than the National Average Payment","0.8",NA,"No Different Than the National Rate","No Different Than the National Rate","No Different Than the National Value","high","89","227","3","Not Available","Not Available",742,-23.9,-37.2,-9.6,611,174,2,"88","87","78","71","83","79","81","75","84","84",596,0.8706,16.9424,19.4599,92,0.154362416107383
"030094",0.365,NA,22439,"Greater Than the National Average Payment","0.6",NA,"No Different Than the National Rate","No Different Than the National Rate","No Different Than the National Value","very high","78","152","5","85","96",457,14.5,-4.6,35.5,389,125,1,"85","87","76","66","82","76","79","75","80","78",385,1.0177,19.6992,19.3567,77,0.2
"030101",NA,NA,19242,"No Different Than the National Average Payment","4.1",NA,"No Different Than the National Rate","No Different Than the National Rate","No Different Than the National Value","medium","43","157","1","Not Available","Not Available",179,-10.3,-31.7,14.5,153,48,1,"87","83","78","68","75","73","80","74","80","78",162,0.9231,18.704,20.2621,25,0.154320987654321
"030103",0.533,NA,19316,"No Different Than the National Average Payment","2.2",NA,"No Different Than the National Rate","No Different Than the National Rate","Better Than the National Value","high","68","205","1","Not Available","Not Available",917,1.7,-12.7,16.4,763,256,1,"95","94","91","81","93","88","90","90","96","97",719,0.9925,20.6546,20.811,148,0.205841446453408
"030105",NA,NA,20609,"No Different Than the National Average Payment","Not Available",NA,"No Different Than the National Rate","No Different Than the National Rate","No Different Than the National Value","Not Available","92","Not Available","Not Available","81","78",395,-2.8,-20.9,17,356,101,1,"91","88","81","72","84","80","84","76","88","90",345,0.9252,17.4004,18.8063,55,0.159420289855072
"030110",0.893,NA,19801,"No Different Than the National Average Payment","0.8",NA,"No Different Than the National Rate","No Different Than the National Rate","No Different Than the National Value","very high","59","192","5","88","92",165,-10,-33.2,17.1,147,47,1,"84","83","77","66","77","73","72","72","77","73",136,1.0401,20.8681,20.0631,31,0.227941176470588
"030111",2.706,NA,17924,"No Different Than the National Average Payment","2.9",NA,"No Different Than the National Rate","No Different Than the National Rate","No Different Than the National Value","high","95","246","12","Not Available","Not Available",83,-4.8,-33.8,30.5,76,22,1,"88","89","75","75","82","78","75","72","84","82",64,0.9791,19.3554,19.7682,11,0.171875
"030114",NA,NA,19162,"No Different Than the National Average Payment","6.1",NA,"No Different Than the National Rate","No Different Than the National Rate","No Different Than the National Value","medium","67","148","1","Not Available","Not Available",294,0.2,-18.2,19.9,259,82,1,"89","88","80","72","86","79","79","77","85","85",232,1.0059,17.5104,17.4079,41,0.176724137931034
"030115",0.893,NA,19530,"No Different Than the National Average Payment","2.7",NA,"No Different Than the National Rate","No Different Than the National Rate","No Different Than the National Value","very high","92","313","8","Not Available","Not Available",290,19,-4.4,45,245,80,1,"91","91","81","75","85","79","85","85","89","88",225,0.9356,18.3817,19.6477,37,0.164444444444444
"030119",0.326,NA,21171,"Greater Than the National Average Payment","0.7",NA,"No Different Than the National Rate","No Different Than the National Rate","No Different Than the National Value","high","83","215","2","100","100",422,-4.7,-23.2,15.9,339,112,1,"92","89","85","75","87","82","87","84","90","90",306,0.9971,20.9789,21.04,64,0.209150326797386
"030121",0.65,NA,19831,"No Different Than the National Average Payment","2.4",NA,"No Different Than the National Rate","No Different Than the National Rate","No Different Than the National Value","high","74","186","5","Not Available","Not Available",160,1.7,-23,29,150,40,1,"86","87","78","69","83","76","80","80","81","79",126,0.9833,19.1368,19.4625,23,0.182539682539683
"030123",0.645,NA,19506,"No Different Than the National Average Payment","0.4",NA,"No Different Than the National Rate","No Different Than the National Rate","No Different Than the National Value","medium","89","197","4","93","98",374,10,-10.3,32.5,312,96,1,"94","92","85","78","89","83","86","86","92","94",270,1.0318,19.6053,19.0001,55,0.203703703703704
"030146",NA,NA,19138,"No Different Than the National Average Payment","0.2",NA,"No Different Than the National Rate","No Different Than the National Rate","No Different Than the National Value","medium","88","206","2","Not Available","99",79,14.4,-13.5,49.4,66,25,1,"93","92","85","78","86","83","91","88","93","94",50,1.0524,19.3325,18.3697,13,0.26
"030147",NA,NA,21169,"No Different Than the National Average Payment","1",NA,"Number of Cases Too Small","No Different Than the National Rate","No Different Than the National Value","medium","92","181","1","Not Available","Not Available",89,38.9,5.1,81,84,24,0,"90","88","82","74","82","79","83","87","88","87",48,1.025,19.5251,19.0483,11,0.229166666666667
"040004",0.953,NA,22090,"Greater Than the National Average Payment","2.8",NA,"No Different Than the National Rate","No Different Than the National Rate","Better Than the National Value","high","97","206","1","Not Available","Not Available",651,-31.7,-44.7,-18.6,552,169,2,"89","91","83","73","84","80","86","83","88","88",545,0.8484,16.8216,19.8269,81,0.148623853211009
"040007",0.749,NA,21566,"Greater Than the National Average Payment","1.2",NA,"Worse Than the National Rate","No Different Than the National Rate","Worse Than the National Value","medium","91","160","1","Not Available","91",525,-2.9,-19.7,15.3,457,147,1,"88","90","78","71","84","79","73","82","84","82",466,0.9385,18.4931,19.7039,82,0.175965665236052
"040010",0.265,NA,19435,"No Different Than the National Average Payment","10.4",NA,"No Different Than the National Rate","No Different Than the National Rate","No Different Than the National Value","very high","91","171","1","Not Available","99",402,-26.2,-42.1,-9.1,339,112,2,"91","91","84","71","83","81","91","82","90","91",316,0.9309,18.9022,20.3048,55,0.174050632911392
"040011",NA,NA,18131,"No Different Than the National Average Payment","7.5",NA,"Not Available","Number of Cases Too Small","Not Available","low","19","101","1","66","Not Available",102,-9.1,-33.8,20.6,78,22,1,"92","94","87","77","80","80","88","90","90","88",93,1.0457,19.4355,18.586,21,0.225806451612903
"040014",0.595,NA,19010,"No Different Than the National Average Payment","7.4",NA,"No Different Than the National Rate","No Different Than the National Rate","No Different Than the National Value","medium","62","180","6","Not Available","Not Available",388,-2.3,-20.8,17.4,308,101,1,"88","90","81","73","85","78","83","84","86","83",376,1.0996,21.7142,19.7471,88,0.234042553191489
"040016",1.249,NA,19194,"No Different Than the National Average Payment","6.8",NA,"No Different Than the National Rate","No Different Than the National Rate","No Different Than the National Value","high","92","296","4","Not Available","Not Available",275,22.9,-2.6,51.4,228,74,1,"91","91","83","79","86","81","85","85","89","91",229,1.0396,21.9943,21.1556,53,0.231441048034935
"040017",NA,NA,19757,"No Different Than the National Average Payment","9",NA,"No Different Than the National Rate","No Different Than the National Rate","No Different Than the National Value","medium","80","153","5","29","Not Available",65,-30,-53.4,-1,56,13,2,"91","92","85","77","83","80","93","85","87","83",63,1.0227,19.8588,19.4178,14,0.222222222222222
"040020",0.658,NA,22244,"Greater Than the National Average Payment","9.6",NA,"No Different Than the National Rate","No Different Than the National Rate","Worse Than the National Value","high","96","212","5","Not Available","Not Available",409,28.4,8.2,51.1,352,122,0,"90","91","79","70","86","80","81","84","87","88",372,1.1167,22.4443,20.098,91,0.244623655913978
"040022",0.903,NA,21111,"No Different Than the National Average Payment","10.3",NA,"No Different Than the National Rate","No Different Than the National Rate","No Different Than the National Value","medium","68","133","0","Not Available","Not Available",257,-8.8,-29.2,13.9,214,74,1,"90","89","82","74","84","79","88","83","87","86",233,0.9515,19.4417,20.4325,42,0.180257510729614
"040026",0.321,NA,21519,"Greater Than the National Average Payment","10.7",NA,"No Different Than the National Rate","No Different Than the National Rate","Better Than the National Value","high","94","216","4","98","100",658,4.4,-10.5,21.2,557,179,1,"90","89","79","75","84","80","84","81","87","87",584,0.9773,19.0947,19.5381,110,0.188356164383562
"040027",0,NA,18500,"No Different Than the National Average Payment","27",NA,"No Different Than the National Rate","No Different Than the National Rate","No Different Than the National Value","medium","38","157","1","90","90",510,-15.6,-29.5,-0.7,408,136,2,"91","90","84","74","87","80","77","85","89","89",457,1.0468,18.3886,17.5665,87,0.190371991247265
"040029",0.451,NA,19755,"No Different Than the National Average Payment","6.5",NA,"Worse Than the National Rate","No Different Than the National Rate","No Different Than the National Value","medium","96","204","4","Not Available","Not Available",257,-8.1,-27.5,14.1,215,78,1,"92","93","85","77","85","82","84","84","90","89",212,0.9714,19.3059,19.8738,39,0.183962264150943
"040036",0.921,NA,19847,"No Different Than the National Average Payment","4",NA,"No Different Than the National Rate","No Different Than the National Rate","No Different Than the National Value","high","58","248","4","Not Available","Not Available",449,10.9,-6.7,30.5,390,130,1,"87","90","79","70","81","77","68","75","82","81",362,0.9604,18.6922,19.4639,65,0.179558011049724
"040039",NA,NA,21196,"No Different Than the National Average Payment","8",NA,"Not Available","No Different Than the National Rate","No Different Than the National Value","medium","94","158","5","84","90",110,41.1,10.4,77.4,98,28,0,"87","90","78","71","81","75","82","83","84","80",109,1.0348,19.0348,18.3946,23,0.211009174311927
"040041",NA,NA,20455,"No Different Than the National Average Payment","3.4",NA,"No Different Than the National Rate","No Different Than the National Rate","No Different Than the National Value","medium","64","137","4","97","99",186,2.3,-19.6,26.1,157,55,1,"92","91","83","78","87","81","81","82","86","82",169,0.9735,18.7932,19.3056,30,0.177514792899408
"040051",NA,NA,17229,"Less Than the National Average Payment","32.4",NA,"Not Available","No Different Than the National Rate","No Different Than the National Value","low","74","145","6","Not Available","Not Available",148,-0.1,-26.6,28.7,99,37,1,"95","97","86","82","84","82","88","85","90","89",119,1.0134,19.431,19.174,24,0.201680672268908
"040055",1.037,NA,19964,"No Different Than the National Average Payment","11.3",NA,"No Different Than the National Rate","No Different Than the National Rate","Worse Than the National Value","high","61","149","4","Not Available","Not Available",629,14.2,-3.6,32.8,487,189,1,"88","87","79","69","81","77","74","79","83","83",512,1.0196,22.2019,21.7747,115,0.224609375
"040062",0.71,NA,21180,"Greater Than the National Average Payment","7.4",NA,"No Different Than the National Rate","No Different Than the National Rate","No Different Than the National Value","very high","92","196","6","Not Available","99",594,-3.8,-18.7,12.2,500,173,1,"90","88","84","72","83","79","82","76","87","86",530,0.9385,18.9063,20.1453,96,0.181132075471698
"040067",NA,NA,18244,"No Different Than the National Average Payment","6.3",NA,"No Different Than the National Rate","No Different Than the National Rate","No Different Than the National Value","low","74","108","2","50","Not Available",64,7.5,-17.4,36.3,58,16,1,"93","94","87","88","91","83","95","94","89","85",59,1.0209,16.4276,16.0918,11,0.186440677966102
"040071",1.736,NA,18691,"No Different Than the National Average Payment","9.4",NA,"No Different Than the National Rate","No Different Than the National Rate","No Different Than the National Value","high","76","206","5","Not Available","Not Available",352,42.1,18.4,66.9,278,119,0,"89","91","85","75","86","80","82","89","88","85",302,1.0608,21.8553,20.6019,70,0.231788079470199
"040072",NA,NA,19231,"No Different Than the National Average Payment","3.5",NA,"Number of Cases Too Small","Number of Cases Too Small","No Different Than the National Value","low","67","91","3","Not Available","Not Available",51,-15,-38.5,12.5,38,20,1,"Not Available","Not Available","Not Available","Not Available","Not Available","Not Available","Not Available","Not Available","Not Available","Not Available",56,1.0045,19.1101,19.0236,11,0.196428571428571
"040078",0.683,NA,20840,"No Different Than the National Average Payment","10.8",NA,"Worse Than the National Rate","No Different Than the National Rate","No Different Than the National Value","medium","74","189","5","66","94",186,8.7,-14.2,36.6,164,47,1,"86","84","76","67","82","74","82","80","82","81",179,1.0863,20.956,19.292,43,0.240223463687151
"040084",NA,NA,18779,"No Different Than the National Average Payment","6.6",NA,"No Different Than the National Rate","No Different Than the National Rate","No Different Than the National Value","medium","94","155","3","83","90",129,-5.1,-28.8,21.4,113,42,1,"85","90","75","71","83","77","83","84","82","80",116,1.0506,20.4471,19.4627,27,0.232758620689655
"040088",NA,NA,23582,"Greater Than the National Average Payment","10.6",NA,"No Different Than the National Rate","No Different Than the National Rate","No Different Than the National Value","low","75","100","2","Not Available","Not Available",165,-19.6,-40.3,3.3,142,52,1,"Not Available","Not Available","Not Available","Not Available","Not Available","Not Available","Not Available","Not Available","Not Available","Not Available",148,0.9238,19.1054,20.6807,23,0.155405405405405
"040114",0.561,NA,19842,"No Different Than the National Average Payment","4.6",NA,"No Different Than the National Rate","No Different Than the National Rate","No Different Than the National Value","very high","64","180","3","Not Available","Not Available",688,25.2,8,43.7,586,203,0,"90","91","79","73","83","79","72","83","87","87",588,1.026,20.4572,19.9391,122,0.207482993197279
"040118",2.826,NA,19107,"No Different Than the National Average Payment","23.8",NA,"Worse Than the National Rate","No Different Than the National Rate","No Different Than the National Value","high","93","107","1","96","Not Available",677,20.1,3.6,38.2,549,193,0,"92","92","84","75","86","81","86","87","90","91",573,1.0149,19.7247,19.436,114,0.198952879581152
"040119",0,NA,21380,"Greater Than the National Average Payment","1.4",NA,"No Different Than the National Rate","No Different Than the National Rate","Worse Than the National Value","medium","95","130","1","Not Available","Not Available",288,0.8,-19.9,24.7,247,80,1,"91","90","85","78","87","80","86","85","88","85",182,1.006,20.6576,20.5337,38,0.208791208791209
"040134",NA,NA,19969,"No Different Than the National Average Payment","4.5",NA,"No Different Than the National Rate","No Different Than the National Rate","No Different Than the National Value","low","67","201","1","Not Available","Not Available",536,8,-9.4,25.4,463,165,1,"95","95","92","82","85","85","90","89","95","96",473,0.9679,18.4196,19.0296,85,0.179704016913319
"040153",NA,NA,19934,"No Different Than the National Average Payment","6.7",NA,"Not Available","Not Available","Not Available","low","88","102","3","Not Available","Not Available",29,6.3,-28.2,48.5,27,10,1,"Not Available","Not Available","Not Available","Not Available","Not Available","Not Available","Not Available","Not Available","Not Available","Not Available",33,1.0667,20.4027,19.1276,11,0.333333333333333
"040154",NA,NA,20343,"No Different Than the National Average Payment","9.6",NA,"No Different Than the National Rate","No Different Than the National Rate","No Different Than the National Value","medium","64","137","5","Not Available","Not Available",198,45.6,16,78.5,173,63,0,"91","90","84","75","82","81","87","89","88","89",162,1.0291,20.4205,19.8421,35,0.216049382716049
"040161",NA,NA,19588,"No Different Than the National Average Payment","1.6",NA,"No Different Than the National Rate","No Different Than the National Rate","No Different Than the National Value","very high","54","175","0","Not Available","Not Available",98,28.8,0.4,62.1,89,42,0,"95","94","90","83","86","84","92","90","95","95",71,1.0823,22.0752,20.3957,21,0.295774647887324
"050002",NA,NA,19934,"No Different Than the National Average Payment","1.9",NA,"No Different Than the National Rate","No Different Than the National Rate","No Different Than the National Value","medium","83","205","4","Not Available","Not Available",145,7.6,-16,34.5,111,49,1,"88","88","82","70","81","74","87","78","85","82",96,1.0317,21.7433,21.0744,23,0.239583333333333
"050006",0,NA,17267,"Less Than the National Average Payment","8.3",NA,"No Different Than the National Rate","No Different Than the National Rate","No Different Than the National Value","medium","67","195","5","Not Available","Not Available",405,-6.1,-25.6,16.3,332,93,1,"89","89","80","72","87","78","86","72","84","83",309,0.9118,19.1433,20.9956,53,0.171521035598705
"050007",0.332,NA,21083,"Greater Than the National Average Payment","9.3",NA,"No Different Than the National Rate","No Different Than the National Rate","Better Than the National Value","medium","82","195","3","98","99",526,-11.5,-26.6,6,422,138,1,"91","91","82","75","86","82","89","80","90","92",421,0.9234,17.8586,19.341,70,0.166270783847981
"050008",NA,NA,18912,"No Different Than the National Average Payment","8.3",NA,"No Different Than the National Rate","No Different Than the National Rate","No Different Than the National Value","low","86","168","3","97","99",71,24.3,-5,59.5,65,24,1,"90","91","80","71","84","81","88","76","87","86",55,1.016,18.1225,17.8366,11,0.2
"050009",0.845,NA,19919,"No Different Than the National Average Payment","9",NA,"No Different Than the National Rate","No Different Than the National Rate","No Different Than the National Value","medium","68","162","3","Not Available","Not Available",284,-16.7,-35.9,4.5,244,79,1,"92","91","87","76","86","80","87","75","89","89",225,1.0274,21.408,20.8367,50,0.222222222222222
"050013",NA,NA,20815,"No Different Than the National Average Payment","7",NA,"No Different Than the National Rate","No Different Than the National Rate","No Different Than the National Value","low","88","117","1","83","94",173,-2.4,-26.4,24.9,154,56,1,"91","90","86","76","88","80","90","70","90","91",144,0.9648,19.7134,20.4317,26,0.180555555555556
"050014",NA,NA,19925,"No Different Than the National Average Payment","4.6",NA,"No Different Than the National Rate","No Different Than the National Rate","No Different Than the National Value","medium","57","134","1","98","98",129,13.2,-12.9,43.1,115,35,1,"94","92","88","79","89","81","92","84","92","89",96,0.991,18.3187,18.4844,17,0.177083333333333
"050017",0,NA,20074,"No Different Than the National Average Payment","1",NA,"No Different Than the National Rate","No Different Than the National Rate","No Different Than the National Value","high","69","178","2","98","99",469,21.9,3.3,42.2,390,150,0,"91","91","85","77","87","83","88","80","89","89",386,1.0461,20.9785,20.0532,84,0.217616580310881
"050022",1.244,NA,21336,"No Different Than the National Average Payment","2.1",NA,"No Different Than the National Rate","No Different Than the National Rate","No Different Than the National Value","very high","39","185","1","78","99",278,24.4,-1.6,53.3,222,82,1,"88","87","76","70","80","77","83","71","85","83",207,1.1156,25.7288,23.0619,61,0.294685990338164
"050024",0,NA,18929,"No Different Than the National Average Payment","1.9",NA,"No Different Than the National Rate","No Different Than the National Rate","No Different Than the National Value","medium","73","192","4","Not Available","Not Available",88,-12.1,-40.6,22.8,68,26,1,"88","85","81","70","78","75","85","79","82","77",76,1.0213,23.0675,22.5867,19,0.25
"050025",0.957,NA,22725,"Greater Than the National Average Payment","4.9",NA,"No Different Than the National Rate","No Different Than the National Rate","No Different Than the National Value","very high","77","314","4","Not Available","Not Available",552,19.7,-0.4,42.8,436,143,1,"91","92","84","78","89","83","84","78","89","90",446,0.9836,20.4284,20.769,90,0.201793721973094
"050026",0.776,NA,19747,"No Different Than the National Average Payment","3.1",NA,"No Different Than the National Rate","No Different Than the National Rate","No Different Than the National Value","very high","76","200","3","Not Available","99",500,-3.6,-21.5,16,405,125,1,"91","90","81","76","87","81","88","76","87","86",423,0.9697,19.6347,20.2478,81,0.191489361702128
"050030",0.504,NA,17299,"Less Than the National Average Payment","20.4",NA,"No Different Than the National Rate","No Different Than the National Rate","No Different Than the National Value","medium","35","240","14","Not Available","Not Available",309,59.9,33.4,88.6,235,88,0,"84","84","69","68","78","72","76","66","76","70",301,1.3656,26.6684,19.528,102,0.338870431893688
"050036",0.947,NA,20113,"No Different Than the National Average Payment","0.6",NA,"No Different Than the National Rate","No Different Than the National Rate","No Different Than the National Value","very high","79","200","6","93","97",333,4.3,-15.6,25.5,274,114,1,"88","86","80","73","84","79","88","76","86","86",286,1.0258,21.4254,20.887,63,0.22027972027972
"050038",1.061,NA,19586,"No Different Than the National Average Payment","6.5",NA,"No Different Than the National Rate","No Different Than the National Rate","No Different Than the National Value","very high","44","157","0","Not Available","Not Available",663,10.5,-7.4,30.3,513,172,1,"89","89","81","74","85","76","87","74","88","86",561,1.0344,21.1635,20.4606,121,0.215686274509804
"050039",0.218,NA,18039,"Less Than the National Average Payment","8.3",NA,"No Different Than the National Rate","No Different Than the National Rate","No Different Than the National Value","very high","56","204","4","100","99",1365,2.8,-8.6,14.3,1023,378,1,"90","88","82","75","86","79","81","75","89","90",1057,1.0793,20.8994,19.3633,226,0.213812677388836
"050040",1.619,NA,16226,"Less Than the National Average Payment","27.9",NA,"No Different Than the National Rate","No Different Than the National Rate","No Different Than the National Value","very high","59","319","6","81","91",99,-13.7,-42.9,20,75,27,1,"89","91","78","75","84","78","85","73","86","86",68,0.9971,22.3503,22.4151,15,0.220588235294118
"050042",NA,NA,17453,"Less Than the National Average Payment","5.8",NA,"No Different Than the National Rate","No Different Than the National Rate","No Different Than the National Value","medium","77","128","1","98","99",168,-9.3,-30.8,14.9,134,55,1,"92","90","88","79","90","81","92","72","89","86",143,1.0047,20.0623,19.9685,29,0.202797202797203
"050043",0,NA,19972,"No Different Than the National Average Payment","5.4",NA,"No Different Than the National Rate","No Different Than the National Rate","No Different Than the National Value","medium","77","256","3","98","99",573,-25.2,-39.8,-8.8,455,151,2,"89","91","80","73","85","81","87","81","89","89",489,0.965,19.7071,20.421,94,0.192229038854806
"050045",NA,NA,19001,"No Different Than the National Average Payment","6.2",NA,"No Different Than the National Rate","No Different Than the National Rate","No Different Than the National Value","medium","85","259","4","Not Available","Not Available",200,33.1,6.4,62.1,166,66,0,"86","86","77","70","84","79","88","72","82","80",175,0.9941,19.6542,19.7716,34,0.194285714285714
"050047",0.892,NA,21699,"Greater Than the National Average Payment","9.8",NA,"No Different Than the National Rate","No Different Than the National Rate","No Different Than the National Value","medium","88","225","7","97","98",472,8.5,-11.8,30.1,384,116,1,"91","92","84","77","85","81","89","81","91","91",401,1.0244,20.0498,19.5719,82,0.204488778054863
"050055",1.159,NA,20117,"No Different Than the National Average Payment","4",NA,"No Different Than the National Rate","No Different Than the National Rate","No Different Than the National Value","low","87","207","5","96","99",176,4.7,-19.1,33.3,154,48,1,"90","90","80","73","82","79","87","82","88","88",137,1.0434,19.857,19.0318,30,0.218978102189781
"050056",1.029,NA,20791,"No Different Than the National Average Payment","0",NA,"No Different Than the National Rate","No Different Than the National Rate","No Different Than the National Value","very high","54","234","2","Not Available","Not Available",152,16.6,-8.9,46,128,49,1,"86","86","76","68","80","74","86","67","79","77",130,1.0563,20.2598,19.1793,30,0.230769230769231
"050057",1.08,NA,19130,"No Different Than the National Average Payment","4.9",NA,"No Different Than the National Rate","No Different Than the National Rate","No Different Than the National Value","very high","88","275","1","Not Available","Not Available",743,2.7,-13.5,20.4,598,189,1,"89","89","82","78","85","78","83","79","87","86",593,1.0071,21.6729,21.5209,129,0.217537942664418
"050058",0,NA,21829,"Greater Than the National Average Payment","4.1",NA,"No Different Than the National Rate","No Different Than the National Rate","No Different Than the National Value","medium","77","198","3","Not Available","96",372,3.6,-17.5,26,284,106,1,"89","87","80","74","84","79","85","76","87","86",217,1.0804,23.7938,22.024,57,0.262672811059908
"050060",1.069,NA,18639,"No Different Than the National Average Payment","5.7",NA,"No Different Than the National Rate","No Different Than the National Rate","No Different Than the National Value","very high","88","278","1","Not Available","100",564,28.5,9.1,49.4,478,160,0,"87","88","77","73","86","77","84","70","85","84",487,1.0693,21.8634,20.4472,111,0.227926078028747
"050063",0.332,NA,21691,"Greater Than the National Average Payment","3.6",NA,"No Different Than the National Rate","No Different Than the National Rate","No Different Than the National Value","medium","57","270","5","77","Not Available",250,16.6,-9.8,46.2,202,62,1,"85","85","76","71","80","72","80","74","83","79",210,1.0391,21.6182,20.8037,48,0.228571428571429
"050069",0.957,NA,19996,"No Different Than the National Average Payment","6.8",NA,"No Different Than the National Rate","No Different Than the National Rate","No Different Than the National Value","very high","76","219","2","Not Available","98",370,6.7,-12.8,29.5,316,106,1,"91","90","82","75","87","82","87","81","90","90",299,0.9943,20.1933,20.3081,60,0.20066889632107
"050075",0.656,NA,17590,"Less Than the National Average Payment","0.9",NA,"No Different Than the National Rate","No Different Than the National Rate","No Different Than the National Value","Not Available","65","Not Available","Not Available","Not Available","Not Available",125,7.4,-18.5,38.5,93,37,1,"89","91","78","72","84","79","85","76","88","87",96,1.0649,20.6085,19.352,24,0.25
"050077",0.528,NA,19396,"No Different Than the National Average Payment","3.7",NA,"No Different Than the National Rate","No Different Than the National Rate","No Different Than the National Value","very high","86","192","4","97","99",487,-28.9,-44.8,-10.7,393,124,2,"90","90","79","75","86","81","85","73","86","85",230,0.9762,21.5875,22.1147,48,0.208695652173913
"050078",NA,NA,18873,"No Different Than the National Average Payment","7.7",NA,"No Different Than the National Rate","No Different Than the National Rate","No Different Than the National Value","high","69","176","2","Not Available","97",95,8.2,-20.9,43.1,83,25,1,"90","92","83","78","87","81","90","78","88","87",65,1.0337,19.6901,19.0483,15,0.230769230769231
"050082",1.173,NA,20914,"Greater Than the National Average Payment","2.3",NA,"No Different Than the National Rate","No Different Than the National Rate","No Different Than the National Value","high","62","172","2","84","96",663,-5,-20.7,12.6,515,170,1,"89","89","79","74","86","79","84","77","86","84",512,1.0174,22.0367,21.6602,114,0.22265625
"050084",1.397,NA,19440,"No Different Than the National Average Payment","9.9",NA,"No Different Than the National Rate","No Different Than the National Rate","No Different Than the National Value","very high","77","209","2","96","97",451,1.3,-17.1,20.5,375,135,1,"91","91","83","78","88","82","83","70","87","87",315,0.9771,20.4948,20.9753,63,0.2
"050091",NA,NA,18285,"No Different Than the National Average Payment","0.9",NA,"Number of Cases Too Small","No Different Than the National Rate","No Different Than the National Value","medium","74","210","7","61","83",78,-15.2,-44.5,17.8,59,19,1,"79","77","66","59","72","74","84","66","77","73",67,1.0479,23.528,22.4522,19,0.283582089552239
"050093",0.697,NA,19058,"No Different Than the National Average Payment","7.9",NA,"No Different Than the National Rate","No Different Than the National Rate","No Different Than the National Value","very high","90","318","2","Not Available","94",886,23.5,6.7,39.8,724,240,0,"87","86","78","71","84","76","85","76","85","84",721,1.1226,22.7654,20.2798,172,0.238557558945908
"050099",0.433,NA,22224,"Greater Than the National Average Payment","4.9",NA,"Worse Than the National Rate","No Different Than the National Rate","No Different Than the National Value","very high","76","225","2","Not Available","Not Available",312,-2.5,-22.4,19.7,263,81,1,"89","87","79","72","83","78","84","77","86","86",265,1.0137,20.032,19.7608,54,0.20377358490566
"050100",0.498,NA,18558,"No Different Than the National Average Payment","0.1",NA,"No Different Than the National Rate","No Different Than the National Rate","Worse Than the National Value","very high","77","216","3","Not Available","98",433,-1.1,-19.3,19.3,363,112,1,"92","90","82","77","88","82","87","83","90","91",354,0.9638,18.7692,19.475,64,0.180790960451977
"050101",NA,NA,21301,"No Different Than the National Average Payment","2.5",NA,"No Different Than the National Rate","No Different Than the National Rate","No Different Than the National Value","medium","81","151","2","98","99",149,-6.6,-29.7,20.1,117,45,1,"91","90","80","74","88","80","83","75","87","87",142,0.927,17.5488,18.93,20,0.140845070422535
"050102",0,NA,21114,"No Different Than the National Average Payment","1.1",NA,"No Different Than the National Rate","No Different Than the National Rate","No Different Than the National Value","high","77","202","2","Not Available","Not Available",81,48.6,12.6,89.4,73,32,0,"89","90","83","73","85","79","90","79","86","82",56,1.1182,25.0129,22.3682,22,0.392857142857143
"050103",0.551,NA,21578,"Greater Than the National Average Payment","13.4",NA,"No Different Than the National Rate","No Different Than the National Rate","No Different Than the National Value","very high","96","196","2","87","91",192,-2.9,-28,25.2,142,55,1,"88","87","78","71","82","76","82","75","82","82",157,1.0588,23.5993,22.2883,41,0.261146496815287
"050104",0.397,NA,19206,"No Different Than the National Average Payment","4.3",NA,"No Different Than the National Rate","No Different Than the National Rate","No Different Than the National Value","very high","31","276","2","Not Available","Not Available",151,-0.7,-26.9,27.9,120,45,1,"86","86","79","69","80","73","84","80","85","81",129,1.0638,23.7881,22.3605,35,0.271317829457364
"050107",0.4,NA,18824,"No Different Than the National Average Payment","6.8",NA,"No Different Than the National Rate","No Different Than the National Rate","No Different Than the National Value","very high","79","173","5","92","96",523,13.9,-2.9,31.1,440,171,1,"90","90","82","76","87","79","89","78","87","86",424,1.1285,21.9115,19.4166,101,0.238207547169811
"050108",0.248,NA,20450,"No Different Than the National Average Payment","0.5",NA,"No Different Than the National Rate","No Different Than the National Rate","Better Than the National Value","very high","72","181","1","Not Available","99",600,5.1,-11.2,22.9,505,172,1,"91","91","81","76","89","82","89","77","89","90",508,1.0094,20.1531,19.9651,103,0.202755905511811
"050110",NA,NA,18658,"No Different Than the National Average Payment","7.8",NA,"No Different Than the National Rate","No Different Than the National Rate","No Different Than the National Value","medium","70","158","4","Not Available","Not Available",94,11.5,-11.4,42.6,85,33,1,"88","87","79","76","88","78","91","73","82","78",73,0.9868,17.6148,17.8501,12,0.164383561643836
"050112",0.811,NA,22093,"Greater Than the National Average Payment","1.3",NA,"No Different Than the National Rate","No Different Than the National Rate","No Different Than the National Value","high","62","245","3","100","100",406,14.1,-7.5,39.8,324,107,1,"90","90","79","74","84","80","87","77","89","90",320,1.0456,22.1798,21.2125,74,0.23125
"050115",0.397,NA,19505,"No Different Than the National Average Payment","0",NA,"No Different Than the National Rate","No Different Than the National Rate","No Different Than the National Value","very high","59","260","3","Not Available","93",360,-11.6,-28.8,8,305,107,1,"89","88","77","72","86","79","81","77","87","86",293,0.9872,19.7461,20.0015,57,0.194539249146758
"050116",0.817,NA,22996,"Greater Than the National Average Payment","1.3",NA,"No Different Than the National Rate","No Different Than the National Rate","No Different Than the National Value","very high","64","214","1","Not Available","98",434,25.5,3,49.3,350,118,0,"91","89","81","74","86","79","87","74","87","87",251,0.9802,21.6574,22.0953,53,0.211155378486056
"050118",NA,NA,18634,"No Different Than the National Average Payment","7",NA,"Number of Cases Too Small","No Different Than the National Rate","No Different Than the National Value","medium","75","160","3","77","90",118,18.6,-8.8,52.8,105,40,1,"90","87","82","74","85","79","87","72","84","81",101,0.982,18.998,19.3453,18,0.178217821782178
"050121",0.361,NA,17698,"Less Than the National Average Payment","10.9",NA,"No Different Than the National Rate","No Different Than the National Rate","No Different Than the National Value","very high","77","191","1","Not Available","97",311,9,-11.2,30.7,253,89,1,"89","87","76","70","87","76","91","77","85","82",279,1.1036,21.6296,19.5993,67,0.240143369175627
"050122",NA,NA,19302,"No Different Than the National Average Payment","0.8",NA,"No Different Than the National Rate","No Different Than the National Rate","No Different Than the National Value","medium","80","144","4","Not Available","Not Available",97,-14.3,-38.1,13.5,82,38,1,"87","86","72","70","84","74","87","68","82","82",78,1.0597,21.8655,20.6342,21,0.269230769230769
"050124",2.095,NA,20950,"No Different Than the National Average Payment","6.4",NA,"No Different Than the National Rate","No Different Than the National Rate","No Different Than the National Value","medium","78","208","5","95","98",245,8.5,-15.1,34.4,203,64,1,"91","90","82","74","80","79","88","68","87","86",181,1.0447,20.4954,19.6179,40,0.220994475138122
"050125",1.184,NA,17678,"Less Than the National Average Payment","0.7",NA,"No Different Than the National Rate","No Different Than the National Rate","No Different Than the National Value","very high","49","159","2","91","100",397,38.8,17.5,61.4,309,116,0,"87","85","78","71","85","77","88","77","84","82",339,1.1844,22.3088,18.8355,87,0.256637168141593
"050126",0.363,NA,21978,"Greater Than the National Average Payment","4.6",NA,"No Different Than the National Rate","No Different Than the National Rate","No Different Than the National Value","high","71","258","9","Not Available","Not Available",274,16.1,-9.5,45.2,213,73,1,"88","86","81","74","85","78","84","75","87","85",226,1.0669,23.2418,21.7844,57,0.252212389380531
"050128",0.779,NA,20969,"No Different Than the National Average Payment","0.8",NA,"No Different Than the National Rate","No Different Than the National Rate","No Different Than the National Value","high","81","277","4","Not Available","Not Available",184,-4,-26.8,22.5,163,49,1,"85","85","79","66","80","75","82","73","79","76",146,0.9731,18.3427,18.8492,25,0.171232876712329
"050129",0.701,NA,18526,"No Different Than the National Average Payment","3.1",NA,"No Different Than the National Rate","No Different Than the National Rate","No Different Than the National Value","very high","65","182","1","Not Available","95",172,-0.1,-23.4,26.1,149,55,1,"90","89","79","74","84","80","87","78","87","86",101,1.056,21.1399,20.0192,25,0.247524752475248
"050131",NA,NA,19513,"No Different Than the National Average Payment","5.3",NA,"No Different Than the National Rate","No Different Than the National Rate","No Different Than the National Value","low","88","156","2","100","100",114,1.6,-22.4,30.6,91,32,1,"92","94","85","80","92","84","89","79","91","92",92,0.9923,19.0307,19.1779,17,0.184782608695652
"050132",0.542,NA,22074,"Greater Than the National Average Payment","2.6",NA,"No Different Than the National Rate","No Different Than the National Rate","No Different Than the National Value","medium","76","150","4","Not Available","Not Available",144,28.5,-4.9,65.1,132,42,1,"91","91","83","78","85","81","88","77","88","85",115,0.9816,21.9772,22.3891,24,0.208695652173913
"050133",1.574,NA,21383,"Greater Than the National Average Payment","3.5",NA,"No Different Than the National Rate","No Different Than the National Rate","No Different Than the National Value","very high","93","184","2","Not Available","98",757,28.3,11,47.3,573,207,0,"89","88","79","75","87","76","84","74","81","78",608,1.0693,21.2989,19.919,134,0.220394736842105
"050135",0,NA,25827,"Greater Than the National Average Payment","0.9",NA,"No Different Than the National Rate","No Different Than the National Rate","No Different Than the National Value","medium","90","237","2","Not Available","Not Available",145,66.1,27.2,108.7,139,50,0,"81","77","67","58","74","70","79","68","71","65",106,1.0855,25.6084,23.5915,33,0.311320754716981
"050136",NA,NA,20193,"No Different Than the National Average Payment","3.1",NA,"No Different Than the National Rate","No Different Than the National Rate","No Different Than the National Value","low","68","182","3","Not Available","98",118,-19.9,-43.1,6.5,106,34,1,"90","90","80","70","84","81","90","72","86","85",105,0.9014,18.9833,21.0606,13,0.123809523809524
"050145",0.484,NA,21900,"Greater Than the National Average Payment","5.7",NA,"Worse Than the National Rate","No Different Than the National Rate","Worse Than the National Value","high","75","182","1","Not Available","Not Available",675,10.5,-5.7,28.5,567,187,1,"92","91","86","78","83","83","89","80","91","92",529,0.9618,18.0605,18.7784,93,0.175803402646503
"050149",0.967,NA,18212,"No Different Than the National Average Payment","0",NA,"No Different Than the National Rate","No Different Than the National Rate","No Different Than the National Value","very high","73","248","2","Not Available","98",92,-4,-33.2,32.1,82,30,1,"85","83","78","71","82","77","84","73","84","81",64,0.9629,21.2219,22.0399,11,0.171875
"050150",NA,NA,18868,"No Different Than the National Average Payment","7.4",NA,"No Different Than the National Rate","No Different Than the National Rate","No Different Than the National Value","medium","81","164","2","77","91",278,-12.1,-29.1,5.4,232,79,1,"92","90","83","79","88","79","86","71","85","82",236,1.0817,19.0174,17.5808,50,0.211864406779661
"050152",0.89,NA,19495,"No Different Than the National Average Payment","8.1",NA,"No Different Than the National Rate","No Different Than the National Rate","No Different Than the National Value","medium","67","146","2","98","96",73,49.9,10.2,95,56,20,0,"87","89","77","75","84","77","85","76","86","84",63,1.0538,21.3477,20.2576,17,0.26984126984127
"050158",NA,NA,22310,"Greater Than the National Average Payment","3.4",NA,"Number of Cases Too Small","No Different Than the National Rate","No Different Than the National Value","low","60","150","4","Not Available","Not Available",94,3.2,-27.9,41.8,85,30,1,"81","86","71","61","74","72","82","67","78","75",78,0.9912,22.5825,22.7835,17,0.217948717948718
"050159",2.313,NA,18518,"No Different Than the National Average Payment","5.7",NA,"Not Available","No Different Than the National Rate","No Different Than the National Value","very high","84","174","2","74","92",128,0.1,-23.8,27.2,105,40,1,"87","88","77","71","83","78","85","74","85","83",100,1.0342,19.7741,19.1199,22,0.22
"050167",1.249,NA,18637,"No Different Than the National Average Payment","1.2",NA,"No Different Than the National Rate","No Different Than the National Rate","No Different Than the National Value","high","60","226","2","Not Available","99",104,-12.1,-34.1,15.3,81,37,1,"85","87","76","68","82","72","81","69","83","81",82,1.0836,20.3385,18.7686,22,0.268292682926829
"050168",0.504,NA,23328,"Greater Than the National Average Payment","5.7",NA,"No Different Than the National Rate","No Different Than the National Rate","Better Than the National Value","very high","71","254","2","Not Available","99",405,11.7,-7.2,33.8,345,116,1,"91","90","82","76","86","83","90","80","91","91",310,1.0614,21.2862,20.054,70,0.225806451612903
"050169",0.44,NA,18603,"No Different Than the National Average Payment","8.1",NA,"No Different Than the National Rate","Worse Than the National Rate","No Different Than the National Value","very high","73","232","3","Not Available","Not Available",362,2.6,-17.6,26.9,273,92,1,"91","90","86","79","86","81","90","81","91","91",333,1.0424,21.3779,20.5089,74,0.222222222222222
"050174",1.381,NA,19553,"No Different Than the National Average Payment","4",NA,"No Different Than the National Rate","No Different Than the National Rate","No Different Than the National Value","medium","65","185","4","Not Available","99",598,0.1,-15.7,17.9,492,154,1,"89","88","78","70","87","77","87","69","84","84",491,0.893,17.5994,19.7087,79,0.160896130346232
"050179",0,NA,18519,"No Different Than the National Average Payment","0.7",NA,"Number of Cases Too Small","No Different Than the National Rate","No Different Than the National Value","very high","48","213","3","88","90",424,10.5,-7.5,30.2,317,114,1,"86","84","75","69","81","75","85","70","81","79",334,1.086,21.3925,19.6992,77,0.230538922155689
"050180",0.749,NA,19585,"No Different Than the National Average Payment","8.2",NA,"No Different Than the National Rate","No Different Than the National Rate","No Different Than the National Value","very high","66","180","1","Not Available","94",719,-9,-23.8,7.9,594,169,1,"89","89","81","71","84","80","84","79","88","90",591,0.959,19.0829,19.8992,110,0.186125211505922
"050191",1.305,NA,21653,"No Different Than the National Average Payment","4.6",NA,"No Different Than the National Rate","No Different Than the National Rate","No Different Than the National Value","high","64","144","3","Not Available","94",113,-14.3,-41.3,17.6,95,26,1,"89","87","79","75","85","78","90","78","86","84",63,1.0443,22.2477,21.3042,17,0.26984126984127
"050194",NA,NA,19703,"No Different Than the National Average Payment","1.7",NA,"No Different Than the National Rate","No Different Than the National Rate","No Different Than the National Value","medium","62","145","3","Not Available","Not Available",126,41.1,13.1,74.9,107,42,0,"88","88","83","74","83","79","81","77","84","83",99,1.1108,20.2842,18.2612,27,0.272727272727273
"050195",0.849,NA,19086,"No Different Than the National Average Payment","4",NA,"Worse Than the National Rate","No Different Than the National Rate","No Different Than the National Value","high","80","167","1","97","100",550,53.6,32.2,75.4,405,156,0,"91","90","81","76","87","82","90","78","89","88",419,1.1691,22.3197,19.0918,104,0.248210023866348
"050197",NA,NA,18656,"No Different Than the National Average Payment","6.3",NA,"No Different Than the National Rate","No Different Than the National Rate","No Different Than the National Value","low","79","128","1","97","98",283,-34.7,-50.1,-16.6,235,66,2,"92","92","83","75","88","82","89","83","90","91",231,0.9772,17.9638,18.3829,40,0.173160173160173
"050204",0.42,NA,20475,"No Different Than the National Average Payment","0.9",NA,"No Different Than the National Rate","No Different Than the National Rate","No Different Than the National Value","very high","62","180","2","88","98",151,6.1,-20.4,38.3,128,50,1,"88","87","78","69","82","76","86","81","87","87",138,1.1433,24.4616,21.3949,43,0.311594202898551
"050211",0,NA,20702,"No Different Than the National Average Payment","2.1",NA,"No Different Than the National Rate","No Different Than the National Rate","No Different Than the National Value","low","72","151","1","Not Available","99",95,18.7,-11.7,53.2,82,20,1,"87","89","79","71","82","77","82","72","86","84",87,0.977,17.8179,18.2368,14,0.160919540229885
"050222",0.554,NA,18429,"No Different Than the National Average Payment","0",NA,"No Different Than the National Rate","No Different Than the National Rate","No Different Than the National Value","very high","79","198","3","Not Available","97",396,5.6,-15.3,28.2,330,92,1,"90","89","83","75","86","83","87","81","88","88",324,1.0004,20.3611,20.3521,66,0.203703703703704
"050224",0.574,NA,20334,"No Different Than the National Average Payment","6",NA,"No Different Than the National Rate","No Different Than the National Rate","No Different Than the National Value","very high","81","224","1","93","Not Available",902,-5.4,-18.1,9.3,758,227,1,"91","91","81","77","86","82","90","81","92","93",715,0.9892,18.9806,19.1871,135,0.188811188811189
"050226",1.178,NA,22000,"Greater Than the National Average Payment","3.2",NA,"No Different Than the National Rate","No Different Than the National Rate","No Different Than the National Value","medium","86","150","1","Not Available","Not Available",111,39.9,7.1,76.3,98,34,0,"87","87","81","70","81","77","86","75","83","80",118,1.0774,21.2149,19.691,30,0.254237288135593
"050228",0.257,NA,18789,"No Different Than the National Average Payment","5.7",NA,"No Different Than the National Rate","No Different Than the National Rate","No Different Than the National Value","high","92","301","7","90","98",248,27.1,2.1,55.3,201,74,0,"89","90","81","74","84","79","87","79","89","88",202,1.0244,20.0006,19.525,42,0.207920792079208
"050230",NA,NA,20431,"No Different Than the National Average Payment","0.8",NA,"Not Available","No Different Than the National Rate","No Different Than the National Value","medium","84","136","1","Not Available","Not Available",75,3.2,-25.1,36.7,70,24,1,"85","83","80","67","76","72","86","74","82","76",64,1.0336,21.5276,20.8275,16,0.25
"050231",0.46,NA,19217,"No Different Than the National Average Payment","4.6",NA,"No Different Than the National Rate","No Different Than the National Rate","Better Than the National Value","very high","72","216","1","Not Available","Not Available",325,-18.4,-35.8,2.3,273,82,1,"90","87","81","74","83","78","88","73","87","86",237,1.022,20.0634,19.6309,49,0.206751054852321
"050232",NA,NA,20269,"No Different Than the National Average Payment","2.4",NA,"Better Than the National Rate","No Different Than the National Rate","Better Than the National Value","medium","79","177","1","94","98",379,0.4,-18.5,21.4,318,108,1,"92","91","85","76","89","81","86","69","88","90",268,1.0435,20.9566,20.0837,59,0.220149253731343
"050235",0.25,NA,19480,"No Different Than the National Average Payment","1",NA,"No Different Than the National Rate","No Different Than the National Rate","No Different Than the National Value","very high","77","202","3","Not Available","94",608,48.8,27,71.7,476,165,0,"90","87","80","73","81","78","86","78","87","86",497,1.1731,23.7485,20.244,129,0.259557344064386
"050236",1.55,NA,20243,"No Different Than the National Average Payment","0",NA,"No Different Than the National Rate","No Different Than the National Rate","No Different Than the National Value","high","93","149","1","97","99",275,34.1,9.4,61.7,207,77,0,"91","87","81","71","85","79","91","78","87","86",207,1.1346,23.3939,20.6193,57,0.27536231884058
"050238",0.52,NA,22791,"Greater Than the National Average Payment","1.2",NA,"No Different Than the National Rate","No Different Than the National Rate","No Different Than the National Value","high","88","288","3","Not Available","Not Available",430,1.8,-17.7,22.4,343,102,1,"88","89","76","69","83","78","84","76","85","83",361,1.034,21.2579,20.5586,79,0.218836565096953
"050239",1.047,NA,21736,"Greater Than the National Average Payment","6.6",NA,"No Different Than the National Rate","No Different Than the National Rate","Better Than the National Value","high","94","221","1","90","98",840,4.5,-11.5,22.2,649,201,1,"89","88","80","75","85","80","89","75","86","85",666,1.0635,22.6422,21.2913,155,0.232732732732733
"050242",0,NA,19814,"No Different Than the National Average Payment","1.4",NA,"No Different Than the National Rate","No Different Than the National Rate","No Different Than the National Value","high","91","202","1","Not Available","Not Available",563,-2.9,-18.7,13.7,470,140,1,"91","91","81","77","87","80","88","67","86","87",443,1.0045,18.669,18.5847,83,0.187358916478555
"050243",0.51,NA,20056,"No Different Than the National Average Payment","10.7",NA,"No Different Than the National Rate","No Different Than the National Rate","No Different Than the National Value","very high","54","182","1","87","98",186,48.6,19.1,83.5,151,62,0,"87","85","77","72","80","76","81","68","83","83",156,1.0278,22.5046,21.8961,37,0.237179487179487
"050245",0.719,NA,17789,"No Different Than the National Average Payment","3.9",NA,"No Different Than the National Rate","No Different Than the National Rate","No Different Than the National Value","very high","71","194","3","Not Available","Not Available",76,0.1,-32.1,38.3,66,22,1,"88","87","75","74","83","77","79","76","85","82",73,0.9632,21.327,22.1418,13,0.178082191780822
"050248",0,NA,18447,"No Different Than the National Average Payment","1.5",NA,"No Different Than the National Rate","No Different Than the National Rate","No Different Than the National Value","high","57","141","1","82","50",96,-8.7,-34.3,20.7,84,28,1,"88","89","79","76","86","79","86","71","86","86",67,1.0407,19.9293,19.1497,16,0.238805970149254
"050254",NA,NA,18093,"Less Than the National Average Payment","4.8",NA,"No Different Than the National Rate","No Different Than the National Rate","No Different Than the National Value","medium","65","174","2","Not Available","Not Available",288,-18.5,-34.5,-0.5,224,97,2,"92","90","83","74","85","79","91","74","89","89",231,1.0295,20.3752,19.7922,49,0.212121212121212
"050261",3.457,NA,18482,"No Different Than the National Average Payment","3.8",NA,"No Different Than the National Rate","No Different Than the National Rate","No Different Than the National Value","medium","81","188","1","79","79",145,-8.2,-33.5,19.7,117,42,1,"90","89","80","76","84","79","82","77","85","81",142,0.997,21.9753,22.0412,31,0.21830985915493
"050262",0.361,NA,24601,"Greater Than the National Average Payment","12.1",NA,"Better Than the National Rate","Worse Than the National Rate","No Different Than the National Value","high","52","326","9","99","100",423,2,-19.7,25.6,352,106,1,"90","92","82","75","87","82","86","74","90","91",344,0.9754,21.4222,21.9614,72,0.209302325581395
"050272",0.913,NA,19824,"No Different Than the National Average Payment","11.2",NA,"No Different Than the National Rate","No Different Than the National Rate","No Different Than the National Value","high","78","208","1","Not Available","Not Available",82,-28.6,-50.2,-2.7,75,28,2,"90","90","83","76","86","80","89","78","90","91",80,0.9636,18.0367,18.7182,12,0.15
"050276",0,NA,17641,"No Different Than the National Average Payment","9.1",NA,"No Different Than the National Rate","No Different Than the National Rate","No Different Than the National Value","medium","69","230","7","97","Not Available",89,3.2,-25.4,36.6,69,24,1,"91","91","84","78","87","81","90","75","89","89",72,1.0069,20.1922,20.0535,15,0.208333333333333
"050278",0.224,NA,20011,"No Different Than the National Average Payment","5.4",NA,"No Different Than the National Rate","No Different Than the National Rate","No Different Than the National Value","very high","56","134","3","Not Available","100",506,17.1,-3.3,38.9,383,130,1,"91","90","85","76","87","81","88","75","89","89",384,0.9714,21.3459,21.9732,80,0.208333333333333
"050280",0.495,NA,18098,"Less Than the National Average Payment","2.1",NA,"No Different Than the National Rate","No Different Than the National Rate","Worse Than the National Value","high","78","205","2","92","98",508,-5.7,-21.2,11.8,418,127,1,"90","88","83","73","88","79","85","69","86","88",397,1.0187,20.5937,20.2158,83,0.209068010075567
"050283",0.984,NA,20460,"No Different Than the National Average Payment","4.4",NA,"No Different Than the National Rate","No Different Than the National Rate","No Different Than the National Value","medium","90","205","5","Not Available","99",399,1,-19.6,23.2,310,97,1,"91","92","81","74","90","83","85","74","89","90",314,0.9396,19.1479,20.3788,56,0.178343949044586
"050289",NA,NA,20621,"No Different Than the National Average Payment","11.7",NA,"No Different Than the National Rate","No Different Than the National Rate","No Different Than the National Value","low","67","166","4","Not Available","Not Available",167,12.4,-11.1,39.7,145,48,1,"87","86","78","69","80","76","79","74","81","78",158,1.0628,20.2388,19.0431,36,0.227848101265823
"050290",1.836,NA,20882,"No Different Than the National Average Payment","2.7",NA,"No Different Than the National Rate","No Different Than the National Rate","No Different Than the National Value","medium","80","212","3","Not Available","98",413,-9.7,-27.9,10.6,344,109,1,"90","90","77","72","85","81","87","82","89","89",321,0.9963,19.7036,19.7775,63,0.196261682242991
"050291",0.448,NA,21385,"Greater Than the National Average Payment","1.6",NA,"No Different Than the National Rate","No Different Than the National Rate","No Different Than the National Value","medium","76","234","7","99","99",301,1.2,-19.6,24.6,244,83,1,"91","91","84","77","88","82","85","82","90","92",211,0.9555,18.4801,19.3413,36,0.170616113744076
"050292",1.174,NA,20226,"No Different Than the National Average Payment","7.4",NA,"No Different Than the National Rate","No Different Than the National Rate","No Different Than the National Value","very high","73","238","0","99","Not Available",154,56.1,22.6,93.9,136,51,0,"87","88","77","72","86","81","80","73","86","83",123,1.0888,23.6733,21.743,35,0.284552845528455
"050295",1.712,NA,19668,"No Different Than the National Average Payment","0.1",NA,"No Different Than the National Rate","No Different Than the National Rate","No Different Than the National Value","very high","70","226","3","96","99",153,21.8,-5,52.5,134,41,1,"89","88","78","80","83","78","84","74","86","86",98,0.9898,19.0576,19.2536,18,0.183673469387755
"050300",0.872,NA,19131,"No Different Than the National Average Payment","1.3",NA,"No Different Than the National Rate","No Different Than the National Rate","No Different Than the National Value","very high","61","177","1","Not Available","97",312,39.8,13.3,68.5,250,86,0,"84","83","73","66","83","74","83","69","79","77",269,1.0309,22.2739,21.6062,62,0.230483271375465
"050301",NA,NA,17844,"No Different Than the National Average Payment","5.9",NA,"No Different Than the National Rate","No Different Than the National Rate","No Different Than the National Value","medium","91","130","2","93","99",185,-29.1,-47.9,-7.2,149,56,2,"90","88","82","73","88","77","88","66","83","81",143,0.9683,18.2566,18.8545,24,0.167832167832168
"050305",0.577,NA,18370,"No Different Than the National Average Payment","2.7",NA,"No Different Than the National Rate","No Different Than the National Rate","No Different Than the National Value","medium","64","236","3","96","97",218,-40.1,-58.5,-18.4,179,51,2,"87","88","74","70","81","77","81","72","83","82",174,0.9495,19.2215,20.2442,30,0.172413793103448
"050308",0.464,NA,19915,"No Different Than the National Average Payment","4",NA,"No Different Than the National Rate","No Different Than the National Rate","No Different Than the National Value","very high","62","169","0","95","99",909,-11.6,-24.5,2.1,711,190,1,"91","91","82","75","87","82","87","76","89","91",702,0.99,17.8994,18.0807,125,0.178062678062678
"050309",0.74,NA,17645,"Less Than the National Average Payment","1.1",NA,"No Different Than the National Rate","No Different Than the National Rate","No Different Than the National Value","very high","45","223","1","Not Available","100",811,0.9,-12.9,16,684,221,1,"90","89","84","73","85","81","86","77","89","90",610,0.9234,18.234,19.7458,106,0.173770491803279
"050313",NA,NA,19585,"No Different Than the National Average Payment","5.8",NA,"No Different Than the National Rate","No Different Than the National Rate","No Different Than the National Value","medium","72","176","7","Not Available","100",133,-44.4,-65.5,-20.5,114,38,2,"89","89","78","72","85","82","89","76","87","85",110,0.9142,20.0626,21.9462,16,0.145454545454545
"050320",0.39,NA,18362,"No Different Than the National Average Payment","5.5",NA,"No Different Than the National Rate","No Different Than the National Rate","No Different Than the National Value","very high","71","194","8","Not Available","97",229,-3.9,-25.7,20.9,190,61,1,"87","89","79","73","83","75","83","77","87","86",180,0.967,18.448,19.0782,31,0.172222222222222
"050324",0.661,NA,20204,"No Different Than the National Average Payment","2",NA,"Worse Than the National Rate","Worse Than the National Rate","Worse Than the National Value","high","87","196","2","96","100",915,-1.7,-16,14,756,212,1,"92","92","84","77","87","83","89","83","91","92",545,0.9405,17.981,19.1185,94,0.172477064220183
"050327",0.449,NA,18537,"No Different Than the National Average Payment","6.9",NA,"No Different Than the National Rate","No Different Than the National Rate","Better Than the National Value","very high","69","416","4","99","100",402,5.3,-13.3,26.7,332,122,1,"91","90","84","76","87","80","88","81","91","92",330,0.9901,20.2021,20.4037,66,0.2
"050329",0,NA,21434,"No Different Than the National Average Payment","3.8",NA,"No Different Than the National Rate","No Different Than the National Rate","No Different Than the National Value","high","52","205","1","78","92",155,19.9,-9.6,52.8,131,40,1,"88","88","78","73","82","76","81","68","82","80",116,1.002,20.5745,20.534,24,0.206896551724138
"050334",0,NA,18322,"Less Than the National Average Payment","3.7",NA,"No Different Than the National Rate","No Different Than the National Rate","No Different Than the National Value","very high","85","167","2","Not Available","Not Available",682,-21.2,-34.7,-7.5,538,169,2,"91","91","86","80","88","82","92","74","89","90",522,0.9113,17.8312,19.5678,87,0.166666666666667
"050335",NA,NA,18671,"No Different Than the National Average Payment","7.7",NA,"No Different Than the National Rate","No Different Than the National Rate","No Different Than the National Value","medium","84","184","2","Not Available","91",277,-8.2,-25.7,11.5,234,92,1,"92","91","86","75","89","80","84","74","87","86",245,1.0407,19.3436,18.5878,50,0.204081632653061
"050336",1.483,NA,18038,"Less Than the National Average Payment","1.8",NA,"No Different Than the National Rate","No Different Than the National Rate","No Different Than the National Value","high","87","171","2","90","94",356,9.9,-8.7,31.7,289,99,1,"88","88","77","71","87","78","88","79","85","85",289,1.0122,18.7571,18.5312,55,0.190311418685121
"050342",NA,NA,18786,"No Different Than the National Average Payment","4.9",NA,"No Different Than the National Rate","No Different Than the National Rate","No Different Than the National Value","high","56","174","2","Not Available","Not Available",93,6.7,-23.2,43,78,30,1,"88","85","78","73","82","76","90","75","83","81",62,0.9908,20.3532,20.543,12,0.193548387096774
"050348",0.314,NA,20463,"No Different Than the National Average Payment","10",NA,"No Different Than the National Rate","No Different Than the National Rate","No Different Than the National Value","very high","76","277","2","Not Available","Not Available",276,-10.5,-32.9,14.3,238,68,1,"90","92","85","77","87","83","89","79","90","90",217,0.9199,20.1156,21.8667,38,0.175115207373272
"050350",NA,NA,20087,"No Different Than the National Average Payment","5.1",NA,"No Different Than the National Rate","No Different Than the National Rate","Worse Than the National Value","medium","Not Available","160","1","Not Available","Not Available",127,30.6,-1.2,66.6,94,36,1,"Not Available","Not Available","Not Available","Not Available","Not Available","Not Available","Not Available","Not Available","Not Available","Not Available",109,1.0455,21.9669,21.0101,27,0.247706422018349
"050351",0.653,NA,18858,"No Different Than the National Average Payment","7.2",NA,"No Different Than the National Rate","No Different Than the National Rate","No Different Than the National Value","very high","99","181","1","95","98",747,16,-1,34.1,587,187,1,"92","90","84","76","86","82","88","81","91","93",581,1.0818,21.466,19.8423,130,0.223752151462995
"050353",0.609,NA,20002,"No Different Than the National Average Payment","1.4",NA,"No Different Than the National Rate","No Different Than the National Rate","Better Than the National Value","very high","76","309","3","Not Available","97",376,-6.1,-25.2,15.6,314,94,1,"90","89","78","72","83","80","85","78","87","87",280,0.9946,19.7719,19.8792,55,0.196428571428571
"050360",0.461,NA,19654,"No Different Than the National Average Payment","7.6",NA,"No Different Than the National Rate","Worse Than the National Rate","No Different Than the National Value","medium","80","192","1","Not Available","Not Available",447,-24.5,-40.2,-7.8,379,91,2,"89","88","82","71","85","78","86","77","88","88",337,0.9159,16.5091,18.0243,50,0.148367952522255
"050367",0.944,NA,18201,"Less Than the National Average Payment","0.4",NA,"No Different Than the National Rate","No Different Than the National Rate","No Different Than the National Value","very high","61","198","3","Not Available","Not Available",504,-7,-22.7,10.5,392,136,1,"90","90","81","72","87","77","83","77","88","86",413,0.9385,18.9329,20.1725,74,0.179176755447942
"050373",1.416,NA,17783,"Less Than the National Average Payment","64.8",NA,"No Different Than the National Rate","No Different Than the National Rate","No Different Than the National Value","very high","60","387","4","91","98",229,8.2,-18.6,36.9,182,48,1,"88","89","78","76","82","78","85","76","87","85",142,1.0318,21.74,21.0706,33,0.232394366197183
"050376",1.15,NA,16035,"Less Than the National Average Payment","39",NA,"No Different Than the National Rate","No Different Than the National Rate","Worse Than the National Value","very high","69","396","3","90","99",93,-10.3,-40.1,26.6,71,19,1,"86","90","76","69","79","78","78","65","84","82",65,0.9823,18.7233,19.0604,11,0.169230769230769
"050380",0.418,NA,20661,"No Different Than the National Average Payment","0.8",NA,"No Different Than the National Rate","No Different Than the National Rate","No Different Than the National Value","very high","37","141","0","94","100",626,20.4,3.2,39,518,163,0,"87","85","77","69","81","78","84","69","82","81",555,0.9851,18.5553,18.8361,102,0.183783783783784
"050382",0.213,NA,22297,"Greater Than the National Average Payment","9",NA,"No Different Than the National Rate","No Different Than the National Rate","No Different Than the National Value","very high","82","173","1","Not Available","Not Available",279,20.3,-2.4,47,222,68,1,"88","88","76","71","81","78","84","71","85","83",234,1.0415,19.7904,19.0027,49,0.209401709401709
"050390",1.21,NA,19718,"No Different Than the National Average Payment","2.6",NA,"No Different Than the National Rate","No Different Than the National Rate","No Different Than the National Value","high","35","208","2","Not Available","Not Available",98,21.6,-12.8,61.1,84,25,1,"84","83","73","63","79","72","76","69","77","70",103,1.0382,22.7299,21.8941,26,0.252427184466019
"050393",0.602,NA,17636,"Less Than the National Average Payment","4.5",NA,"No Different Than the National Rate","No Different Than the National Rate","No Different Than the National Value","high","71","246","4","Not Available","Not Available",185,-25.8,-44,-4.7,151,43,2,"90","88","82","74","83","77","90","79","88","87",143,1.0178,19.4593,19.1188,29,0.202797202797203
"050394",0,NA,21425,"Greater Than the National Average Payment","2.8",NA,"No Different Than the National Rate","No Different Than the National Rate","No Different Than the National Value","very high","83","182","2","93","98",298,-11.9,-29.9,9.4,256,77,1,"91","91","82","76","87","82","91","83","90","91",250,0.9382,18.0663,19.2571,41,0.164
"050396",0.385,NA,19607,"No Different Than the National Average Payment","1.5",NA,"No Different Than the National Rate","Worse Than the National Rate","No Different Than the National Value","high","87","212","1","70","74",621,-22.5,-36.1,-7.7,500,145,2,"92","92","83","78","87","83","91","85","92","94",480,0.8708,16.2241,18.6312,69,0.14375
"050407",NA,NA,17950,"No Different Than the National Average Payment","7.5",NA,"No Different Than the National Rate","No Different Than the National Rate","No Different Than the National Value","low","76","157","1","92","98",113,25.2,-1.3,54.1,85,38,1,"89","88","84","75","83","83","89","81","86","84",83,1.1147,19.2407,17.2602,23,0.27710843373494
"050414",0,NA,18254,"No Different Than the National Average Payment","0.4",NA,"No Different Than the National Rate","No Different Than the National Rate","No Different Than the National Value","high","76","171","0","94","99",341,17.6,-1.7,39.6,279,100,1,"90","89","81","75","87","79","86","74","87","86",277,1.1061,20.6908,18.7062,64,0.231046931407942
"050417",NA,NA,18027,"No Different Than the National Average Payment","9.1",NA,"No Different Than the National Rate","No Different Than the National Rate","No Different Than the National Value","medium","78","152","4","97","98",104,-2.3,-25.5,25.8,83,43,1,"90","89","84","74","85","78","89","79","84","83",94,1.0177,20.0445,19.6967,20,0.212765957446809
"050424",0.487,NA,20283,"No Different Than the National Average Payment","2.1",NA,"No Different Than the National Rate","No Different Than the National Rate","No Different Than the National Value","Not Available","89","Not Available","Not Available","100","99",73,3.9,-27,42.9,70,18,1,"93","94","84","82","91","85","88","84","92","93",56,1.0486,19.4927,18.5898,14,0.25
"050426",2.052,NA,20109,"No Different Than the National Average Payment","1.4",NA,"Number of Cases Too Small","No Different Than the National Rate","No Different Than the National Value","medium","68","229","2","Not Available","Not Available",131,36.3,3.1,74.3,110,37,0,"85","87","79","69","77","74","87","68","83","80",113,1.1024,23.3021,21.1376,33,0.292035398230089
"050438",0.844,NA,20317,"No Different Than the National Average Payment","1.1",NA,"No Different Than the National Rate","No Different Than the National Rate","No Different Than the National Value","very high","68","323","4","Not Available","Not Available",478,14,-7,36.1,408,113,1,"90","90","82","73","82","79","88","80","89","89",367,1.0064,19.2308,19.1076,71,0.193460490463215
"050441",0.768,NA,20789,"Greater Than the National Average Payment","3.8",NA,"Better Than the National Rate","Worse Than the National Rate","No Different Than the National Value","very high","88","246","3","95","97",827,20.2,3.1,37.9,676,225,0,"93","93","86","81","90","86","89","81","92","93",588,1.0684,21.8596,20.4599,133,0.226190476190476
"050444",0.419,NA,18486,"No Different Than the National Average Payment","5.3",NA,"No Different Than the National Rate","No Different Than the National Rate","No Different Than the National Value","very high","88","222","2","Not Available","98",585,34.1,15.1,54.1,437,160,0,"89","87","80","75","82","78","87","80","84","81",490,1.0694,22.1301,20.693,113,0.230612244897959
"050454",0.57,NA,19311,"No Different Than the National Average Payment","9.5",NA,"Better Than the National Rate","No Different Than the National Rate","Better Than the National Value","very high","83","261","6","Not Available","97",582,-16,-33.1,1.8,473,125,1,"92","92","85","77","89","83","88","83","91","92",478,0.9061,18.3019,20.1995,81,0.169456066945607
"050455",0.611,NA,19689,"No Different Than the National Average Payment","12.3",NA,"No Different Than the National Rate","No Different Than the National Rate","No Different Than the National Value","very high","91","278","1","Not Available","96",229,10.6,-14.4,37.8,199,67,1,"89","89","77","67","85","77","82","74","83","83",190,0.9896,20.8986,21.1192,39,0.205263157894737
"050457",0.91,NA,19410,"No Different Than the National Average Payment","1.6",NA,"No Different Than the National Rate","No Different Than the National Rate","No Different Than the National Value","low","79","183","3","89","93",237,-2.9,-25.4,22.3,189,57,1,"89","90","78","72","85","79","89","67","85","83",202,1.0643,21.6785,20.368,48,0.237623762376238
"050464",0.266,NA,18222,"Less Than the National Average Payment","1.9",NA,"No Different Than the National Rate","No Different Than the National Rate","No Different Than the National Value","very high","76","184","4","99","99",390,38.4,14.2,64.3,326,116,0,"88","85","79","70","83","76","79","69","82","81",314,1.0761,22.2946,20.7175,75,0.238853503184713
"050468",0.749,NA,20780,"No Different Than the National Average Payment","0",NA,"Number of Cases Too Small","No Different Than the National Rate","No Different Than the National Value","medium","46","134","3","80","96",99,1.5,-29.8,38.9,78,27,1,"76","75","61","66","70","68","75","63","69","61",71,1.057,25.3873,24.0173,22,0.309859154929577
"050471",0.354,NA,22615,"Greater Than the National Average Payment","5.7",NA,"Worse Than the National Rate","No Different Than the National Rate","No Different Than the National Value","high","75","264","4","Not Available","Not Available",361,29.4,5.6,55.4,285,90,0,"88","88","80","70","82","74","85","71","87","84",303,1.0669,21.3312,19.9932,69,0.227722772277228
"050481",1.142,NA,20908,"No Different Than the National Average Payment","0.5",NA,"No Different Than the National Rate","No Different Than the National Rate","No Different Than the National Value","high","40","117","1","97","100",323,48.1,23.9,75.4,281,112,0,"87","85","75","70","79","75","86","72","82","82",269,1.2456,24.1727,19.407,80,0.297397769516729
"050485",1.428,NA,21031,"No Different Than the National Average Payment","6.7",NA,"No Different Than the National Rate","No Different Than the National Rate","No Different Than the National Value","very high","72","304","7","97","99",294,3.9,-17.3,28.4,255,67,1,"89","89","83","74","83","79","87","74","87","87",249,0.9208,18.2415,19.8111,40,0.160642570281124
"050488",1.293,NA,20315,"No Different Than the National Average Payment","2.7",NA,"No Different Than the National Rate","No Different Than the National Rate","No Different Than the National Value","high","83","214","6","99","100",296,-10.2,-29,9.6,244,76,1,"88","89","82","70","84","79","87","79","87","87",268,0.9394,18.3236,19.5055,45,0.167910447761194
"050492",1.332,NA,21380,"Greater Than the National Average Payment","3.5",NA,"No Different Than the National Rate","No Different Than the National Rate","No Different Than the National Value","very high","86","281","1","Not Available","100",444,30.6,8.1,54.5,389,116,0,"87","87","76","71","86","78","87","75","86","86",337,1.0002,19.8776,19.8739,67,0.198813056379822
"050496",0.935,NA,19389,"No Different Than the National Average Payment","1.8",NA,"No Different Than the National Rate","No Different Than the National Rate","Worse Than the National Value","very high","60","155","1","Not Available","93",581,-18.9,-35.5,-1.8,477,131,2,"91","91","82","75","88","82","87","78","89","90",475,0.9243,18.9963,20.5528,85,0.178947368421053
"050498",NA,NA,19592,"No Different Than the National Average Payment","8.5",NA,"No Different Than the National Rate","No Different Than the National Rate","No Different Than the National Value","medium","72","141","1","Not Available","99",129,-18.7,-39.6,5.8,114,35,1,"92","91","86","75","85","81","89","77","88","90",106,0.9475,16.4652,17.3781,14,0.132075471698113
"050503",0,NA,20212,"No Different Than the National Average Payment","4.3",NA,"No Different Than the National Rate","No Different Than the National Rate","No Different Than the National Value","high","88","232","2","96","100",556,-26.7,-41.1,-9.4,472,127,2,"91","91","83","77","89","82","88","73","88","89",281,0.8981,17.4307,19.4077,42,0.149466192170818
"050516",0.223,NA,17910,"Less Than the National Average Payment","0.8",NA,"No Different Than the National Rate","No Different Than the National Rate","No Different Than the National Value","very high","71","168","1","Not Available","99",525,0.4,-17.1,19.2,431,135,1,"92","90","84","78","89","81","85","75","88","87",407,1.0113,20.6984,20.4673,85,0.208845208845209
"050517",NA,NA,18711,"No Different Than the National Average Payment","0",NA,"No Different Than the National Rate","No Different Than the National Rate","No Different Than the National Value","medium","50","176","3","Not Available","Not Available",35,-4.2,-40.5,42.8,32,11,1,"85","83","76","66","79","71","82","75","78","75",33,1.0754,24.0934,22.4032,13,0.393939393939394
"050523",0.975,NA,19471,"No Different Than the National Average Payment","3.2",NA,"No Different Than the National Rate","No Different Than the National Rate","No Different Than the National Value","high","74","176","3","99","99",379,2.8,-15.9,24.4,292,107,1,"88","89","77","70","81","76","83","70","83","79",344,1.0439,22.114,21.1848,79,0.229651162790698
"050526",NA,NA,21523,"No Different Than the National Average Payment","1",NA,"Number of Cases Too Small","No Different Than the National Rate","No Different Than the National Value","low","86","173","7","Not Available","Not Available",70,22.5,-13.1,66.9,66,24,1,"85","84","71","71","75","71","83","64","79","74",50,1.1156,24.7949,22.226,20,0.4
"050534",NA,NA,18761,"No Different Than the National Average Payment","0.4",NA,"Number of Cases Too Small","No Different Than the National Rate","No Different Than the National Value","high","82","156","1","84","90",104,-11.1,-36.5,21.6,82,35,1,"87","85","80","69","76","76","84","70","80","75",87,1.0356,24.7376,23.8861,24,0.275862068965517
"050537",NA,NA,16489,"Less Than the National Average Payment","0",NA,"No Different Than the National Rate","No Different Than the National Rate","No Different Than the National Value","medium","84","162","3","99","99",153,-13.9,-34.9,11,128,30,1,"91","91","83","76","86","81","87","76","88","89",116,0.9341,17.6041,18.8467,16,0.137931034482759
"050549",0,NA,20745,"Greater Than the National Average Payment","3.8",NA,"Worse Than the National Rate","No Different Than the National Rate","No Different Than the National Value","high","36","128","1","95","99",661,-4.3,-19.4,12.8,532,169,1,"90","88","81","73","86","80","87","83","87","86",519,1.0903,21.8076,20.0022,119,0.229287090558767
"050551",0.983,NA,20670,"No Different Than the National Average Payment","7.8",NA,"No Different Than the National Rate","Worse Than the National Rate","No Different Than the National Value","medium","76","236","1","83","93",265,-3.4,-25.8,21.5,223,58,1,"86","85","76","69","79","75","84","59","79","77",204,0.9128,18.1314,19.8635,31,0.151960784313725
"050557",0.463,NA,19100,"No Different Than the National Average Payment","0.4",NA,"Worse Than the National Rate","No Different Than the National Rate","No Different Than the National Value","very high","68","261","2","99","100",605,20.3,3.5,37.9,483,181,0,"90","89","81","76","87","81","87","73","88","89",498,1.1483,23.5995,20.551,127,0.255020080321285
"050567",0,NA,20751,"No Different Than the National Average Payment","5.5",NA,"No Different Than the National Rate","No Different Than the National Rate","No Different Than the National Value","very high","73","266","4","Not Available","100",448,7.9,-10.3,27.3,383,122,1,"89","89","80","74","84","80","89","76","87","88",381,0.9832,18.9289,19.2533,71,0.186351706036745
"050570",0.732,NA,22426,"Greater Than the National Average Payment","0.7",NA,"No Different Than the National Rate","No Different Than the National Rate","No Different Than the National Value","high","68","181","1","79","88",305,45.6,18.5,76.9,245,75,0,"85","82","75","68","82","75","84","70","80","77",250,1.0951,22.7156,20.7436,63,0.252
"050573",0.181,NA,20445,"No Different Than the National Average Payment","25.4",NA,"No Different Than the National Rate","Better Than the National Rate","Better Than the National Value","very high","92","283","5","Not Available","Not Available",1024,5.7,-7.2,19.5,828,291,1,"90","90","82","73","82","80","84","77","88","90",791,1.0605,21.3715,20.1516,173,0.218710493046776
"050580",NA,NA,19605,"No Different Than the National Average Payment","2",NA,"Number of Cases Too Small","No Different Than the National Rate","No Different Than the National Value","low","78","190","2","Not Available","Not Available",60,14.3,-18,51.9,53,24,1,"88","87","81","73","81","74","91","75","85","82",56,1.0593,21.6356,20.4241,16,0.285714285714286
"050581",0.74,NA,19852,"No Different Than the National Average Payment","4.6",NA,"No Different Than the National Rate","No Different Than the National Rate","No Different Than the National Value","high","76","211","1","80","90",185,21,-6.9,52.1,137,42,1,"84","85","73","67","78","75","86","69","79","76",152,1.0184,22.8535,22.4408,36,0.236842105263158
"050586",NA,NA,19127,"No Different Than the National Average Payment","2.5",NA,"Number of Cases Too Small","No Different Than the National Rate","No Different Than the National Value","high","69","170","4","Not Available","Not Available",75,-2.4,-34.2,36,65,19,1,"85","87","76","69","80","74","88","77","84","81",54,1.0115,20.7762,20.5391,12,0.222222222222222
"050589",NA,NA,18308,"No Different Than the National Average Payment","8.2",NA,"Not Available","No Different Than the National Rate","No Different Than the National Value","medium","69","157","2","80","76",78,14.1,-13.6,47,70,21,1,"89","85","80","72","84","78","86","73","84","82",58,1.035,20.1818,19.4991,14,0.241379310344828
"050590",0.821,NA,17237,"Less Than the National Average Payment","0.9",NA,"No Different Than the National Rate","No Different Than the National Rate","No Different Than the National Value","high","65","201","1","99","100",256,-14.3,-34.3,9,203,71,1,"88","90","79","77","87","80","84","75","87","85",188,1.0101,20.3884,20.185,39,0.207446808510638
"050597",1.898,NA,22155,"Greater Than the National Average Payment","2.8",NA,"No Different Than the National Rate","No Different Than the National Rate","No Different Than the National Value","medium","83","154","1","Not Available","Not Available",121,-4.3,-28.3,24.2,108,30,1,"88","88","79","70","83","77","82","69","86","85",92,0.9768,17.9598,18.3865,15,0.16304347826087
"050599",1.448,NA,19908,"No Different Than the National Average Payment","5.3",NA,"No Different Than the National Rate","Worse Than the National Rate","Worse Than the National Value","very high","76","334","7","92","Not Available",752,10.2,-7.6,28.1,596,203,1,"90","90","79","76","87","81","78","68","87","88",582,0.8997,19.9497,22.1738,109,0.187285223367698
"050603",0.939,NA,22226,"Greater Than the National Average Payment","12.2",NA,"No Different Than the National Rate","No Different Than the National Rate","No Different Than the National Value","medium","75","220","2","Not Available","98",375,-17.8,-33.7,0.6,315,90,1,"91","91","80","74","88","81","88","74","89","89",290,0.9407,17.5691,18.6757,47,0.162068965517241
"050608",NA,NA,18640,"No Different Than the National Average Payment","15.1",NA,"No Different Than the National Rate","No Different Than the National Rate","No Different Than the National Value","medium","94","178","2","21","Not Available",67,-16.2,-41.5,12.9,52,20,1,"90","87","81","73","86","75","94","76","82","77",55,1.0314,18.1875,17.634,12,0.218181818181818
"050624",2.151,NA,19324,"No Different Than the National Average Payment","0",NA,"No Different Than the National Rate","No Different Than the National Rate","No Different Than the National Value","very high","76","203","5","89","93",295,22.7,-1.3,49.1,238,78,1,"89","88","79","74","84","78","86","74","85","84",268,1.0059,20.0036,19.8869,54,0.201492537313433
"050625",0.459,NA,24479,"Greater Than the National Average Payment","4.5",NA,"No Different Than the National Rate","Worse Than the National Rate","No Different Than the National Value","very high","97","342","10","Not Available","Not Available",2108,20.4,7.7,33.5,1571,492,0,"89","90","80","73","84","80","83","76","89","89",1834,1.0115,22.3672,22.1126,411,0.224100327153762
"050633",NA,NA,18020,"No Different Than the National Average Payment","2.8",NA,"No Different Than the National Rate","No Different Than the National Rate","No Different Than the National Value","medium","79","149","4","94","97",194,27.8,2.8,57,161,56,0,"90","88","83","76","87","79","86","72","84","82",158,1.0286,18.4609,17.9481,31,0.19620253164557
"050636",NA,NA,20544,"No Different Than the National Average Payment","0.9",NA,"No Different Than the National Rate","No Different Than the National Rate","No Different Than the National Value","medium","59","206","2","Not Available","98",138,-14,-37.6,13.3,123,36,1,"89","88","80","74","85","80","81","70","85","82",102,0.9761,19.2306,19.7016,18,0.176470588235294
"050663",4.839,NA,23457,"Greater Than the National Average Payment","1.5",NA,"No Different Than the National Rate","No Different Than the National Rate","No Different Than the National Value","low","84","159","3","Not Available","Not Available",101,22.4,-14.6,64.5,89,24,1,"78","77","66","58","69","67","78","59","68","62",80,1.0237,22.9579,22.4271,20,0.25
"050678",0.612,NA,20341,"No Different Than the National Average Payment","6.5",NA,"No Different Than the National Rate","No Different Than the National Rate","No Different Than the National Value","high","72","187","1","Not Available","95",270,0.5,-21.6,24,238,66,1,"89","89","84","75","87","81","86","74","88","87",217,1.0182,20.6379,20.2684,46,0.211981566820276
"050689",NA,NA,19146,"No Different Than the National Average Payment","6.8",NA,"No Different Than the National Rate","No Different Than the National Rate","No Different Than the National Value","medium","70","126","1","87","87",226,3.4,-18.7,28.4,185,58,1,"89","88","78","70","85","79","81","75","85","85",159,1.1119,21.3494,19.201,41,0.257861635220126
"050696",1.039,NA,22873,"Greater Than the National Average Payment","3.2",NA,"No Different Than the National Rate","No Different Than the National Rate","Better Than the National Value","Not Available","93","Not Available","Not Available","Not Available","98",203,40.7,8.1,74.8,153,67,0,"93","92","84","81","89","84","87","81","92","93",167,1.0518,24.827,23.6043,45,0.269461077844311
"050701",0.273,NA,20686,"No Different Than the National Average Payment","0.3",NA,"No Different Than the National Rate","No Different Than the National Rate","No Different Than the National Value","very high","59","176","1","91","99",153,52.9,21.2,87.6,138,54,0,"88","86","77","70","81","76","82","72","83","80",139,1.1031,21.8666,19.8236,37,0.266187050359712
"050704",1.194,NA,21228,"No Different Than the National Average Payment","0",NA,"No Different Than the National Rate","No Different Than the National Rate","No Different Than the National Value","low","44","283","1","83","95",98,-15.6,-45.2,20,90,26,1,"84","84","78","66","76","74","86","71","78","75",93,0.9748,22.3271,22.9053,19,0.204301075268817
"050709",0,NA,18315,"No Different Than the National Average Payment","0",NA,"Not Available","No Different Than the National Rate","No Different Than the National Value","high","52","210","4","Not Available","Not Available",218,26.5,-1.6,58.8,179,56,1,"88","86","79","75","81","77","88","77","83","82",181,1.0337,23.031,22.2794,44,0.243093922651934
"050724",NA,NA,19818,"No Different Than the National Average Payment","0",NA,"No Different Than the National Rate","No Different Than the National Rate","No Different Than the National Value","low","90","283","1","62","80",237,-1,-22.1,23.1,202,66,1,"90","88","86","74","87","80","87","81","90","89",225,1.034,21.2176,20.5195,50,0.222222222222222
"050735",NA,NA,23669,"Greater Than the National Average Payment","10.5",NA,"Number of Cases Too Small","No Different Than the National Rate","No Different Than the National Value","medium","90","135","2","Not Available","Not Available",96,22.4,-9.8,61.9,86,26,1,"87","87","75","74","82","76","82","74","82","78",74,0.9943,20.8047,20.9249,15,0.202702702702703
"050737",0.843,NA,22554,"Greater Than the National Average Payment","Not Available",NA,"No Different Than the National Rate","No Different Than the National Rate","No Different Than the National Value","medium","87","138","1","Not Available","Not Available",174,38.8,11.4,71.2,148,39,0,"89","89","82","78","84","79","87","72","85","82",163,1.071,21.1009,19.7028,39,0.239263803680982
"050739",1.704,NA,20449,"No Different Than the National Average Payment","2.2",NA,"No Different Than the National Rate","No Different Than the National Rate","No Different Than the National Value","high","62","222","5","Not Available","Not Available",371,17.5,-8.5,44.1,264,101,1,"83","83","75","67","77","72","85","69","81","76",344,1.0712,25.8911,24.17,94,0.273255813953488
"050740",NA,NA,21521,"No Different Than the National Average Payment","5.5",NA,"No Different Than the National Rate","No Different Than the National Rate","No Different Than the National Value","medium","99","187","1","Not Available","Not Available",145,36.4,3.2,70.8,130,43,0,"90","89","81","75","82","79","87","75","84","82",121,1.047,21.3809,20.4207,29,0.239669421487603
"050755",0,NA,23262,"Greater Than the National Average Payment","0.5",NA,"No Different Than the National Rate","No Different Than the National Rate","No Different Than the National Value","medium","64","154","1","Not Available","Not Available",236,72.9,39.4,110.5,208,75,0,"83","84","74","66","72","72","85","70","80","76",191,1.0963,24.911,22.722,54,0.282722513089005
"050757",NA,NA,21972,"Greater Than the National Average Payment","0",NA,"No Different Than the National Rate","No Different Than the National Rate","No Different Than the National Value","medium","78","152","3","Not Available","Not Available",114,23,-7.3,60,99,39,1,"83","82","72","64","79","74","84","71","80","77",104,1.0328,22.8529,22.1266,26,0.25
"050761",1.453,NA,21186,"Greater Than the National Average Payment","4.1",NA,"No Different Than the National Rate","No Different Than the National Rate","No Different Than the National Value","high","70","154","1","Not Available","Not Available",566,22.4,2.6,42.5,440,154,0,"87","87","75","67","77","76","82","73","83","83",467,1.0653,21.5713,20.2483,105,0.224839400428266
"050764",NA,NA,18664,"No Different Than the National Average Payment","2.5",NA,"No Different Than the National Rate","No Different Than the National Rate","No Different Than the National Value","medium","80","167","8","Not Available","Not Available",370,-11.6,-27.9,5.6,320,104,1,"87","85","76","70","80","78","85","70","84","83",380,1.0282,18.9951,18.4749,74,0.194736842105263
"050770",1.675,NA,22691,"Greater Than the National Average Payment","4.5",NA,"No Different Than the National Rate","No Different Than the National Rate","No Different Than the National Value","very high","47","239","1","Not Available","99",285,33.5,8.8,59.3,232,89,0,"88","86","80","70","83","76","83","76","85","85",222,1.0355,20.1179,19.4282,47,0.211711711711712
"050771",NA,NA,21999,"No Different Than the National Average Payment","2.2",NA,"Number of Cases Too Small","No Different Than the National Rate","No Different Than the National Value","low","87","130","6","72","78",65,47.4,4.3,98.5,55,22,0,"73","73","55","55","71","67","75","50","66","60",62,1.0239,24.7031,24.1262,17,0.274193548387097
"050775",1.402,NA,20698,"No Different Than the National Average Payment","1",NA,"No Different Than the National Rate","No Different Than the National Rate","No Different Than the National Value","high","66","185","0","98","100",338,-12.9,-32.2,9,285,83,1,"90","89","82","74","84","79","86","75","88","88",306,0.9569,19.5875,20.4694,57,0.186274509803922
"050779",0,NA,19843,"No Different Than the National Average Payment","0.7",NA,"Not Available","No Different Than the National Rate","No Different Than the National Value","very high","94","144","2","Not Available","95",113,-12.6,-36.3,16.9,92,43,1,"87","88","77","75","86","79","85","77","87","86",94,1.1079,22.3949,20.2147,28,0.297872340425532
"050783",NA,NA,17430,"No Different Than the National Average Payment","3.7",NA,"Not Available","Not Available","Not Available","low","57","110","2","36","Not Available",60,-12.5,-38.8,19.5,50,17,1,"Not Available","Not Available","Not Available","Not Available","Not Available","Not Available","Not Available","Not Available","Not Available","Not Available",53,1.0652,18.6591,17.5162,14,0.264150943396226
"050784",NA,NA,19195,"No Different Than the National Average Payment","3",NA,"Number of Cases Too Small","No Different Than the National Rate","No Different Than the National Value","medium","92","193","2","92","92",61,-13.8,-37.3,17.1,53,18,1,"89","88","82","74","86","78","89","76","85","84",60,1.0129,18.5967,18.359,12,0.2
"060001",0.392,NA,21410,"Greater Than the National Average Payment","1.1",NA,"No Different Than the National Rate","No Different Than the National Rate","No Different Than the National Value","high","93","139","1","Not Available","Not Available",196,-8.9,-28.9,13.1,176,57,1,"92","92","84","78","88","80","87","82","89","88",176,0.9717,18.685,19.2293,31,0.176136363636364
"060003",NA,NA,18138,"No Different Than the National Average Payment","2.9",NA,"No Different Than the National Rate","No Different Than the National Rate","No Different Than the National Value","low","79","158","2","Not Available","Not Available",87,-17.6,-41.2,9.3,72,24,1,"88","86","83","72","85","79","86","87","84","83",68,0.9971,19.3971,19.4532,13,0.191176470588235
"060006",NA,NA,17565,"No Different Than the National Average Payment","8.8",NA,"No Different Than the National Rate","No Different Than the National Rate","No Different Than the National Value","medium","89","136","2","Not Available","Not Available",89,-20.5,-40.7,4.9,81,18,1,"93","93","88","82","90","84","95","86","91","91",75,0.987,17.1127,17.3374,12,0.16
"060009",0.993,NA,19286,"No Different Than the National Average Payment","1",NA,"No Different Than the National Rate","No Different Than the National Rate","No Different Than the National Value","very high","98","233","4","92","Not Available",268,-29.6,-45.9,-11.4,241,65,2,"91","91","82","76","85","80","87","81","88","88",230,0.8917,16.2352,18.2068,30,0.130434782608696
"060010",0,NA,17273,"Less Than the National Average Payment","3.7",NA,"No Different Than the National Rate","No Different Than the National Rate","No Different Than the National Value","high","96","117","0","Not Available","Not Available",334,-21.8,-38,-3.9,299,92,2,"91","91","83","78","89","83","86","80","89","90",258,0.9421,17.7819,18.8749,42,0.162790697674419
"060011",0.415,NA,18485,"No Different Than the National Average Payment","2.5",NA,"No Different Than the National Rate","No Different Than the National Rate","No Different Than the National Value","very high","94","199","5","85","96",67,29.5,-8.8,73.2,53,19,1,"90","90","80","77","85","77","84","82","88","87",54,1.0188,21.7112,21.3109,13,0.240740740740741
"060013",NA,NA,16939,"Less Than the National Average Payment","7.7",NA,"No Different Than the National Rate","No Different Than the National Rate","No Different Than the National Value","low","81","175","2","Not Available","Not Available",214,-15.7,-38,8.3,180,45,1,"93","92","86","80","89","82","88","86","90","89",173,0.8244,15.8938,19.2792,15,0.0867052023121387
"060015",2.621,NA,19061,"No Different Than the National Average Payment","3.4",NA,"No Different Than the National Rate","No Different Than the National Rate","No Different Than the National Value","medium","85","191","4","Not Available","Not Available",272,-5.3,-25.8,17.2,235,64,1,"90","89","80","75","83","80","87","80","88","89",190,0.8519,15.9405,18.7108,20,0.105263157894737
"060020",0.453,NA,18646,"No Different Than the National Average Payment","11.4",NA,"No Different Than the National Rate","No Different Than the National Rate","No Different Than the National Value","very high","97","178","2","Not Available","Not Available",344,-24.1,-40.8,-5.2,286,86,2,"90","88","80","74","88","79","83","80","86","85",306,0.9313,18.1871,19.5282,51,0.166666666666667
"060022",0.347,NA,18225,"Less Than the National Average Payment","3.1",NA,"No Different Than the National Rate","Better Than the National Rate","No Different Than the National Value","very high","97","122","0","Not Available","Not Available",652,-16.3,-29.9,-2,565,174,2,"89","90","81","75","87","81","84","76","88","88",517,0.8603,16.5828,19.275,76,0.147001934235977
"060023",0.223,NA,19796,"No Different Than the National Average Payment","5.6",NA,"No Different Than the National Rate","No Different Than the National Rate","No Different Than the National Value","high","93","202","3","91","Not Available",255,-9.6,-28.7,11.1,232,70,1,"91","91","83","77","87","81","90","83","89","89",184,1.0148,19.0445,18.7673,36,0.195652173913043
"060024",0.42,NA,19571,"No Different Than the National Average Payment","3.9",NA,"No Different Than the National Rate","No Different Than the National Rate","No Different Than the National Value","very high","98","112","0","Not Available","Not Available",477,17.7,-3.1,40.6,405,126,1,"90","90","78","75","87","81","83","80","89","90",396,0.9425,20.1947,21.4258,76,0.191919191919192
"060027",0.79,NA,20618,"No Different Than the National Average Payment","6.6",NA,"No Different Than the National Rate","No Different Than the National Rate","No Different Than the National Value","high","96","123","1","86","Not Available",269,4.4,-14.9,25.3,234,79,1,"91","91","83","77","89","83","90","87","91","92",206,1.0197,17.8386,17.4938,38,0.184466019417476
"060028",0.722,NA,19591,"No Different Than the National Average Payment","2.6",NA,"No Different Than the National Rate","No Different Than the National Rate","No Different Than the National Value","very high","98","155","2","89","Not Available",116,-22.3,-45.1,5.7,102,37,1,"94","93","86","81","89","83","90","88","93","93",98,0.9321,18.9943,20.3771,14,0.142857142857143
"060030",NA,NA,19923,"No Different Than the National Average Payment","2",NA,"No Different Than the National Rate","No Different Than the National Rate","No Different Than the National Value","medium","94","149","3","Not Available","Not Available",87,-22.4,-41.1,0,86,29,1,"92","89","84","77","88","81","91","82","90","88",77,0.9733,16.5127,16.9654,11,0.142857142857143
"060031",0,NA,17968,"Less Than the National Average Payment","2.1",NA,"No Different Than the National Rate","No Different Than the National Rate","No Different Than the National Value","very high","86","208","5","Not Available","Not Available",636,-21.5,-34.7,-6.6,544,139,2,"91","90","81","76","87","81","84","82","89","89",514,0.8523,15.6065,18.3107,70,0.136186770428016
"060032",0.401,NA,19388,"No Different Than the National Average Payment","2.2",NA,"No Different Than the National Rate","No Different Than the National Rate","No Different Than the National Value","medium","83","146","1","98","100",177,6.1,-18.7,34.4,154,46,1,"90","91","81","73","84","81","88","84","90","90",165,0.9801,18.9824,19.3673,30,0.181818181818182
"060034",0.445,NA,19656,"No Different Than the National Average Payment","2.1",NA,"No Different Than the National Rate","No Different Than the National Rate","Better Than the National Value","very high","80","139","1","93","99",227,-1.6,-23.6,24.6,195,49,1,"87","88","76","70","83","77","84","79","84","82",203,0.9358,18.3949,19.6559,33,0.16256157635468
"060064",1.033,NA,20083,"No Different Than the National Average Payment","14.6",NA,"No Different Than the National Rate","No Different Than the National Rate","No Different Than the National Value","low","94","174","5","Not Available","98",147,-13.1,-34.3,13,131,33,1,"91","90","80","75","88","80","86","83","88","88",110,0.9536,16.3845,17.181,15,0.136363636363636
"060065",1.03,NA,20563,"No Different Than the National Average Payment","1.3",NA,"No Different Than the National Rate","No Different Than the National Rate","No Different Than the National Value","high","76","126","1","95","100",81,-25.4,-48.2,2.1,68,26,1,"86","86","76","68","82","76","84","77","81","76",87,1.0224,20.156,19.7135,19,0.218390804597701
"060071",NA,NA,17242,"No Different Than the National Average Payment","5.8",NA,"No Different Than the National Rate","No Different Than the National Rate","No Different Than the National Value","low","89","158","1","Not Available","Not Available",61,8.2,-18.8,40.1,52,20,1,"94","91","90","78","87","80","90","85","89","88",52,1.0265,17.8932,17.4319,11,0.211538461538462
"060075",NA,NA,19508,"No Different Than the National Average Payment","12.9",NA,"No Different Than the National Rate","No Different Than the National Rate","No Different Than the National Value","Not Available","100","150","Not Available","Not Available","Not Available",93,-7.7,-32.8,23.2,78,23,1,"92","92","84","80","88","83","91","84","90","92",76,0.9814,18.7145,19.0692,13,0.171052631578947
"060100",0.217,NA,20286,"No Different Than the National Average Payment","2.4",NA,"Worse Than the National Rate","No Different Than the National Rate","Worse Than the National Value","very high","84","151","2","93","98",307,-34.3,-51.8,-15.5,270,67,2,"88","88","77","70","83","77","86","83","85","83",238,0.9287,18.4275,19.8422,39,0.163865546218487
"060104",0,NA,20106,"No Different Than the National Average Payment","4.4",NA,"No Different Than the National Rate","No Different Than the National Rate","No Different Than the National Value","medium","83","160","2","Not Available","Not Available",194,-28.8,-47.3,-6.7,164,42,2,"90","89","82","75","84","80","88","86","90","89",151,0.9187,18.2484,19.8628,22,0.145695364238411
"060112",0,NA,19561,"No Different Than the National Average Payment","2.4",NA,"Worse Than the National Rate","No Different Than the National Rate","No Different Than the National Value","high","81","151","1","98","100",217,-11,-32.9,14.4,193,53,1,"87","90","77","71","81","77","83","82","84","84",182,0.9666,19.9237,20.6119,34,0.186813186813187
"060113",0.546,NA,19766,"No Different Than the National Average Payment","2.1",NA,"No Different Than the National Rate","No Different Than the National Rate","No Different Than the National Value","medium","88","193","2","Not Available","99",307,3.4,-16.5,27.9,275,73,1,"92","91","83","77","86","82","89","83","90","91",250,0.9966,18.4883,18.5509,46,0.184
"060114",0.932,NA,19934,"No Different Than the National Average Payment","3.5",NA,"No Different Than the National Rate","No Different Than the National Rate","No Different Than the National Value","medium","89","149","3","Not Available","100",196,-25.2,-43.8,-2.7,170,47,2,"89","91","80","76","89","83","86","87","89","88",146,0.9329,17.4587,18.7146,21,0.143835616438356
"060116",0.517,NA,18260,"No Different Than the National Average Payment","1.9",NA,"No Different Than the National Rate","No Different Than the National Rate","No Different Than the National Value","medium","97","210","3","92","Not Available",98,-12.4,-36.7,14.8,94,27,1,"93","92","85","78","87","83","88","86","92","92",86,0.9883,17.1614,17.3648,14,0.162790697674419
"060119",0.693,NA,20367,"No Different Than the National Average Payment","3.7",NA,"No Different Than the National Rate","No Different Than the National Rate","No Different Than the National Value","medium","97","123","0","Not Available","Not Available",311,-5.2,-26.2,17,289,75,1,"92","92","83","78","89","84","85","83","92","93",266,0.8887,17.5535,19.7515,39,0.146616541353383
"060128",NA,NA,19046,"No Different Than the National Average Payment","3.6",NA,"No Different Than the National Rate","No Different Than the National Rate","No Different Than the National Value","medium","97","132","0","Not Available","Not Available",135,-12.1,-36.1,15.5,119,29,1,"92","91","83","75","87","81","87","85","90","91",108,0.9366,16.8612,18.0033,14,0.12962962962963
"060131",NA,NA,18651,"No Different Than the National Average Payment","3.3",NA,"No Different Than the National Rate","No Different Than the National Rate","No Different Than the National Value","medium","95","134","1","Not Available","Not Available",123,-11.9,-34.7,18.5,109,32,1,"90","91","81","75","88","82","87","85","90","90",110,0.9093,17.4314,19.1711,13,0.118181818181818
"060132",0,NA,17387,"Less Than the National Average Payment","5.2",NA,"No Different Than the National Rate","No Different Than the National Rate","No Different Than the National Value","medium","98","144","0","Not Available","Not Available",186,-10.7,-34.2,17.2,159,42,1,"91","91","83","75","87","82","85","87","91","91",119,0.9313,18.1938,19.5354,17,0.142857142857143
"070002",0.142,NA,20637,"Greater Than the National Average Payment","1.1",NA,"No Different Than the National Rate","No Different Than the National Rate","No Different Than the National Value","very high","74","284","4","Not Available","Not Available",987,-11.3,-24.6,3.3,742,243,1,"86","88","73","68","85","77","80","73","81","81",890,0.9155,18.6312,20.3502,160,0.179775280898876
"070003",NA,NA,20912,"No Different Than the National Average Payment","3.8",NA,"No Different Than the National Rate","No Different Than the National Rate","No Different Than the National Value","medium","69","182","0","Not Available","Not Available",159,40.8,14.2,71.3,126,58,0,"89","89","83","73","84","78","90","77","84","83",133,1.18,23.1265,19.5983,42,0.315789473684211
"070004",NA,NA,18094,"No Different Than the National Average Payment","6.8",NA,"No Different Than the National Rate","No Different Than the National Rate","No Different Than the National Value","low","71","125","0","Not Available","Not Available",121,11.1,-16,41.5,96,35,1,"93","93","90","83","89","82","90","81","91","91",112,0.9615,17.4529,18.1511,17,0.151785714285714
"070005",1.246,NA,19693,"No Different Than the National Average Payment","2.9",NA,"No Different Than the National Rate","No Different Than the National Rate","No Different Than the National Value","high","97","260","8","Not Available","96",406,0.5,-19.3,21.1,309,105,1,"88","89","74","70","86","77","88","72","82","80",342,1.0946,22.4756,20.5328,83,0.242690058479532
"070006",0.309,NA,20693,"No Different Than the National Average Payment","6.1",NA,"No Different Than the National Rate","No Different Than the National Rate","No Different Than the National Value","very high","93","225","2","99","99",548,10.4,-6.9,29.7,434,123,1,"89","91","79","75","85","81","87","86","88","89",464,0.9897,18.0338,18.2221,83,0.178879310344828
"070007",0.336,NA,19867,"No Different Than the National Average Payment","3.2",NA,"No Different Than the National Rate","No Different Than the National Rate","No Different Than the National Value","very high","78","103","1","95","99",492,11,-7.3,30.9,384,139,1,"91","90","81","77","87","80","86","76","85","84",440,0.9272,19.0939,20.5938,79,0.179545454545455
"070008",NA,NA,19422,"No Different Than the National Average Payment","2.2",NA,"Number of Cases Too Small","No Different Than the National Rate","No Different Than the National Value","low","87","177","1","91","98",70,3.3,-24.7,37.3,61,18,1,"91","93","82","77","89","83","90","83","88","87",74,0.9898,19.8351,20.0391,14,0.189189189189189
"070010",1.144,NA,19296,"No Different Than the National Average Payment","3.3",NA,"No Different Than the National Rate","No Different Than the National Rate","No Different Than the National Value","very high","83","120","3","95","99",764,7,-9.6,24.1,617,194,1,"91","90","80","73","86","81","87","77","87","87",645,0.9602,19.0199,19.8082,120,0.186046511627907
"070011",0.894,NA,19241,"No Different Than the National Average Payment","2.8",NA,"No Different Than the National Rate","No Different Than the National Rate","No Different Than the National Value","high","94","159","0","Not Available","100",254,-2.5,-22.1,19.3,206,81,1,"92","91","79","75","88","80","84","72","84","84",183,1.051,21.6611,20.609,43,0.234972677595628
"070016",0.661,NA,19417,"No Different Than the National Average Payment","3.5",NA,"No Different Than the National Rate","No Different Than the National Rate","No Different Than the National Value","high","52","229","3","Not Available","Not Available",316,-24.3,-40.1,-6.3,258,84,2,"90","90","78","72","89","79","83","74","84","83",288,1.0158,20.1251,19.8125,59,0.204861111111111
"070017",0.381,NA,19840,"No Different Than the National Average Payment","0.6",NA,"No Different Than the National Rate","No Different Than the National Rate","No Different Than the National Value","high","96","221","2","99","100",367,-7,-24.9,12.7,307,94,1,"92","91","84","79","88","82","88","83","89","90",294,0.9759,18.9137,19.3805,54,0.183673469387755
"070018",0.907,NA,19440,"No Different Than the National Average Payment","5.4",NA,"No Different Than the National Rate","No Different Than the National Rate","No Different Than the National Value","high","82","178","2","96","99",463,57.7,34.6,82.8,354,125,0,"91","92","79","77","86","81","88","80","90","90",377,1.0692,20.0458,18.7478,80,0.212201591511936
"070020",0,NA,18272,"Less Than the National Average Payment","2.8",NA,"No Different Than the National Rate","No Different Than the National Rate","No Different Than the National Value","very high","99","176","1","96","97",460,7,-9.5,24.4,380,140,1,"92","91","83","78","88","81","86","79","89","90",391,1.0851,19.3565,17.8389,81,0.207161125319693
"070021",NA,NA,21194,"No Different Than the National Average Payment","4.7",NA,"No Different Than the National Rate","No Different Than the National Rate","No Different Than the National Value","medium","97","136","0","99","Not Available",136,5,-19.9,33.3,110,39,1,"90","90","81","75","90","80","89","72","88","87",120,0.9801,18.595,18.9718,21,0.175
"070022",0.811,NA,20506,"Greater Than the National Average Payment","3.6",NA,"No Different Than the National Rate","No Different Than the National Rate","No Different Than the National Value","very high","93","212","2","93","99",1507,39.1,25,54.1,1189,403,0,"91","90","79","72","86","80","79","74","85","85",1332,1.0587,21.5581,20.3635,291,0.218468468468468
"070024",0.983,NA,18877,"No Different Than the National Average Payment","5",NA,"No Different Than the National Rate","No Different Than the National Rate","No Different Than the National Value","very high","96","155","1","Not Available","100",399,15.5,-4.6,37.9,332,118,1,"91","91","79","75","88","80","87","72","85","86",360,0.9941,19.832,19.9506,71,0.197222222222222
"070025",0.398,NA,22339,"Greater Than the National Average Payment","2.5",NA,"Better Than the National Rate","No Different Than the National Rate","Better Than the National Value","very high","96","273","1","98","99",1315,29.2,15.6,44,1090,375,0,"89","90","76","73","88","80","84","70","84","85",1137,1.1632,23.1941,19.9405,274,0.240985048372911
"070027",0,NA,19304,"No Different Than the National Average Payment","1.5",NA,"No Different Than the National Rate","No Different Than the National Rate","No Different Than the National Value","medium","84","252","6","Not Available","Not Available",184,-0.7,-22,24.7,163,52,1,"88","88","76","70","83","77","86","73","83","81",153,1.0202,18.7599,18.3892,30,0.196078431372549
"070028",1.157,NA,21062,"Greater Than the National Average Payment","2.3",NA,"No Different Than the National Rate","No Different Than the National Rate","No Different Than the National Value","very high","95","201","2","Not Available","99",409,12.5,-7.8,34.1,328,111,1,"90","90","83","72","86","80","87","78","87","87",349,1.019,19.413,19.0506,69,0.197707736389685
"070029",NA,NA,19324,"No Different Than the National Average Payment","1.8",NA,"No Different Than the National Rate","No Different Than the National Rate","No Different Than the National Value","medium","100","182","1","Not Available","95",154,-13.3,-33.2,10.7,130,39,1,"91","90","84","76","89","82","87","78","87","84",141,0.9759,18.1421,18.5906,24,0.170212765957447
"070031",1.093,NA,18889,"No Different Than the National Average Payment","2.7",NA,"No Different Than the National Rate","Worse Than the National Rate","No Different Than the National Value","medium","99","210","4","Not Available","Not Available",221,38.3,12.2,68.2,181,64,0,"92","90","87","75","86","81","90","80","90","89",193,0.9253,17.6548,19.0796,29,0.150259067357513
"070033",0.511,NA,19694,"No Different Than the National Average Payment","3.5",NA,"No Different Than the National Rate","No Different Than the National Rate","No Different Than the National Value","very high","48","214","4","Not Available","Not Available",992,1.1,-11.6,14.9,786,263,1,"91","90","81","76","89","80","87","76","87","87",826,1.0047,19.6959,19.6036,163,0.197336561743341
"070034",1.255,NA,20990,"Greater Than the National Average Payment","5.7",NA,"No Different Than the National Rate","No Different Than the National Rate","No Different Than the National Value","high","72","187","3","Not Available","Not Available",470,21.3,1.6,43,365,130,0,"89","91","80","75","88","78","88","80","87","86",384,1.0332,20.0094,19.366,79,0.205729166666667
"070035",1.223,NA,20096,"No Different Than the National Average Payment","2.3",NA,"No Different Than the National Rate","No Different Than the National Rate","No Different Than the National Value","very high","94","153","2","99","100",474,4.4,-13.6,24.1,370,121,1,"89","89","79","71","85","77","85","72","84","83",381,1.0431,20.522,19.6746,81,0.21259842519685
"070036",1.074,NA,21774,"Greater Than the National Average Payment","2.4",NA,"No Different Than the National Rate","No Different Than the National Rate","No Different Than the National Value","high","55","237","1","98","98",338,26,5.3,48.2,286,95,0,"93","92","81","77","90","84","91","82","91","93",265,1.0885,19.4189,17.8393,57,0.215094339622642
"080001",0.668,NA,19718,"No Different Than the National Average Payment","4.1",NA,"No Different Than the National Rate","Better Than the National Rate","Better Than the National Value","very high","80","234","7","Not Available","Not Available",2609,8.7,-1,18.8,2020,575,1,"89","89","82","72","88","78","76","76","85","85",2148,0.9276,17.5923,18.966,373,0.17364990689013
"080003",NA,NA,18138,"No Different Than the National Average Payment","2.2",NA,"No Different Than the National Rate","No Different Than the National Rate","No Different Than the National Value","medium","70","131","6","Not Available","88",146,3.3,-23.7,35.8,111,33,1,"85","85","75","66","78","75","73","77","81","80",123,0.9959,21.3671,21.4558,26,0.211382113821138
"080004",0.351,NA,20050,"No Different Than the National Average Payment","4",NA,"No Different Than the National Rate","No Different Than the National Rate","Worse Than the National Value","very high","80","298","6","90","80",686,49.5,29.7,70.1,554,195,0,"87","87","79","69","83","78","80","74","82","79",627,1.0019,20.0754,20.0372,126,0.200956937799043
"080006",NA,NA,19244,"No Different Than the National Average Payment","3.6",NA,"No Different Than the National Rate","No Different Than the National Rate","No Different Than the National Value","medium","89","196","6","Not Available","91",266,-17.6,-38.6,4.3,238,72,1,"93","92","85","74","87","82","87","82","89","86",236,0.8898,18.532,20.828,36,0.152542372881356
"080007",1.816,NA,21746,"Greater Than the National Average Payment","3.4",NA,"No Different Than the National Rate","No Different Than the National Rate","Worse Than the National Value","high","95","190","2","Not Available","Not Available",743,10.9,-4.8,26.9,619,203,1,"92","91","83","74","89","81","81","73","86","86",602,1.0011,18.4263,18.4055,111,0.184385382059801
"080009",0,NA,18054,"Less Than the National Average Payment","5.1",NA,"No Different Than the National Rate","No Different Than the National Rate","No Different Than the National Value","medium","83","240","5","90","88",367,0.5,-18.9,21.2,301,90,1,"90","90","82","73","86","81","86","84","88","87",302,0.9123,17.8875,19.607,48,0.158940397350993
"090001",0.472,NA,18694,"No Different Than the National Average Payment","10.2",NA,"Worse Than the National Rate","No Different Than the National Rate","Worse Than the National Value","high","97","410","19","90","98",392,17.2,-5.2,42.5,332,98,1,"86","90","74","69","82","78","80","76","84","83",344,0.9948,19.8688,19.9728,68,0.197674418604651
"090003",1.741,NA,22404,"Greater Than the National Average Payment","7.3",NA,"No Different Than the National Rate","Worse Than the National Rate","Worse Than the National Value","high","88","258","3","58","47",160,96.4,55.6,140,133,62,0,"81","85","68","63","72","70","77","76","74","68",145,1.1746,27.2191,23.1732,51,0.351724137931034
"090004",0.626,NA,21203,"No Different Than the National Average Payment","5.8",NA,"No Different Than the National Rate","Worse Than the National Rate","Worse Than the National Value","medium","89","324","10","98","100",205,37.2,6.4,72.5,185,57,0,"89","91","78","73","86","80","84","77","86","86",175,1.0641,22.7193,21.3512,44,0.251428571428571
"090005",0.901,NA,19310,"No Different Than the National Average Payment","2.7",NA,"No Different Than the National Rate","No Different Than the National Rate","No Different Than the National Value","medium","98","298","5","Not Available","Not Available",333,-2,-20.6,19.1,293,86,1,"88","90","74","72","85","80","87","84","88","89",250,1.0047,17.8786,17.7952,45,0.18
"090008",0.738,NA,20789,"No Different Than the National Average Payment","1.4",NA,"Number of Cases Too Small","No Different Than the National Rate","No Different Than the National Value","medium","91","285","9","90","98",132,39.9,4.6,78.9,113,36,0,"Not Available","Not Available","Not Available","Not Available","Not Available","Not Available","Not Available","Not Available","Not Available","Not Available",109,1.0574,23.0495,21.799,29,0.26605504587156
"090011",0.428,NA,20425,"Greater Than the National Average Payment","1.9",NA,"Better Than the National Rate","No Different Than the National Rate","Better Than the National Value","very high","96","376","5","97","99",1347,6.6,-8,21.9,1065,330,1,"86","89","72","68","83","77","81","71","82","81",1199,0.9457,20.0783,21.2313,237,0.1976647206005
"100001",1.366,NA,19037,"No Different Than the National Average Payment","5.8",NA,"No Different Than the National Rate","No Different Than the National Rate","No Different Than the National Value","very high","68","193","6","95","99",430,-3.7,-24,16.8,349,113,1,"89","89","80","74","85","78","82","81","86","84",364,0.9845,21.7227,22.0647,78,0.214285714285714
"100002",0.958,NA,22038,"Greater Than the National Average Payment","2.7",NA,"No Different Than the National Rate","Worse Than the National Rate","No Different Than the National Value","very high","83","158","0","Not Available","Not Available",603,13.9,-3.6,32,513,183,1,"86","84","73","66","80","75","80","79","83","82",509,1.0274,21.2538,20.6871,110,0.216110019646365
"100006",0.659,NA,21385,"Greater Than the National Average Payment","4.2",NA,"No Different Than the National Rate","No Different Than the National Rate","No Different Than the National Value","very high","55","179","4","Not Available","Not Available",1432,27.4,13.6,42,1120,366,0,"90","90","81","74","84","79","83","83","88","88",1245,1.1599,23.7607,20.4844,306,0.24578313253012
"100007",0.604,NA,20487,"Greater Than the National Average Payment","3.3",NA,"No Different Than the National Rate","No Different Than the National Rate","No Different Than the National Value","very high","59","167","3","Not Available","94",3490,41.1,31.7,50.9,2692,970,0,"90","89","81","75","86","81","89","86","88","88",2770,1.1899,24.4771,20.5706,690,0.249097472924188
"100008",1.046,NA,22048,"Greater Than the National Average Payment","1.1",NA,"Worse Than the National Rate","No Different Than the National Rate","No Different Than the National Value","very high","88","239","0","Not Available","Not Available",601,32.1,11.5,53.4,501,169,0,"90","90","79","74","85","82","88","82","88","88",466,0.9734,20.1295,20.6786,92,0.197424892703863
"100012",0.177,NA,18951,"No Different Than the National Average Payment","6.3",NA,"No Different Than the National Rate","No Different Than the National Rate","No Different Than the National Value","very high","35","198","3","Not Available","93",1331,13.8,1.1,27.8,1136,354,0,"91","90","83","76","88","80","85","81","89","89",1121,0.9926,19.7588,19.9068,221,0.1971454058876
"100014",0.644,NA,20788,"No Different Than the National Average Payment","3.4",NA,"No Different Than the National Rate","No Different Than the National Rate","No Different Than the National Value","medium","65","143","2","Not Available","98",242,3.7,-18.1,28.5,204,66,1,"91","91","83","76","87","80","86","75","85","84",190,1.0134,20.0622,19.7974,39,0.205263157894737
"100017",0.658,NA,21296,"Greater Than the National Average Payment","0",NA,"No Different Than the National Rate","Worse Than the National Rate","Worse Than the National Value","high","43","149","7","Not Available","Not Available",292,6.6,-13.8,30,256,86,1,"87","87","79","69","81","77","80","80","82","81",232,1.0369,20.9303,20.1853,51,0.219827586206897
"100018",1.383,NA,20560,"Greater Than the National Average Payment","0.5",NA,"Worse Than the National Rate","No Different Than the National Rate","No Different Than the National Value","very high","79","176","2","Not Available","Not Available",1652,2,-8.6,13.2,1369,419,1,"87","88","76","70","81","78","83","76","84","84",1319,0.9328,18.0086,19.307,233,0.176648976497346
"100019",1.27,NA,22032,"Greater Than the National Average Payment","4.1",NA,"No Different Than the National Rate","No Different Than the National Rate","No Different Than the National Value","very high","79","214","4","Not Available","Not Available",705,-7.3,-22.2,9.6,606,183,1,"88","88","76","70","82","77","84","80","83","83",602,0.8363,17.2283,20.5998,92,0.152823920265781
"100022",0.919,NA,22632,"Greater Than the National Average Payment","0.7",NA,"Worse Than the National Rate","Worse Than the National Rate","Worse Than the National Value","very high","47","205","1","92","96",382,62.4,35.1,92.2,332,118,0,"86","88","76","71","80","79","88","80","85","83",279,0.987,22.1871,22.4791,61,0.218637992831541
"100023",1.514,NA,20534,"No Different Than the National Average Payment","5",NA,"No Different Than the National Rate","No Different Than the National Rate","No Different Than the National Value","medium","39","173","0","97","100",626,-8.7,-23.7,7.9,517,164,1,"89","86","78","70","83","78","86","71","83","82",554,1.036,21.4112,20.6675,121,0.21841155234657
"100025",0.502,NA,18721,"No Different Than the National Average Payment","5.9",NA,"No Different Than the National Rate","No Different Than the National Rate","No Different Than the National Value","very high","Not Available","146","2","94","99",567,0.3,-18,18.9,474,177,1,"89","89","80","74","84","80","79","81","86","87",467,1.0292,22.2782,21.6455,106,0.226980728051392
"100026",2.344,NA,19114,"No Different Than the National Average Payment","6",NA,"No Different Than the National Rate","No Different Than the National Rate","No Different Than the National Value","high","Not Available","160","1","97","99",380,-11,-28.9,9.2,317,102,1,"90","89","78","71","82","79","85","82","86","88",303,0.9007,18.1163,20.114,48,0.158415841584158
"100028",1.76,NA,20108,"No Different Than the National Average Payment","9.2",NA,"No Different Than the National Rate","No Different Than the National Rate","No Different Than the National Value","medium","73","215","4","Not Available","92",219,5.2,-16,29,190,65,1,"87","87","76","68","87","78","83","80","84","80",198,0.9717,18.6298,19.173,35,0.176767676767677
"100029",2.158,NA,21618,"Greater Than the National Average Payment","1.6",NA,"No Different Than the National Rate","No Different Than the National Rate","No Different Than the National Value","very high","56","214","3","Not Available","Not Available",171,21.8,-8.3,54,141,54,1,"83","83","73","63","68","72","82","74","76","72",178,1.103,25.8574,23.4422,53,0.297752808988764
"100030",0.989,NA,20320,"No Different Than the National Average Payment","2.3",NA,"No Different Than the National Rate","No Different Than the National Rate","No Different Than the National Value","very high","47","154","6","Not Available","Not Available",417,14.6,-6.5,38.3,326,102,1,"89","89","81","73","80","79","84","85","87","86",345,1.0974,22.2248,20.2521,83,0.240579710144928
"100032",1.158,NA,22456,"Greater Than the National Average Payment","5.4",NA,"No Different Than the National Rate","No Different Than the National Rate","No Different Than the National Value","high","58","158","3","Not Available","Not Available",142,27.4,-2.2,61.4,125,33,1,"89","90","80","73","85","78","82","81","86","84",123,1.0084,20.6804,20.5073,26,0.211382113821138
"100034",0.307,NA,21430,"Greater Than the National Average Payment","11.1",NA,"No Different Than the National Rate","No Different Than the National Rate","No Different Than the National Value","very high","83","182","1","70","66",540,21.2,1.3,43.8,410,139,0,"86","88","77","68","79","78","85","81","85","84",167,0.9772,21.8978,22.4083,35,0.209580838323353
"100035",1.277,NA,23086,"Greater Than the National Average Payment","1.7",NA,"No Different Than the National Rate","No Different Than the National Rate","No Different Than the National Value","very high","46","175","2","47","96",402,6.7,-14.4,29.4,354,104,1,"88","85","77","66","81","75","81","72","81","78",354,0.9901,20.8114,21.0205,73,0.206214689265537
"100038",0.738,NA,22313,"Greater Than the National Average Payment","5",NA,"No Different Than the National Rate","Worse Than the National Rate","No Different Than the National Value","very high","95","159","2","Not Available","97",429,29.6,5,55.1,345,104,0,"88","88","79","70","83","79","85","73","85","85",388,1.029,21.6649,21.0535,86,0.221649484536082
"100039",0.672,NA,20808,"No Different Than the National Average Payment","9",NA,"No Different Than the National Rate","Worse Than the National Rate","No Different Than the National Value","medium","91","179","2","Not Available","Not Available",194,50.1,19.5,87,154,57,0,"86","85","76","68","79","76","83","78","84","82",164,1.0485,21.2274,20.245,38,0.231707317073171
"100040",1.537,NA,19851,"No Different Than the National Average Payment","6.8",NA,"No Different Than the National Rate","No Different Than the National Rate","No Different Than the National Value","very high","Not Available","167","2","94","99",561,16.4,-2.6,36.8,449,135,1,"89","90","81","71","86","80","85","84","86","86",435,0.9806,20.3013,20.7024,87,0.2
"100043",0.576,NA,18739,"No Different Than the National Average Payment","10.6",NA,"No Different Than the National Rate","No Different Than the National Rate","No Different Than the National Value","medium","32","139","1","94","99",151,-0.8,-26.7,29.6,126,40,1,"93","91","86","78","87","83","92","84","92","92",134,0.9508,19.6799,20.6987,23,0.171641791044776
"100044",0.641,NA,21710,"Greater Than the National Average Payment","1.6",NA,"Better Than the National Rate","No Different Than the National Rate","No Different Than the National Value","very high","73","161","1","Not Available","Not Available",1315,12.8,1.2,25.5,1077,361,0,"86","86","77","67","80","76","83","71","81","80",1003,0.9817,18.6653,19.0137,186,0.185443668993021
"100045",1.117,NA,19454,"No Different Than the National Average Payment","3",NA,"No Different Than the National Rate","Worse Than the National Rate","No Different Than the National Value","high","64","164","2","Not Available","100",326,-11.9,-30.7,8.5,258,78,1,"90","89","81","77","87","81","86","79","86","85",302,1.0331,20.474,19.8173,64,0.211920529801325
"100046",0.525,NA,20428,"No Different Than the National Average Payment","12.2",NA,"No Different Than the National Rate","No Different Than the National Rate","No Different Than the National Value","high","65","178","5","91","Not Available",380,-3,-23.2,18.2,306,103,1,"91","88","86","75","86","79","84","79","87","86",302,0.9507,20.3286,21.383,58,0.19205298013245
"100047",NA,NA,20290,"No Different Than the National Average Payment","1.9",NA,"No Different Than the National Rate","No Different Than the National Rate","No Different Than the National Value","low","53","129","2","91","98",132,23.8,-3.1,54.7,118,35,1,"87","85","81","66","79","74","80","76","79","75",115,1.0362,21.3912,20.6442,27,0.234782608695652
"100049",NA,NA,19297,"No Different Than the National Average Payment","5.7",NA,"No Different Than the National Rate","No Different Than the National Rate","No Different Than the National Value","medium","42","123","1","100","99",131,-25.2,-47.8,0.7,114,36,1,"88","84","84","70","82","78","84","80","83","80",108,1.0098,20.6936,20.4937,23,0.212962962962963
"100051",0.576,NA,19169,"No Different Than the National Average Payment","4.5",NA,"No Different Than the National Rate","No Different Than the National Rate","No Different Than the National Value","very high","45","147","1","Not Available","Not Available",602,2.2,-14.3,20.6,477,155,1,"90","89","82","73","86","80","86","79","87","87",498,1.0662,21.2229,19.9043,110,0.220883534136546
"100052",0.354,NA,20210,"No Different Than the National Average Payment","1.8",NA,"No Different Than the National Rate","No Different Than the National Rate","No Different Than the National Value","very high","40","217","6","91","99",375,29.5,8.4,53,306,112,0,"90","88","83","74","84","78","87","79","86","85",315,0.9635,20.4778,21.2545,62,0.196825396825397
"100053",2.933,NA,25099,"Greater Than the National Average Payment","1",NA,"Number of Cases Too Small","No Different Than the National Rate","No Different Than the National Value","medium","88","148","3","Not Available","Not Available",69,7.2,-28.7,51,61,24,1,"89","89","80","73","77","81","91","81","82","80",78,1.056,24.5555,23.2529,23,0.294871794871795
"100054",NA,NA,17562,"Less Than the National Average Payment","8.4",NA,"No Different Than the National Rate","No Different Than the National Rate","No Different Than the National Value","low","39","141","1","100","100",130,21.4,-6.1,51.6,114,46,1,"92","91","86","76","84","79","91","82","91","91",124,1.0368,20.6248,19.8923,28,0.225806451612903
"100055",1.229,NA,21095,"No Different Than the National Average Payment","8.3",NA,"No Different Than the National Rate","No Different Than the National Rate","No Different Than the National Value","medium","68","140","2","91","Not Available",207,5.3,-17.8,31.2,168,69,1,"90","89","85","74","85","80","87","77","87","86",152,0.968,19.8561,20.5134,28,0.184210526315789
"100057",0.496,NA,20177,"No Different Than the National Average Payment","5.4",NA,"No Different Than the National Rate","No Different Than the National Rate","No Different Than the National Value","very high","56","224","3","Not Available","Not Available",846,-15.3,-29.4,0.1,631,198,1,"90","87","84","75","84","79","88","82","87","87",616,0.9594,20.4199,21.2844,123,0.199675324675325
"100062",0.235,NA,20696,"No Different Than the National Average Payment","3.6",NA,"No Different Than the National Rate","No Different Than the National Rate","No Different Than the National Value","very high","75","145","1","Not Available","Not Available",623,4.9,-10.8,22.4,531,188,1,"90","86","82","73","84","78","79","78","86","85",512,1.0926,22.2634,20.3767,120,0.234375
"100063",0,NA,19467,"No Different Than the National Average Payment","4.9",NA,"No Different Than the National Rate","No Different Than the National Rate","No Different Than the National Value","high","42","210","4","89","98",282,10.3,-12.4,35.8,228,76,1,"92","89","86","76","88","82","88","80","90","90",223,1.0112,22.0797,21.8358,50,0.224215246636771
"100067",0.46,NA,22224,"Greater Than the National Average Payment","5.6",NA,"No Different Than the National Rate","No Different Than the National Rate","No Different Than the National Value","very high","45","199","4","90","97",437,8.9,-11,31,374,115,1,"91","90","84","76","86","81","85","84","90","91",356,0.8869,18.2423,20.5685,57,0.160112359550562
"100068",0.508,NA,20066,"No Different Than the National Average Payment","6.5",NA,"No Different Than the National Rate","No Different Than the National Rate","No Different Than the National Value","very high","62","158","2","Not Available","100",694,-11.5,-27.8,6.5,556,158,1,"91","90","84","76","86","81","85","84","89","90",595,0.9395,19.6933,20.9617,113,0.189915966386555
"100069",0,NA,20519,"No Different Than the National Average Payment","6.3",NA,"No Different Than the National Rate","No Different Than the National Rate","No Different Than the National Value","high","66","156","4","96","Not Available",126,-1.8,-28.4,28.6,111,31,1,"90","89","83","74","86","81","84","86","86","85",88,0.9827,19.4964,19.8394,16,0.181818181818182
"100071",1.888,NA,19560,"No Different Than the National Average Payment","2",NA,"No Different Than the National Rate","No Different Than the National Rate","No Different Than the National Value","high","16","161","2","Not Available","100",198,36,9.4,65.1,175,61,0,"87","83","78","69","79","75","82","76","81","78",147,1.0004,19.7078,19.699,29,0.197278911564626
"100072",0.478,NA,19174,"No Different Than the National Average Payment","3.2",NA,"No Different Than the National Rate","No Different Than the National Rate","No Different Than the National Value","high","57","137","2","Not Available","Not Available",463,-4.7,-23.8,15.6,363,115,1,"92","89","87","78","89","82","87","86","89","88",366,0.9735,20.4382,20.9948,73,0.199453551912568
"100073",0,NA,20912,"No Different Than the National Average Payment","7.2",NA,"No Different Than the National Rate","No Different Than the National Rate","No Different Than the National Value","very high","44","170","1","71","Not Available",466,5.8,-13.2,26.3,388,134,1,"87","89","77","67","81","78","82","72","85","85",366,1.0246,21.4099,20.8959,80,0.218579234972678
"100075",0.635,NA,20246,"No Different Than the National Average Payment","1.3",NA,"No Different Than the National Rate","No Different Than the National Rate","No Different Than the National Value","very high","44","195","5","88","99",1376,-4,-15.7,8.1,1103,369,1,"91","90","84","75","87","82","90","87","90","91",1052,0.9498,19.6233,20.6611,203,0.192965779467681
"100077",0.41,NA,22190,"Greater Than the National Average Payment","0.5",NA,"No Different Than the National Rate","No Different Than the National Rate","No Different Than the National Value","medium","49","153","4","95","99",379,39.2,15.7,64.1,320,117,0,"85","83","75","65","78","73","69","67","77","74",329,1.174,24.3055,20.7027,91,0.276595744680851
"100080",0.659,NA,22393,"Greater Than the National Average Payment","1.2",NA,"Worse Than the National Rate","No Different Than the National Rate","No Different Than the National Value","very high","33","144","2","96","98",789,17.4,0.3,35.7,673,203,0,"83","84","71","64","77","73","78","76","78","75",632,1.1034,22.5197,20.4094,149,0.235759493670886
"100084",1.416,NA,19998,"No Different Than the National Average Payment","1.2",NA,"No Different Than the National Rate","No Different Than the National Rate","No Different Than the National Value","medium","81","221","6","90","98",752,31.3,12.6,52.6,602,194,0,"90","85","81","73","84","78","84","78","85","84",585,1.0315,21.0121,20.3707,125,0.213675213675214
"100086",0.995,NA,22353,"Greater Than the National Average Payment","3.3",NA,"No Different Than the National Rate","No Different Than the National Rate","No Different Than the National Value","high","87","181","0","Not Available","Not Available",173,60.7,31.6,92.7,151,67,0,"90","89","80","75","83","80","86","81","88","86",137,1.2002,23.7549,19.7929,45,0.328467153284672
"100087",0.652,NA,21534,"Greater Than the National Average Payment","8.3",NA,"Better Than the National Rate","No Different Than the National Rate","Better Than the National Value","very high","55","219","2","98","100",1908,-11.7,-22.3,-1.6,1572,451,2,"91","90","80","74","85","80","84","76","88","90",1394,0.9558,19.4407,20.3407,268,0.192252510760402
"100088",0.84,NA,19356,"No Different Than the National Average Payment","6.4",NA,"Worse Than the National Rate","No Different Than the National Rate","No Different Than the National Value","very high","95","153","4","Not Available","Not Available",1335,-8.7,-20.3,3.6,1108,331,1,"90","90","82","74","84","80","88","85","89","89",996,0.8988,18.0759,20.1112,173,0.173694779116466
"100090",1.814,NA,20980,"Greater Than the National Average Payment","8.1",NA,"No Different Than the National Rate","No Different Than the National Rate","No Different Than the National Value","high","78","176","3","Not Available","Not Available",555,-4.1,-20.2,12.3,435,154,1,"90","89","79","72","81","78","77","76","84","84",463,1.0103,20.5863,20.3764,96,0.207343412526998
"100092",1.113,NA,19008,"No Different Than the National Average Payment","7.6",NA,"No Different Than the National Rate","No Different Than the National Rate","No Different Than the National Value","medium","81","174","3","Not Available","Not Available",327,-16.2,-36.4,7,258,70,1,"89","89","82","74","85","79","87","82","83","81",278,0.8866,18.3287,20.6728,43,0.154676258992806
"100093",0.446,NA,19318,"No Different Than the National Average Payment","7.9",NA,"No Different Than the National Rate","No Different Than the National Rate","No Different Than the National Value","very high","56","192","1","Not Available","Not Available",585,-2.4,-19.1,14.6,491,162,1,"91","90","78","76","85","81","81","82","87","87",463,1.0745,21.6298,20.1307,105,0.226781857451404
"100099",NA,NA,18966,"No Different Than the National Average Payment","8.6",NA,"No Different Than the National Rate","No Different Than the National Rate","No Different Than the National Value","medium","64","121","1","99","Not Available",113,12,-15.5,43.3,83,33,1,"92","89","86","77","86","80","89","82","87","85",102,1.052,20.2015,19.2038,24,0.235294117647059
"100105",0.728,NA,20544,"Greater Than the National Average Payment","1.6",NA,"No Different Than the National Rate","No Different Than the National Rate","No Different Than the National Value","high","73","211","2","Not Available","Not Available",974,-19.9,-31.5,-7.7,793,240,2,"89","89","82","70","83","78","81","76","83","82",696,0.9159,17.1956,18.7744,114,0.163793103448276
"100109",0.581,NA,22156,"Greater Than the National Average Payment","11.2",NA,"No Different Than the National Rate","No Different Than the National Rate","No Different Than the National Value","high","77","165","3","Not Available","99",571,20.8,1.6,41.1,461,165,0,"89","86","82","71","84","77","84","80","84","83",461,1.0776,22.9715,21.3164,111,0.240780911062907
"100110",0.975,NA,19864,"No Different Than the National Average Payment","1.2",NA,"No Different Than the National Rate","No Different Than the National Rate","No Different Than the National Value","very high","38","118","1","97","100",211,44.5,14,79.5,185,59,0,"85","85","76","67","77","75","84","82","81","79",219,1.0701,23.8785,22.314,57,0.26027397260274
"100113",0.919,NA,19536,"No Different Than the National Average Payment","8.8",NA,"No Different Than the National Rate","No Different Than the National Rate","Worse Than the National Value","very high","82","242","4","94","97",758,-2.7,-18.6,15,623,193,1,"91","90","82","75","88","82","84","81","90","91",648,1.066,21.7104,20.3669,145,0.223765432098765
"100117",1.314,NA,19566,"No Different Than the National Average Payment","9.1",NA,"No Different Than the National Rate","No Different Than the National Rate","No Different Than the National Value","medium","95","193","2","Not Available","Not Available",390,-24.3,-40,-7.3,321,100,2,"91","92","84","74","84","81","88","84","91","92",331,0.9094,17.896,19.6796,53,0.16012084592145
"100118",1.318,NA,19049,"No Different Than the National Average Payment","2.3",NA,"No Different Than the National Rate","No Different Than the National Rate","No Different Than the National Value","high","48","180","2","Not Available","100",507,24.6,3.7,46.7,389,133,0,"91","88","86","77","86","80","88","81","87","85",395,1.0487,21.7146,20.706,89,0.225316455696203
"100121",NA,NA,18840,"No Different Than the National Average Payment","5.8",NA,"No Different Than the National Rate","No Different Than the National Rate","No Different Than the National Value","medium","51","131","1","89","99",86,16,-12.4,51.8,70,24,1,"91","90","88","78","88","83","90","86","91","90",61,0.9911,18.995,19.1655,11,0.180327868852459
"100122",1.333,NA,19183,"No Different Than the National Average Payment","7.3",NA,"No Different Than the National Rate","No Different Than the National Rate","No Different Than the National Value","medium","60","156","1","87","92",241,0,-23,26.4,204,68,1,"89","87","81","71","83","76","86","80","83","80",209,1.1005,24.1117,21.9095,57,0.272727272727273
"100124",NA,NA,19615,"No Different Than the National Average Payment","3.4",NA,"No Different Than the National Rate","No Different Than the National Rate","No Different Than the National Value","high","58","124","1","Not Available","46",135,-21.5,-42.1,2.6,118,45,1,"89","90","79","72","85","79","88","81","84","80",103,1.0626,22.2001,20.892,27,0.262135922330097
"100125",0,NA,21474,"No Different Than the National Average Payment","3.5",NA,"No Different Than the National Rate","No Different Than the National Rate","No Different Than the National Value","very high","87","242","4","Not Available","Not Available",76,6.4,-26.7,45.7,69,22,1,"90","91","78","78","89","82","90","84","88","88",66,1.0293,22.7447,22.0969,17,0.257575757575758
"100126",NA,NA,22239,"Greater Than the National Average Payment","2.9",NA,"No Different Than the National Rate","No Different Than the National Rate","No Different Than the National Value","low","26","105","1","96","100",127,9.2,-20.7,44.1,110,35,1,"91","91","83","73","82","79","86","77","88","85",113,0.9863,21.1797,21.4748,23,0.20353982300885
"100127",0.427,NA,20401,"No Different Than the National Average Payment","1.3",NA,"No Different Than the National Rate","No Different Than the National Rate","No Different Than the National Value","very high","40","192","3","90","98",845,26.3,9.9,43,699,248,0,"92","90","84","77","87","82","87","79","91","93",679,1.1096,22.3793,20.1694,159,0.234167893961708
"100128",1.047,NA,21502,"Greater Than the National Average Payment","7.6",NA,"Worse Than the National Rate","Worse Than the National Rate","Worse Than the National Value","very high","74","248","2","Not Available","Not Available",789,29.7,11.7,49.3,631,225,0,"89","89","80","73","83","80","79","78","86","87",662,1.0954,24.5636,22.4233,169,0.255287009063444
"100131",0.235,NA,21732,"Greater Than the National Average Payment","0.3",NA,"No Different Than the National Rate","No Different Than the National Rate","No Different Than the National Value","high","24","150","1","99","100",313,16.5,-7.6,41.9,264,84,1,"88","88","79","67","77","78","85","86","86","84",285,1.1379,24.8942,21.8779,80,0.280701754385965
"100132",0.547,NA,20263,"No Different Than the National Average Payment","5.4",NA,"No Different Than the National Rate","No Different Than the National Rate","No Different Than the National Value","medium","51","181","3","89","99",124,-5.6,-31.7,25.3,103,29,1,"91","89","84","77","89","80","88","81","87","85",100,0.8928,19.6061,21.9606,12,0.12
"100135",1.137,NA,21730,"Greater Than the National Average Payment","0",NA,"No Different Than the National Rate","No Different Than the National Rate","No Different Than the National Value","very high","85","217","2","Not Available","Not Available",722,-19.7,-32.9,-5.5,580,200,2,"88","89","78","70","80","77","79","78","84","84",623,0.9161,19.0719,20.8186,113,0.181380417335474
"100137",1.16,NA,20136,"No Different Than the National Average Payment","7.4",NA,"No Different Than the National Rate","No Different Than the National Rate","No Different Than the National Value","very high","61","129","2","91","Not Available",144,12.2,-14.9,43.4,130,41,1,"88","87","79","73","84","78","88","80","84","81",89,0.9787,19.5827,20.0099,16,0.179775280898876
"100140",NA,NA,19806,"No Different Than the National Average Payment","8.5",NA,"No Different Than the National Rate","No Different Than the National Rate","No Different Than the National Value","medium","95","171","2","Not Available","Not Available",185,-24.1,-41.4,-3.1,165,62,2,"92","91","86","78","81","80","90","85","91","92",143,0.9769,19.2542,19.709,26,0.181818181818182
"100142",NA,NA,17920,"No Different Than the National Average Payment","19.5",NA,"No Different Than the National Rate","No Different Than the National Rate","No Different Than the National Value","medium","67","130","1","83","84",128,-1.8,-24.2,23.1,102,35,1,"92","94","83","84","89","81","91","87","90","88",112,0.9913,17.4661,17.619,19,0.169642857142857
"100150",NA,NA,19021,"No Different Than the National Average Payment","4.8",NA,"No Different Than the National Rate","No Different Than the National Rate","No Different Than the National Value","medium","48","134","3","92","93",155,-19.1,-41.4,7.1,126,35,1,"91","90","89","77","84","79","83","81","84","81",115,0.9056,17.7856,19.6385,14,0.121739130434783
"100151",0.426,NA,19105,"No Different Than the National Average Payment","1.8",NA,"Better Than the National Rate","Worse Than the National Rate","Better Than the National Value","medium","69","193","2","Not Available","Not Available",858,0.8,-14.3,17,685,239,1,"93","94","84","79","90","86","92","87","95","96",634,1.0508,22.3393,21.2592,145,0.228706624605678
"100154",0.243,NA,20424,"No Different Than the National Average Payment","2.3",NA,"No Different Than the National Rate","No Different Than the National Rate","No Different Than the National Value","high","88","186","1","Not Available","Not Available",383,62.7,38.9,87.7,318,136,0,"91","91","84","74","85","82","86","82","89","89",304,1.0466,21.0294,20.0934,67,0.220394736842105
"100156",0,NA,19572,"No Different Than the National Average Payment","7.3",NA,"No Different Than the National Rate","No Different Than the National Rate","No Different Than the National Value","very high","38","120","0","99","98",465,13.1,-5.2,33.1,372,138,1,"88","88","82","71","79","75","86","80","84","82",386,1.0217,20.6106,20.1725,81,0.209844559585492
"100157",0.782,NA,18201,"Less Than the National Average Payment","0.7",NA,"No Different Than the National Rate","No Different Than the National Rate","No Different Than the National Value","very high","90","197","3","Not Available","Not Available",1117,19.1,4.3,33.6,853,296,0,"90","88","82","74","82","78","83","81","87","86",927,1.1104,21.4655,19.3312,206,0.222222222222222
"100161",1.568,NA,22831,"Greater Than the National Average Payment","6",NA,"No Different Than the National Rate","No Different Than the National Rate","No Different Than the National Value","medium","24","138","1","91","99",243,27.8,1.4,56.6,207,77,0,"87","86","82","67","81","76","83","78","82","81",227,1.1154,23.1455,20.7507,60,0.26431718061674
"100166",0.589,NA,21299,"Greater Than the National Average Payment","0.9",NA,"No Different Than the National Rate","No Different Than the National Rate","No Different Than the National Value","high","28","128","1","99","99",358,14,-6.5,37,320,112,1,"89","88","80","74","83","79","89","80","88","87",298,1.1054,22.8713,20.6905,75,0.251677852348993
"100167",0.542,NA,20662,"No Different Than the National Average Payment","2.3",NA,"No Different Than the National Rate","No Different Than the National Rate","No Different Than the National Value","high","35","128","0","98","99",195,42.1,11.1,77.5,158,54,0,"89","88","79","69","78","80","78","84","83","83",208,1.0213,22.383,21.9151,48,0.230769230769231
"100168",0.558,NA,22853,"Greater Than the National Average Payment","5.3",NA,"No Different Than the National Rate","No Different Than the National Rate","No Different Than the National Value","very high","79","216","3","89","99",1080,9.5,-4.4,23.4,918,278,1,"87","88","72","68","78","76","81","71","83","83",885,1.042,20.7061,19.8708,186,0.210169491525424
"100173",1.063,NA,20940,"No Different Than the National Average Payment","12.3",NA,"No Different Than the National Rate","No Different Than the National Rate","Worse Than the National Value","very high","68","171","4","87","98",381,13.2,-10,38.4,314,102,1,"90","90","80","73","85","80","81","81","86","85",312,0.9718,20.8135,21.4184,63,0.201923076923077
"100176",0.278,NA,23080,"Greater Than the National Average Payment","2.8",NA,"No Different Than the National Rate","No Different Than the National Rate","No Different Than the National Value","medium","24","147","1","97","98",463,16.9,-1.6,38,382,124,1,"84","84","71","62","76","73","73","72","79","76",390,0.9944,19.8397,19.9521,77,0.197435897435897
"100177",0,NA,20868,"No Different Than the National Average Payment","6.4",NA,"Worse Than the National Rate","No Different Than the National Rate","No Different Than the National Value","medium","63","167","1","Not Available","Not Available",229,-10.4,-30.7,13,206,66,1,"90","90","79","76","87","80","86","77","87","88",167,0.9155,19.0787,20.8396,26,0.155688622754491
"100179",0.708,NA,22558,"Greater Than the National Average Payment","6.7",NA,"Worse Than the National Rate","No Different Than the National Rate","No Different Than the National Value","very high","23","128","1","94","100",301,16.9,-6.8,43.5,258,88,1,"88","87","77","70","80","78","82","82","85","82",292,1.0958,24.5271,22.3822,78,0.267123287671233
"100180",NA,NA,21759,"No Different Than the National Average Payment","5.8",NA,"No Different Than the National Rate","No Different Than the National Rate","No Different Than the National Value","medium","35","126","0","94","99",83,23.8,-7.8,62.6,80,30,1,"87","87","77","68","81","76","83","83","85","83",72,1.0377,22.8675,22.0365,19,0.263888888888889
"100183",NA,NA,21865,"No Different Than the National Average Payment","0",NA,"Number of Cases Too Small","No Different Than the National Rate","No Different Than the National Value","medium","74","144","1","Not Available","Not Available",93,48.8,8.6,96.4,76,22,0,"90","88","81","74","78","80","89","81","82","81",94,1.0503,25.0243,23.825,27,0.287234042553192
"100187",0.554,NA,23585,"Greater Than the National Average Payment","2",NA,"No Different Than the National Rate","No Different Than the National Rate","No Different Than the National Value","high","76","180","3","Not Available","Not Available",178,3.9,-22.7,34.4,158,48,1,"86","88","76","69","76","76","86","77","78","75",171,0.9907,22.014,22.2207,37,0.216374269005848
"100189",1.187,NA,21710,"Greater Than the National Average Payment","0.4",NA,"No Different Than the National Rate","No Different Than the National Rate","No Different Than the National Value","high","36","142","0","91","99",291,22.4,-0.6,48.4,247,79,1,"83","84","70","60","73","73","79","74","78","75",249,1.0714,21.4309,20.0033,58,0.232931726907631
"100191",1.304,NA,20085,"No Different Than the National Average Payment","1.3",NA,"No Different Than the National Rate","No Different Than the National Rate","No Different Than the National Value","very high","34","111","1","99","100",247,22.4,-2.9,49.8,208,78,1,"88","86","80","70","81","78","86","83","86","85",234,1.1294,25.0034,22.1384,67,0.286324786324786
"100200",0.527,NA,19565,"No Different Than the National Average Payment","7.1",NA,"No Different Than the National Rate","No Different Than the National Rate","No Different Than the National Value","Not Available","85","137","Not Available","Not Available","Not Available",82,11.9,-17.3,46.5,76,25,1,"86","87","76","65","78","77","82","77","85","85",65,1.045,18.668,17.864,15,0.230769230769231
"100204",0.906,NA,19944,"No Different Than the National Average Payment","3.4",NA,"No Different Than the National Rate","Better Than the National Rate","Better Than the National Value","medium","24","107","1","88","97",1005,4.4,-9.5,19.4,813,251,1,"86","87","74","69","79","77","82","76","83","83",875,1.0029,20.8919,20.8314,183,0.209142857142857
"100206",NA,NA,20277,"No Different Than the National Average Payment","3.6",NA,"No Different Than the National Rate","No Different Than the National Rate","No Different Than the National Value","medium","29","112","1","95","98",136,23.1,-4.7,58.1,108,41,1,"89","89","82","72","82","79","86","88","88","88",119,1.0308,20.9695,20.3425,27,0.226890756302521
"100209",0.708,NA,23859,"Greater Than the National Average Payment","0.5",NA,"No Different Than the National Rate","No Different Than the National Rate","No Different Than the National Value","very high","26","138","1","98","100",149,-2.6,-32.3,28.5,123,37,1,"89","89","84","73","79","80","85","81","82","80",153,0.9409,21.6951,23.059,29,0.189542483660131
"100211",NA,NA,22253,"Greater Than the National Average Payment","16.6",NA,"No Different Than the National Rate","No Different Than the National Rate","No Different Than the National Value","medium","65","137","4","94","Not Available",132,25.4,-2,59.2,123,45,1,"90","90","84","76","89","81","85","78","86","85",92,1.0631,22.6169,21.2736,25,0.271739130434783
"100212",0.315,NA,19728,"No Different Than the National Average Payment","0.3",NA,"Worse Than the National Rate","Better Than the National Rate","Worse Than the National Value","very high","37","123","1","95","100",1096,-11.4,-23.4,1.4,918,273,1,"87","86","80","68","78","76","81","75","84","82",895,1.0156,20.1083,19.7995,181,0.202234636871508
"100213",0.217,NA,21533,"Greater Than the National Average Payment","5.2",NA,"No Different Than the National Rate","No Different Than the National Rate","No Different Than the National Value","high","23","166","1","93","99",371,20.7,-2.5,45,320,86,1,"86","85","74","68","81","75","83","69","78","76",340,0.9648,19.2291,19.9315,63,0.185294117647059
"100217",NA,NA,19839,"No Different Than the National Average Payment","5.4",NA,"No Different Than the National Rate","No Different Than the National Rate","No Different Than the National Value","low","56","141","3","Not Available","Not Available",266,-2.6,-22.7,18.6,213,75,1,"88","88","79","71","80","76","84","81","83","82",244,1.0204,19.9445,19.5463,50,0.204918032786885
"100220",0.451,NA,19303,"No Different Than the National Average Payment","0.3",NA,"No Different Than the National Rate","No Different Than the National Rate","No Different Than the National Value","very high","38","280","3","Not Available","95",995,14.2,-1.3,30.3,836,273,1,"91","89","82","74","88","81","87","82","89","89",762,1.0029,21.2345,21.174,162,0.21259842519685
"100223",1.054,NA,20331,"No Different Than the National Average Payment","3.7",NA,"No Different Than the National Rate","No Different Than the National Rate","No Different Than the National Value","very high","40","122","1","100","100",483,-12.5,-29.2,5.5,396,130,1,"88","87","79","69","80","76","89","82","85","83",397,1.0035,20.5951,20.5227,82,0.206549118387909
"100224",0,NA,22417,"Greater Than the National Average Payment","1.6",NA,"No Different Than the National Rate","No Different Than the National Rate","No Different Than the National Value","Not Available","33","121","Not Available","95","98",172,47.2,17.1,80.9,137,49,0,"82","83","73","64","74","73","84","73","80","77",143,1.0336,22.1986,21.4763,34,0.237762237762238
"100226",0.434,NA,22184,"Greater Than the National Average Payment","4.9",NA,"No Different Than the National Rate","No Different Than the National Rate","No Different Than the National Value","very high","20","113","1","90","99",388,16.7,-6.4,41.7,316,118,1,"87","86","74","69","78","76","85","80","82","78",351,0.9965,23.1475,23.2298,81,0.230769230769231
"100228",0.528,NA,23847,"Greater Than the National Average Payment","0.9",NA,"No Different Than the National Rate","No Different Than the National Rate","No Different Than the National Value","very high","35","113","1","100","100",270,38.2,11.2,68.7,225,78,0,"86","86","75","69","75","74","84","80","82","80",247,1.128,24.9346,22.106,70,0.283400809716599
"100230",2.139,NA,19609,"No Different Than the National Average Payment","5.3",NA,"No Different Than the National Rate","No Different Than the National Rate","No Different Than the National Value","very high","94","132","2","Not Available","Not Available",80,17.1,-16.5,56.9,66,24,1,"91","91","86","76","82","81","90","85","89","88",67,1.0016,22.2211,22.185,15,0.223880597014925
"100231",0.248,NA,19708,"No Different Than the National Average Payment","1.2",NA,"Worse Than the National Rate","No Different Than the National Rate","No Different Than the National Value","very high","38","127","1","94","99",618,0.4,-14.7,16.9,503,177,1,"89","89","79","74","85","79","85","82","86","85",559,1.0457,21.2852,20.3548,122,0.21824686940966
"100232",1.974,NA,20425,"No Different Than the National Average Payment","1.9",NA,"No Different Than the National Rate","No Different Than the National Rate","No Different Than the National Value","medium","31","134","2","92","95",405,5.6,-14.7,29.5,304,108,1,"87","85","78","67","80","75","87","75","80","78",352,1.0019,22.6896,22.646,80,0.227272727272727
"100236",0.433,NA,19916,"No Different Than the National Average Payment","3.9",NA,"No Different Than the National Rate","No Different Than the National Rate","No Different Than the National Value","medium","32","128","1","99","100",396,-8.1,-25.4,11.7,342,113,1,"86","83","75","66","81","75","78","68","79","78",391,1.0026,21.4389,21.3841,84,0.214833759590793
"100238",0.567,NA,21020,"No Different Than the National Average Payment","8.6",NA,"No Different Than the National Rate","No Different Than the National Rate","No Different Than the National Value","medium","35","171","1","97","100",245,10.1,-13.2,36.4,209,75,1,"87","87","77","70","82","78","75","74","82","79",223,1.136,23.8675,21.0102,62,0.278026905829596
"100242",0.935,NA,22819,"Greater Than the National Average Payment","13.9",NA,"No Different Than the National Rate","No Different Than the National Rate","No Different Than the National Value","very high","28","119","2","86","99",394,1.7,-17.2,22,336,121,1,"87","87","77","71","84","78","84","78","83","82",328,1.0563,22.9363,21.7137,79,0.240853658536585
"100243",0.749,NA,20180,"No Different Than the National Average Payment","1.4",NA,"No Different Than the National Rate","No Different Than the National Rate","No Different Than the National Value","very high","31","116","1","95","98",420,32.9,10.6,56.6,345,114,0,"88","87","79","72","83","77","85","79","84","80",395,1.1412,24.0264,21.054,104,0.263291139240506
"100244",0.224,NA,19216,"No Different Than the National Average Payment","0",NA,"No Different Than the National Rate","No Different Than the National Rate","No Different Than the National Value","very high","41","232","2","Not Available","92",815,16,0.3,33.6,645,209,0,"92","89","83","76","88","81","84","80","88","88",657,0.9707,20.2423,20.8529,131,0.199391171993912
"100246",0.732,NA,22493,"Greater Than the National Average Payment","1.8",NA,"No Different Than the National Rate","No Different Than the National Rate","No Different Than the National Value","very high","31","127","1","98","100",427,34.1,13.2,57.9,353,128,0,"87","83","78","70","80","77","82","72","82","80",359,1.1238,23.1208,20.5744,91,0.253481894150418
"100248",1.164,NA,24581,"Greater Than the National Average Payment","7.6",NA,"Worse Than the National Rate","No Different Than the National Rate","No Different Than the National Value","very high","25","118","1","94","98",383,23.1,1.5,46.7,341,120,0,"87","87","77","68","80","76","86","76","80","78",330,1.108,23.6207,21.319,85,0.257575757575758
"100249",NA,NA,20000,"No Different Than the National Average Payment","0.2",NA,"No Different Than the National Rate","No Different Than the National Rate","No Different Than the National Value","high","51","136","1","Not Available","Not Available",329,5.9,-13.5,28.7,292,94,1,"88","86","78","66","80","75","79","71","80","77",280,1.0693,21.6108,20.2106,65,0.232142857142857
"100252",NA,NA,19205,"No Different Than the National Average Payment","15",NA,"No Different Than the National Rate","No Different Than the National Rate","No Different Than the National Value","medium","39","108","1","100","100",180,20,-4.9,47.9,145,60,1,"91","87","85","77","86","80","92","80","89","88",153,1.105,23.0084,20.8214,42,0.274509803921569
"100253",0,NA,21202,"Greater Than the National Average Payment","4.1",NA,"No Different Than the National Rate","No Different Than the National Rate","No Different Than the National Value","high","59","191","1","Not Available","93",520,-2.4,-18.4,14.7,430,136,1,"90","89","81","74","83","81","85","79","89","90",375,1.0329,19.4317,18.8121,75,0.2
"100254",0.308,NA,19964,"No Different Than the National Average Payment","0.6",NA,"No Different Than the National Rate","No Different Than the National Rate","No Different Than the National Value","very high","27","121","2","81","87",273,17.3,-4,41.8,216,80,1,"86","87","75","68","77","76","84","83","84","83",262,1.1972,24.2753,20.2771,76,0.290076335877863
"100256",0.748,NA,20145,"No Different Than the National Average Payment","1.3",NA,"Worse Than the National Rate","No Different Than the National Rate","No Different Than the National Value","high","29","162","1","98","100",402,6.1,-14.7,28.5,340,105,1,"87","86","80","69","80","75","85","72","82","80",336,1.0325,22.2685,21.5671,77,0.229166666666667
"100258",0.922,NA,21521,"Greater Than the National Average Payment","1.7",NA,"No Different Than the National Rate","No Different Than the National Rate","No Different Than the National Value","high","37","175","3","79","92",935,10.9,-5,27.4,776,235,1,"79","81","64","58","71","71","74","68","73","69",790,1.0305,21.5162,20.8798,172,0.217721518987342
"100259",0.7,NA,20032,"No Different Than the National Average Payment","2.1",NA,"No Different Than the National Rate","No Different Than the National Rate","No Different Than the National Value","medium","38","145","1","88","97",342,-2.5,-21.2,18,276,100,1,"89","88","78","73","78","77","85","78","84","81",291,1.0656,21.2219,19.9163,66,0.22680412371134
"100260",0.964,NA,20479,"No Different Than the National Average Payment","1.9",NA,"No Different Than the National Rate","No Different Than the National Rate","No Different Than the National Value","very high","39","112","0","98","100",409,38.6,18,61.1,342,135,0,"88","86","78","72","85","78","89","80","86","84",342,1.3076,25.8605,19.7773,107,0.312865497076023
"100264",0.861,NA,20990,"Greater Than the National Average Payment","6.1",NA,"No Different Than the National Rate","No Different Than the National Rate","No Different Than the National Value","very high","37","148","0","98","100",621,20.9,1.9,40.1,515,166,0,"89","86","80","66","80","77","84","74","83","81",523,1.0567,22.2259,21.0323,120,0.229445506692161
"100265",0.721,NA,20712,"Greater Than the National Average Payment","3.3",NA,"No Different Than the National Rate","No Different Than the National Rate","No Different Than the National Value","very high","54","210","1","84","99",700,-0.5,-15.7,16.5,581,194,1,"92","90","83","77","88","82","87","82","90","91",529,0.9863,20.9693,21.26,110,0.207939508506616
"100266",NA,NA,19368,"No Different Than the National Average Payment","5.3",NA,"No Different Than the National Rate","No Different Than the National Rate","No Different Than the National Value","low","63","184","2","Not Available","Not Available",205,17.6,-6.2,44.7,175,61,1,"93","92","86","76","87","82","83","85","90","92",156,1.0152,19.2377,18.9504,31,0.198717948717949
"100267",NA,NA,20486,"No Different Than the National Average Payment","1.1",NA,"No Different Than the National Rate","No Different Than the National Rate","No Different Than the National Value","medium","47","149","1","100","100",212,4.2,-19.1,28.5,186,64,1,"90","89","81","74","80","78","87","76","87","85",171,1.0211,20.8133,20.3823,37,0.216374269005848
"100268",1.318,NA,21866,"Greater Than the National Average Payment","1.4",NA,"Not Available","No Different Than the National Rate","No Different Than the National Value","high","59","157","2","99","99",207,-0.6,-23.8,26.5,179,51,1,"82","85","66","64","78","73","74","66","75","72",181,1.1154,22.9658,20.5892,49,0.270718232044199
"100269",0.787,NA,21898,"Greater Than the National Average Payment","2.4",NA,"No Different Than the National Rate","No Different Than the National Rate","No Different Than the National Value","high","31","134","0","98","100",146,-1.7,-25.6,29.2,129,40,1,"87","85","74","66","80","76","87","73","83","82",119,0.9619,18.9819,19.7346,20,0.168067226890756
"100275",0.686,NA,20781,"No Different Than the National Average Payment","1.2",NA,"No Different Than the National Rate","No Different Than the National Rate","No Different Than the National Value","high","53","150","1","96","99",323,26,0.8,51.7,266,87,0,"82","83","70","60","75","72","82","75","78","76",251,1.1225,22.7704,20.2847,65,0.258964143426295
"100276",0.288,NA,22426,"Greater Than the National Average Payment","5.7",NA,"No Different Than the National Rate","No Different Than the National Rate","No Different Than the National Value","very high","90","176","1","Not Available","Not Available",166,-0.6,-26.1,28.9,140,49,1,"88","87","76","70","81","78","85","81","86","85",114,1.0078,20.5982,20.4398,24,0.210526315789474
"100281",1.024,NA,21765,"Greater Than the National Average Payment","3.8",NA,"Worse Than the National Rate","No Different Than the National Rate","Worse Than the National Value","very high","94","209","3","Not Available","98",393,36.7,13.5,62.3,312,108,0,"90","90","80","73","84","81","87","85","88","88",325,1.054,21.9806,20.8535,75,0.230769230769231
"100285",0,NA,20461,"No Different Than the National Average Payment","4.2",NA,"No Different Than the National Rate","No Different Than the National Rate","No Different Than the National Value","very high","94","176","1","Not Available","Not Available",97,13.8,-14.4,48.6,75,27,1,"92","92","82","75","87","83","89","86","90","90",64,1.0504,22.8209,21.7253,18,0.28125
"100286",0.436,NA,18778,"No Different Than the National Average Payment","6.3",NA,"No Different Than the National Rate","No Different Than the National Rate","No Different Than the National Value","high","43","163","1","Not Available","Not Available",868,17.6,3.4,33.4,737,231,0,"87","88","76","69","80","76","82","79","83","83",667,1.0551,19.711,18.6818,135,0.2023988005997
"100287",0,NA,20023,"No Different Than the National Average Payment","4.5",NA,"No Different Than the National Rate","No Different Than the National Rate","No Different Than the National Value","high","27","126","1","91","98",235,17.9,-6.4,43.6,197,69,1,"84","86","72","63","76","74","78","79","79","79",205,1.0847,21.2426,19.584,49,0.239024390243902
"100288",0.829,NA,19677,"No Different Than the National Average Payment","2.5",NA,"No Different Than the National Rate","No Different Than the National Rate","No Different Than the National Value","very high","50","165","5","81","99",46,50,6.7,104.6,42,12,0,"86","86","75","69","80","76","81","75","82","79",41,1.0419,20.2115,19.3987,11,0.268292682926829
"100289",1.464,NA,20751,"No Different Than the National Average Payment","2.8",NA,"No Different Than the National Rate","No Different Than the National Rate","No Different Than the National Value","high","82","236","1","Not Available","Not Available",481,16.6,-3.1,37.9,391,129,1,"89","91","79","70","84","81","86","82","88","89",406,1.01,20.0342,19.8365,82,0.201970443349754
"100290",1.791,NA,20977,"Greater Than the National Average Payment","0.3",NA,"No Different Than the National Rate","No Different Than the National Rate","No Different Than the National Value","high","73","177","2","87","97",853,18.2,2.5,34.7,739,224,0,"87","84","77","72","83","76","83","77","80","77",709,1.0486,20.9915,20.0193,152,0.214386459802539
"100292",NA,NA,20167,"No Different Than the National Average Payment","7.9",NA,"No Different Than the National Rate","No Different Than the National Rate","No Different Than the National Value","medium","Not Available","208","2","99","99",174,17.6,-6,44.4,155,55,1,"92","91","86","76","87","81","87","85","91","92",136,1.0428,20.7376,19.8862,31,0.227941176470588
"100296",NA,NA,22117,"Greater Than the National Average Payment","5",NA,"No Different Than the National Rate","No Different Than the National Rate","No Different Than the National Value","medium","85","177","0","Not Available","100",128,-9.9,-35.4,23.2,98,30,1,"87","91","79","70","85","81","87","82","87","87",102,0.9895,20.297,20.5123,20,0.196078431372549
"100299",0.793,NA,22174,"Greater Than the National Average Payment","3.5",NA,"No Different Than the National Rate","No Different Than the National Rate","No Different Than the National Value","high","63","133","1","75","91",304,-10.5,-30,12,275,79,1,"90","88","80","72","83","79","85","77","85","84",245,0.9813,20.5167,20.9078,49,0.2
"100302",NA,NA,20301,"No Different Than the National Average Payment","8",NA,"No Different Than the National Rate","No Different Than the National Rate","No Different Than the National Value","medium","42","134","1","Not Available","Not Available",135,33.6,4.6,66.8,115,40,0,"88","88","80","69","81","76","83","74","83","81",102,0.9807,20.9153,21.3262,20,0.196078431372549
"100307",0.574,NA,20073,"No Different Than the National Average Payment","5.1",NA,"No Different Than the National Rate","No Different Than the National Rate","No Different Than the National Value","very high","Not Available","125","1","97","100",218,4.4,-18.6,31.5,177,59,1,"90","89","83","72","87","82","83","81","86","85",199,1.0219,20.8757,20.4283,43,0.21608040201005
"100314",1.214,NA,18689,"No Different Than the National Average Payment","1.1",NA,"No Different Than the National Rate","No Different Than the National Rate","No Different Than the National Value","very high","89","186","2","Not Available","Not Available",172,19.4,-10.1,53.3,149,45,1,"92","92","81","75","86","85","87","87","89","89",141,0.9752,21.0677,21.6024,28,0.198581560283688
"100315",0.722,NA,19598,"No Different Than the National Average Payment","3.2",NA,"No Different Than the National Rate","No Different Than the National Rate","No Different Than the National Value","medium","64","186","1","Not Available","Not Available",242,-39.4,-57.7,-19.3,208,58,2,"92","92","84","78","85","81","89","86","90","91",163,0.8433,17.2965,20.5115,17,0.104294478527607
"100316",0.962,NA,20648,"No Different Than the National Average Payment","3",NA,"No Different Than the National Rate","No Different Than the National Rate","No Different Than the National Value","high","62","187","3","Not Available","Not Available",231,2.7,-19.1,27.1,198,68,1,"89","89","78","71","82","77","83","81","85","85",186,0.8781,18.0584,20.566,25,0.134408602150538
"100319",0.371,NA,20083,"No Different Than the National Average Payment","4.1",NA,"No Different Than the National Rate","No Different Than the National Rate","No Different Than the National Value","very high","68","152","3","99","99",405,-12.3,-31.2,7.7,339,119,1,"92","89","86","77","88","82","89","88","90","90",300,1.0229,21.1602,20.6874,65,0.216666666666667
"100320",NA,NA,19876,"No Different Than the National Average Payment","3.2",NA,"Number of Cases Too Small","No Different Than the National Rate","No Different Than the National Value","very high","27","92","1","99","100",95,-0.2,-25.6,29.1,77,32,1,"87","87","77","65","79","77","87","87","83","82",97,1.086,22.0509,20.304,27,0.278350515463918
"100321",0.665,NA,20230,"No Different Than the National Average Payment","7.4",NA,"No Different Than the National Rate","No Different Than the National Rate","No Different Than the National Value","high","Not Available","186","1","94","98",359,2,-17.8,24.4,292,105,1,"90","90","81","73","87","81","89","82","88","88",302,1.0958,23.7334,21.6579,78,0.258278145695364
"100329",NA,NA,20626,"No Different Than the National Average Payment","0.5",NA,"No Different Than the National Rate","No Different Than the National Rate","No Different Than the National Value","medium","28","117","1","97","99",107,15.5,-14.7,49.5,91,31,1,"91","90","83","75","86","81","91","85","89","88",85,1.001,21.0958,21.0747,18,0.211764705882353
"100359",0.474,NA,20310,"No Different Than the National Average Payment","2.9",NA,"No Different Than the National Rate","No Different Than the National Rate","No Different Than the National Value","medium","58","232","1","99","99",379,-14,-31.5,4.8,331,103,1,"93","91","87","76","87","82","88","86","92","93",154,0.9472,19.2134,20.2844,26,0.168831168831169
"110001",1.508,NA,18799,"No Different Than the National Average Payment","9.3",NA,"No Different Than the National Rate","No Different Than the National Rate","No Different Than the National Value","high","91","215","3","Not Available","84",414,2.5,-15.9,23.5,327,115,1,"91","89","82","72","86","80","82","81","86","84",315,0.9659,19.4623,20.1485,59,0.187301587301587
"110002",NA,NA,17336,"No Different Than the National Average Payment","2.5",NA,"No Different Than the National Rate","No Different Than the National Rate","No Different Than the National Value","medium","79","176","1","Not Available","Not Available",77,9.4,-16.3,41.6,68,23,1,"91","91","86","75","87","82","91","87","90","88",70,1.0066,17.9596,17.8413,13,0.185714285714286
"110003",0,NA,20197,"No Different Than the National Average Payment","4.2",NA,"No Different Than the National Rate","No Different Than the National Rate","No Different Than the National Value","high","56","137","3","87","94",198,-0.5,-22.5,25.8,164,51,1,"89","89","85","70","84","78","89","85","86","83",180,0.9938,19.6731,19.7953,35,0.194444444444444
"110005",0.478,NA,20226,"No Different Than the National Average Payment","7.9",NA,"No Different Than the National Rate","No Different Than the National Rate","No Different Than the National Value","very high","84","192","1","94","Not Available",593,8.4,-8.9,28.6,507,145,1,"91","90","81","73","88","82","91","85","91","91",449,0.9732,19.332,19.8648,85,0.189309576837416
"110006",1.382,NA,18045,"No Different Than the National Average Payment","9.1",NA,"Worse Than the National Rate","No Different Than the National Rate","Worse Than the National Value","high","59","163","3","Not Available","Not Available",202,13.8,-9.6,40.5,176,54,1,"91","90","81","75","82","81","79","84","89","89",175,0.9641,17.9294,18.5979,29,0.165714285714286
"110007",0.874,NA,17695,"Less Than the National Average Payment","5.2",NA,"No Different Than the National Rate","No Different Than the National Rate","Worse Than the National Value","high","81","274","6","Not Available","95",432,17.6,-2.7,41.2,332,114,1,"87","89","79","72","84","77","82","85","82","80",363,1.0513,21.3874,20.3447,81,0.223140495867769
"110008",0.406,NA,19275,"No Different Than the National Average Payment","8.3",NA,"Worse Than the National Rate","No Different Than the National Rate","No Different Than the National Value","very high","83","207","2","96","Not Available",551,-4.4,-21,13.8,445,143,1,"93","91","87","78","88","84","94","87","93","94",442,1.0089,20.455,20.2755,91,0.205882352941176
"110010",0.825,NA,19191,"No Different Than the National Average Payment","4.9",NA,"Worse Than the National Rate","Worse Than the National Rate","Worse Than the National Value","high","92","353","2","71","89",552,1.4,-16.4,19.6,444,131,1,"90","92","80","76","85","82","87","89","90","90",507,1.0275,20.1572,19.617,104,0.205128205128205
"110011",1.854,NA,19564,"No Different Than the National Average Payment","1.9",NA,"No Different Than the National Rate","No Different Than the National Rate","Worse Than the National Value","high","88","189","3","Not Available","86",287,38.8,13.4,65.5,230,81,0,"93","91","85","78","87","82","88","86","89","89",233,1.0667,20.0589,18.8039,51,0.218884120171674
"110015",NA,NA,20420,"No Different Than the National Average Payment","5.5",NA,"Number of Cases Too Small","No Different Than the National Rate","No Different Than the National Value","high","87","148","1","Not Available","85",122,68.5,33.9,107.4,102,46,0,"92","91","83","78","88","82","89","81","90","90",112,1.1029,20.1523,18.2718,29,0.258928571428571
"110016",5.07,NA,19321,"No Different Than the National Average Payment","5.2",NA,"No Different Than the National Rate","No Different Than the National Rate","No Different Than the National Value","high","85","132","0","100","100",342,14.1,-7,36.9,258,99,1,"94","93","86","78","89","82","89","81","90","89",331,1.156,22.4307,19.4039,84,0.253776435045317
"110018",0,NA,19344,"No Different Than the National Average Payment","9",NA,"No Different Than the National Rate","No Different Than the National Rate","No Different Than the National Value","high","49","206","3","Not Available","99",212,19.9,-4.1,49.4,176,61,1,"89","91","79","71","79","78","82","81","85","82",160,0.9445,17.9691,19.0246,25,0.15625
"110023",0.82,NA,19089,"No Different Than the National Average Payment","8",NA,"No Different Than the National Rate","No Different Than the National Rate","No Different Than the National Value","medium","74","198","2","Not Available","Not Available",156,4.1,-21.3,32.4,137,51,1,"92","92","81","74","84","81","87","87","89","88",125,0.9891,21.3972,21.6324,26,0.208
"110024",1.059,NA,21624,"Greater Than the National Average Payment","10.4",NA,"No Different Than the National Rate","No Different Than the National Rate","No Different Than the National Value","high","76","214","11","94","97",174,-2.4,-28.6,26,162,40,1,"89","91","79","73","83","80","81","80","86","85",147,0.9047,17.3531,19.1806,19,0.129251700680272
"110025",0.871,NA,18204,"Less Than the National Average Payment","12.5",NA,"Worse Than the National Rate","No Different Than the National Rate","Worse Than the National Value","high","75","197","5","Not Available","Not Available",544,-4.6,-20.8,13.8,427,126,1,"90","89","81","75","83","78","82","83","85","82",460,0.9732,19.0864,19.6128,86,0.18695652173913
"110027",NA,NA,17974,"No Different Than the National Average Payment","4.5",NA,"Number of Cases Too Small","No Different Than the National Rate","No Different Than the National Value","medium","68","124","2","Not Available","Not Available",78,30.2,1.5,64.6,65,28,0,"91","91","85","78","88","82","90","91","90","89",78,1.0609,18.1665,17.1229,18,0.230769230769231
"110028",0.872,NA,20790,"Greater Than the National Average Payment","9.8",NA,"No Different Than the National Rate","No Different Than the National Rate","No Different Than the National Value","very high","55","264","1","97","99",976,36.6,19.9,54.5,760,256,0,"88","90","75","70","82","78","81","84","84","83",843,1.0523,21.6542,20.5773,186,0.220640569395018
"110029",1.082,NA,18840,"Less Than the National Average Payment","4.8",NA,"No Different Than the National Rate","No Different Than the National Rate","No Different Than the National Value","very high","90","214","1","85","Not Available",1458,-3.4,-14.9,8.5,1183,361,1,"88","89","77","71","85","79","78","77","85","85",1199,0.9319,18.4002,19.745,216,0.180150125104254
"110030",0.362,NA,19850,"No Different Than the National Average Payment","5.4",NA,"No Different Than the National Rate","No Different Than the National Rate","No Different Than the National Value","high","39","177","3","95","98",284,39,13.4,69.3,235,90,0,"87","85","78","67","76","75","84","82","82","80",254,1.0362,22.659,21.8676,60,0.236220472440945
"110031",2.019,NA,19686,"No Different Than the National Average Payment","1.4",NA,"No Different Than the National Rate","No Different Than the National Rate","No Different Than the National Value","high","78","210","1","99","100",196,-8.8,-29.5,13.5,165,54,1,"88","86","78","70","82","76","78","80","82","77",159,1.0425,19.665,18.864,34,0.213836477987421
"110032",NA,NA,18244,"No Different Than the National Average Payment","3.4",NA,"Not Available","No Different Than the National Rate","No Different Than the National Value","low","87","133","1","Not Available","Not Available",71,5.8,-22.5,39.8,51,19,1,"92","89","83","75","87","81","90","91","86","85",64,0.9914,18.0605,18.217,11,0.171875
"110034",1.217,NA,20651,"No Different Than the National Average Payment","5.7",NA,"No Different Than the National Rate","No Different Than the National Rate","Worse Than the National Value","very high","91","264","5","Not Available","Not Available",207,9.2,-14.2,36.5,174,63,1,"88","90","75","73","85","80","78","78","85","84",181,1.0449,21.5677,20.6411,42,0.232044198895028
"110035",1.162,NA,18491,"Less Than the National Average Payment","4.8",NA,"No Different Than the National Rate","Worse Than the National Rate","No Different Than the National Value","very high","84","270","4","98","100",1240,-5.2,-17.7,8.3,1018,281,1,"87","89","78","67","84","78","83","78","84","82",1021,0.9063,17.9684,19.8266,177,0.173359451518119
"110036",0.627,NA,20718,"No Different Than the National Average Payment","3.8",NA,"Worse Than the National Rate","No Different Than the National Rate","No Different Than the National Value","very high","64","139","0","83","97",494,1.7,-15.5,20.4,416,136,1,"88","88","76","70","81","77","75","78","82","81",404,0.933,18.205,19.5119,69,0.170792079207921
"110038",0.666,NA,21136,"No Different Than the National Average Payment","5.9",NA,"No Different Than the National Rate","No Different Than the National Rate","No Different Than the National Value","medium","92","257","3","Not Available","Not Available",284,33.3,8.5,60.7,239,83,0,"90","90","80","73","82","78","84","88","87","86",272,1.0785,22.0205,20.4181,65,0.238970588235294
"110042",1.408,NA,18779,"No Different Than the National Average Payment","3.5",NA,"No Different Than the National Rate","No Different Than the National Rate","No Different Than the National Value","very high","75","204","1","100","100",620,-3.8,-19.7,13.4,467,159,1,"92","92","82","76","85","84","86","86","92","91",476,1.0632,22.028,20.7194,109,0.228991596638655
"110043",0.352,NA,19358,"No Different Than the National Average Payment","6.8",NA,"No Different Than the National Rate","No Different Than the National Rate","Worse Than the National Value","high","71","218","12","93","97",361,-4.1,-22,15.9,304,88,1,"92","92","83","75","85","82","83","82","90","90",322,0.9892,17.6102,17.8032,56,0.173913043478261
"110044",NA,NA,18390,"No Different Than the National Average Payment","7.2",NA,"No Different Than the National Rate","No Different Than the National Rate","No Different Than the National Value","medium","86","217","8","94","100",63,19.6,-9.3,54,57,26,1,"90","90","84","73","86","80","84","89","86","83",59,1.0589,22.1324,20.9013,17,0.288135593220339
"110046",NA,NA,20358,"No Different Than the National Average Payment","5.5",NA,"Number of Cases Too Small","No Different Than the National Rate","No Different Than the National Value","high","43","108","0","Not Available","100",178,-17.7,-39.2,5.2,143,60,1,"89","89","81","71","84","80","84","84","87","86",139,0.9566,20.8646,21.8116,26,0.18705035971223
"110051",NA,NA,17376,"Less Than the National Average Payment","4.5",NA,"No Different Than the National Rate","No Different Than the National Rate","No Different Than the National Value","medium","58","172","2","Not Available","Not Available",160,29.7,4.1,60,136,53,0,"93","93","87","80","89","83","89","85","92","92",114,0.9946,17.8521,17.9499,20,0.175438596491228
"110054",1.727,NA,19823,"No Different Than the National Average Payment","1.3",NA,"No Different Than the National Rate","No Different Than the National Rate","No Different Than the National Value","very high","73","182","2","Not Available","95",424,14.1,-6.2,35.8,365,124,1,"90","89","80","74","83","80","80","84","87","85",326,0.98,20.9705,21.3981,67,0.205521472392638
"110064",0.641,NA,20856,"No Different Than the National Average Payment","6.5",NA,"No Different Than the National Rate","No Different Than the National Rate","No Different Than the National Value","very high","45","140","4","Not Available","99",182,10.9,-16.1,39.1,160,53,1,"89","90","78","72","80","79","84","80","85","83",157,1.011,21.1844,20.9534,34,0.21656050955414
"110069",1.887,NA,18807,"No Different Than the National Average Payment","14.2",NA,"No Different Than the National Rate","No Different Than the National Rate","No Different Than the National Value","high","99","265","3","78","87",446,-14.3,-30.2,3.7,369,111,1,"88","88","77","72","85","78","82","83","85","83",372,0.9712,19.6092,20.1912,71,0.190860215053763
"110074",0.278,NA,18209,"Less Than the National Average Payment","12.4",NA,"No Different Than the National Rate","No Different Than the National Rate","No Different Than the National Value","very high","57","192","3","Not Available","99",937,-15.9,-28.6,-2.2,706,239,2,"92","92","84","77","86","81","83","85","90","90",804,0.9873,21.1276,21.3998,169,0.210199004975124
"110075",0,NA,19538,"No Different Than the National Average Payment","7.6",NA,"No Different Than the National Rate","No Different Than the National Rate","No Different Than the National Value","high","62","142","3","Not Available","Not Available",248,-8.8,-30.2,13.3,204,77,1,"92","91","87","76","85","79","88","89","88","86",201,1.0065,21.1737,21.0359,43,0.213930348258706
"110076",0.916,NA,18431,"No Different Than the National Average Payment","3.4",NA,"Worse Than the National Rate","No Different Than the National Rate","No Different Than the National Value","high","92","301","7","77","87",266,26.8,3.1,56.4,238,74,0,"87","89","72","69","74","75","81","83","82","80",237,1.0372,19.2432,18.5524,48,0.20253164556962
"110078",0.598,NA,18772,"No Different Than the National Average Payment","4.5",NA,"No Different Than the National Rate","No Different Than the National Rate","No Different Than the National Value","very high","92","340","6","73","94",404,28.3,6.2,53,327,126,0,"88","91","76","71","79","77","81","83","85","84",344,1.0799,22.3226,20.6714,82,0.238372093023256
"110079",1.116,NA,17844,"Less Than the National Average Payment","3.9",NA,"No Different Than the National Rate","Worse Than the National Rate","Worse Than the National Value","very high","71","328","1","93","Not Available",205,30.4,4.4,60.3,172,61,0,"87","89","74","70","78","76","81","72","85","85",231,1.1313,23.1826,20.4911,62,0.268398268398268
"110082",0.231,NA,18965,"No Different Than the National Average Payment","3.1",NA,"No Different Than the National Rate","No Different Than the National Rate","No Different Than the National Value","medium","89","272","3","77","88",754,13.3,-3.2,30.9,593,179,1,"87","90","77","71","82","80","80","79","87","87",633,1.0347,19.7078,19.0464,127,0.200631911532385
"110083",0.623,NA,20987,"Greater Than the National Average Payment","13.6",NA,"No Different Than the National Rate","No Different Than the National Rate","No Different Than the National Value","very high","58","236","1","Not Available","97",925,-4.2,-19.4,12.1,754,208,1,"89","92","78","74","85","81","82","84","88","89",756,0.9617,19.3897,20.1627,144,0.19047619047619
"110087",0.747,NA,20293,"No Different Than the National Average Payment","5",NA,"No Different Than the National Rate","No Different Than the National Rate","No Different Than the National Value","very high","83","254","3","Not Available","Not Available",607,20.2,2.9,39.8,503,164,0,"89","88","79","72","86","80","89","84","87","86",507,0.9806,20.5751,20.9821,103,0.203155818540434
"110089",NA,NA,19890,"No Different Than the National Average Payment","5.4",NA,"No Different Than the National Rate","No Different Than the National Rate","No Different Than the National Value","medium","91","175","7","Not Available","83",113,32.5,4.4,65.7,96,33,0,"88","89","84","72","86","80","86","85","86","82",99,1.0562,20.5741,19.4802,24,0.242424242424242
"110091",0.776,NA,18543,"No Different Than the National Average Payment","8.4",NA,"No Different Than the National Rate","No Different Than the National Rate","No Different Than the National Value","high","54","198","3","Not Available","95",259,-10.8,-31.3,11.2,216,73,1,"88","89","78","71","79","75","86","84","84","80",212,0.9916,19.6035,19.7695,41,0.193396226415094
"110095",0,NA,18390,"No Different Than the National Average Payment","1.8",NA,"No Different Than the National Rate","No Different Than the National Rate","No Different Than the National Value","high","80","268","3","Not Available","Not Available",226,23,-2.2,52.5,194,63,1,"90","90","83","75","83","79","79","87","87","86",178,1.0585,20.9059,19.75,41,0.230337078651685
"110104",NA,NA,17604,"No Different Than the National Average Payment","6.2",NA,"No Different Than the National Rate","No Different Than the National Rate","No Different Than the National Value","low","82","179","6","Not Available","Not Available",77,-6.8,-35.1,23.9,64,22,1,"92","93","83","77","85","81","89","86","89","87",77,0.9646,18.6569,19.3408,12,0.155844155844156
"110105",0,NA,18324,"No Different Than the National Average Payment","7.8",NA,"No Different Than the National Rate","No Different Than the National Rate","No Different Than the National Value","medium","52","167","2","Not Available","Not Available",181,48.8,18.7,82.1,135,58,0,"92","93","87","77","86","82","89","88","91","89",153,1.1322,22.6219,19.9796,43,0.281045751633987
"110107",0.54,NA,21572,"Greater Than the National Average Payment","3.5",NA,"No Different Than the National Rate","No Different Than the National Rate","No Different Than the National Value","very high","97","189","2","95","100",491,22.7,0.1,46.1,406,122,0,"86","87","73","69","78","77","79","82","82","82",425,1.0899,22.856,20.9706,103,0.242352941176471
"110109",NA,NA,18808,"No Different Than the National Average Payment","0.8",NA,"Not Available","Not Available","Not Available","low","42","132","3","65","Not Available",71,-3.5,-33,32.8,54,18,1,"93","92","90","77","86","79","91","89","90","87",53,1.0581,21.2023,20.0388,15,0.283018867924528
"110122",0.768,NA,19391,"No Different Than the National Average Payment","5.2",NA,"No Different Than the National Rate","No Different Than the National Rate","No Different Than the National Value","very high","83","234","4","96","Not Available",474,29.5,9.3,52.2,379,139,0,"90","90","82","72","83","78","82","87","85","84",399,1.0707,22.643,21.1473,95,0.238095238095238
"110125",0.6,NA,19700,"No Different Than the National Average Payment","10.8",NA,"No Different Than the National Rate","No Different Than the National Rate","No Different Than the National Value","high","54","148","0","86","97",204,13.6,-11.3,40.9,174,64,1,"94","94","86","83","87","82","84","88","90","88",200,1.0251,21.6609,21.13,45,0.225
"110128",0,NA,18189,"No Different Than the National Average Payment","3.9",NA,"No Different Than the National Rate","No Different Than the National Rate","No Different Than the National Value","medium","49","133","1","92","Not Available",142,-20.4,-41,5.2,121,31,1,"94","92","86","75","86","82","88","89","90","89",92,0.9318,19.2504,20.6586,13,0.141304347826087
"110129",0.575,NA,19674,"No Different Than the National Average Payment","14.1",NA,"No Different Than the National Rate","No Different Than the National Rate","No Different Than the National Value","high","67","226","4","93","98",511,-5.6,-21.3,12.4,418,108,1,"89","90","81","72","83","79","82","85","86","84",446,1.0023,18.8003,18.757,84,0.188340807174888
"110143",1.238,NA,19205,"No Different Than the National Average Payment","4.7",NA,"No Different Than the National Rate","No Different Than the National Rate","No Different Than the National Value","very high","77","242","1","98","100",448,18.7,-2.2,41,375,127,1,"86","88","74","69","80","77","80","79","83","81",404,0.9563,20.2987,21.2264,79,0.195544554455446
"110150",NA,NA,20357,"No Different Than the National Average Payment","10.6",NA,"Number of Cases Too Small","No Different Than the National Rate","No Different Than the National Value","medium","97","164","2","91","97",98,6.8,-19.5,39,89,24,1,"88","87","79","66","82","76","79","82","82","80",87,0.9328,19.0943,20.47,12,0.137931034482759
"110161",1.08,NA,20293,"No Different Than the National Average Payment","7.7",NA,"No Different Than the National Rate","No Different Than the National Rate","No Different Than the National Value","very high","82","228","3","Not Available","94",329,43.6,16.2,73.9,279,77,0,"91","90","81","75","86","82","90","84","89","90",248,0.9542,18.1679,19.039,42,0.169354838709677
"110164",0.89,NA,19655,"No Different Than the National Average Payment","4.6",NA,"No Different Than the National Rate","No Different Than the National Rate","No Different Than the National Value","high","49","208","1","96","99",213,31.7,5.6,61.4,190,62,0,"90","91","80","72","85","78","85","85","88","88",196,1.0227,21.1694,20.6988,43,0.219387755102041
"110165",2.157,NA,17022,"Less Than the National Average Payment","0",NA,"No Different Than the National Rate","No Different Than the National Rate","No Different Than the National Value","high","40","315","14","Not Available","Not Available",94,3.1,-26.2,36.4,82,22,1,"82","84","70","67","73","73","76","80","78","71",97,1.0432,21.7677,20.8669,24,0.247422680412371
"110168",1.324,NA,18881,"No Different Than the National Average Payment","2.8",NA,"No Different Than the National Rate","No Different Than the National Rate","No Different Than the National Value","medium","78","179","3","Not Available","97",662,-7.8,-24.3,10.8,530,156,1,"91","90","81","74","82","80","84","83","88","88",599,0.9158,20.0191,21.8606,114,0.190317195325543
"110177",0.367,NA,20740,"No Different Than the National Average Payment","6",NA,"No Different Than the National Rate","No Different Than the National Rate","No Different Than the National Value","high","36","184","2","95","99",214,35.3,6.6,68.4,183,57,0,"88","88","77","71","82","78","82","78","85","85",198,1.0632,21.152,19.8955,46,0.232323232323232
"110184",0,NA,18229,"Less Than the National Average Payment","4.6",NA,"No Different Than the National Rate","No Different Than the National Rate","No Different Than the National Value","high","66","202","3","99","99",303,-22.9,-41.8,-1.2,237,67,2,"89","91","80","72","83","79","87","83","85","84",278,0.901,18.3061,20.3176,44,0.158273381294964
"110191",0.34,NA,19039,"No Different Than the National Average Payment","4.2",NA,"No Different Than the National Rate","No Different Than the National Rate","No Different Than the National Value","very high","48","262","8","Not Available","97",501,30.9,9,53.5,401,134,0,"86","86","77","67","79","74","80","77","81","76",437,1.0914,22.4457,20.5665,104,0.237986270022883
"110192",0,NA,18540,"No Different Than the National Average Payment","6.7",NA,"No Different Than the National Rate","No Different Than the National Rate","No Different Than the National Value","high","42","192","5","Not Available","96",240,21.2,-3,48.1,205,62,1,"86","88","76","71","77","76","80","80","83","81",209,0.9972,19.2271,19.2812,40,0.191387559808612
"110198",0.28,NA,19732,"No Different Than the National Average Payment","6.6",NA,"No Different Than the National Rate","No Different Than the National Rate","Worse Than the National Value","medium","74","184","0","99","100",229,34.9,8.5,63.6,200,62,0,"85","88","73","64","78","77","74","73","82","79",178,1.0613,19.705,18.567,39,0.219101123595506
"110200",NA,NA,20604,"No Different Than the National Average Payment","3",NA,"No Different Than the National Rate","No Different Than the National Rate","No Different Than the National Value","medium","56","169","3","97","100",172,-23.3,-43,0.5,152,40,1,"91","93","84","76","87","82","88","83","90","91",98,0.9557,18.3245,19.1741,15,0.153061224489796
"110201",NA,NA,18796,"No Different Than the National Average Payment","1.3",NA,"No Different Than the National Rate","No Different Than the National Rate","No Different Than the National Value","high","54","154","1","96","Not Available",89,-21.2,-42.4,4.1,76,32,1,"89","90","78","73","79","78","87","88","87","88",73,1.0092,18.3664,18.1998,14,0.191780821917808
"110215",0,NA,19559,"No Different Than the National Average Payment","8.6",NA,"No Different Than the National Rate","No Different Than the National Rate","No Different Than the National Value","very high","51","238","4","Not Available","98",679,2,-14.4,18.5,543,177,1,"89","90","79","70","81","79","80","84","88","88",560,1.0895,21.1216,19.3868,124,0.221428571428571
"110225",NA,NA,17237,"Less Than the National Average Payment","8.4",NA,"Number of Cases Too Small","No Different Than the National Rate","No Different Than the National Value","medium","53","155","3","Not Available","99",254,14.5,-7.9,41.1,222,69,1,"91","90","84","76","84","79","87","82","87","87",193,0.9729,19.5957,20.1412,36,0.186528497409326
"110226",1.219,NA,20525,"No Different Than the National Average Payment","6.8",NA,"Number of Cases Too Small","No Different Than the National Rate","No Different Than the National Value","high","90","221","4","72","92",73,17.5,-10.3,50,69,29,1,"89","90","79","69","73","78","90","88","86","84",69,1.0073,19.594,19.4527,14,0.202898550724638
"110229",1.038,NA,19262,"No Different Than the National Average Payment","10.5",NA,"No Different Than the National Rate","No Different Than the National Rate","No Different Than the National Value","very high","51","192","2","98","98",435,6.9,-12.8,28.6,341,109,1,"87","90","77","73","80","77","78","83","85","84",373,0.9598,19.7665,20.5943,71,0.190348525469169
"110230",0,NA,18788,"No Different Than the National Average Payment","3.2",NA,"No Different Than the National Rate","No Different Than the National Rate","No Different Than the National Value","medium","94","210","1","84","93",330,26.2,2.8,51.7,266,89,0,"87","90","78","70","81","79","84","84","87","88",237,0.9972,19.066,19.1202,45,0.189873417721519
"120001",0.495,NA,17425,"Less Than the National Average Payment","3.7",NA,"No Different Than the National Rate","No Different Than the National Rate","No Different Than the National Value","very high","70","213","2","Not Available","Not Available",612,-16.9,-31.3,-0.7,511,158,2,"91","91","83","79","85","82","89","78","89","89",462,0.8634,17.2298,19.9565,70,0.151515151515152
"120002",1.57,NA,18624,"No Different Than the National Average Payment","1.1",NA,"No Different Than the National Rate","No Different Than the National Rate","No Different Than the National Value","high","62","143","1","Not Available","Not Available",140,12.5,-11.1,42.7,122,32,1,"90","91","81","77","84","79","80","77","84","84",108,1.0096,17.0255,16.8637,19,0.175925925925926
"120005",1.592,NA,17746,"Less Than the National Average Payment","2.9",NA,"No Different Than the National Rate","No Different Than the National Rate","Worse Than the National Value","high","67","159","3","97","100",247,42.2,16,71.9,208,60,0,"90","91","83","75","84","79","88","69","86","85",207,0.9124,16.3789,17.9516,28,0.135265700483092
"120006",0.838,NA,19515,"No Different Than the National Average Payment","2.9",NA,"No Different Than the National Rate","No Different Than the National Rate","No Different Than the National Value","medium","95","149","1","97","100",96,-12.1,-34,15.2,82,38,1,"94","93","87","81","89","84","92","86","90","91",89,0.9983,20.3506,20.3845,18,0.202247191011236
"120007",0.775,NA,20324,"No Different Than the National Average Payment","12.9",NA,"No Different Than the National Rate","No Different Than the National Rate","No Different Than the National Value","low","62","189","1","88","Not Available",108,31.9,-0.3,69.6,98,30,1,"89","89","81","74","81","79","89","78","84","82",87,0.9687,18.4797,19.0776,14,0.160919540229885
"120014",NA,NA,18205,"No Different Than the National Average Payment","8.4",NA,"No Different Than the National Rate","No Different Than the National Rate","No Different Than the National Value","medium","71","174","3","Not Available","Not Available",127,36.1,8.9,68.7,98,36,0,"91","93","85","79","86","82","88","84","89","90",87,1.0104,17.621,17.4396,16,0.183908045977011
"120019",0.547,NA,18113,"No Different Than the National Average Payment","5.1",NA,"No Different Than the National Rate","No Different Than the National Rate","No Different Than the National Value","medium","49","170","2","Not Available","Not Available",67,5.1,-19.4,36.1,57,21,1,"89","89","80","77","84","80","89","70","82","81",68,1.0511,17.3947,16.5483,15,0.220588235294118
"120022",0,NA,18834,"No Different Than the National Average Payment","6",NA,"No Different Than the National Rate","No Different Than the National Rate","No Different Than the National Value","medium","73","143","1","Not Available","Not Available",230,-32.5,-49.6,-12.6,199,46,2,"92","93","86","78","86","83","85","81","90","91",165,0.8198,14.9352,18.2186,12,0.0727272727272727
"120026",0.94,NA,18954,"No Different Than the National Average Payment","6.2",NA,"No Different Than the National Rate","No Different Than the National Rate","No Different Than the National Value","high","73","169","1","Not Available","Not Available",227,39.1,12.6,68.4,190,70,0,"91","91","81","78","84","81","88","81","89","90",192,1.0603,20.8772,19.6902,44,0.229166666666667
"130002",0,NA,18250,"No Different Than the National Average Payment","6.1",NA,"No Different Than the National Rate","No Different Than the National Rate","No Different Than the National Value","high","94","193","3","Not Available","Not Available",285,-17.2,-34.5,3.3,244,61,1,"91","90","84","75","90","81","92","83","88","86",255,0.8468,15.0998,17.8309,28,0.109803921568627
"130003",NA,NA,20849,"No Different Than the National Average Payment","4.5",NA,"No Different Than the National Rate","No Different Than the National Rate","No Different Than the National Value","low","69","181","2","97","98",169,-19.7,-38.8,2.3,152,60,1,"91","91","86","75","87","79","88","78","84","82",134,0.9604,18.387,19.1444,22,0.164179104477612
"130006",0.336,NA,17447,"Less Than the National Average Payment","7",NA,"Better Than the National Rate","No Different Than the National Rate","Better Than the National Value","very high","93","170","2","Not Available","Not Available",559,-41.8,-54.2,-27.5,495,115,2,"91","92","84","80","90","84","87","83","90","90",492,0.8154,15.2536,18.7062,62,0.126016260162602
"130007",0.264,NA,19835,"No Different Than the National Average Payment","1.9",NA,"No Different Than the National Rate","No Different Than the National Rate","No Different Than the National Value","very high","81","153","2","Not Available","Not Available",292,-16.4,-35.4,5.5,254,65,1,"91","91","82","75","87","81","84","83","89","90",231,0.8774,17.0864,19.475,31,0.134199134199134
"130013",1.514,NA,18598,"No Different Than the National Average Payment","2.2",NA,"No Different Than the National Rate","No Different Than the National Rate","No Different Than the National Value","high","76","136","2","Not Available","Not Available",149,-33.6,-52.9,-9,135,38,2,"91","91","85","78","87","81","90","87","89","90",133,0.9201,18.4078,20.0055,19,0.142857142857143
"130014",NA,NA,18594,"No Different Than the National Average Payment","2.6",NA,"No Different Than the National Rate","No Different Than the National Rate","No Different Than the National Value","medium","74","120","1","100","100",80,-7.4,-33.1,20.7,64,25,1,"93","93","87","81","88","83","91","87","91","89",62,1.001,19.2447,19.2247,12,0.193548387096774
"130018",0,NA,21299,"No Different Than the National Average Payment","1.7",NA,"No Different Than the National Rate","No Different Than the National Rate","No Different Than the National Value","medium","51","133","0","90","96",212,1.7,-18.2,26,198,70,1,"88","89","83","72","85","78","86","81","85","84",192,0.9949,18.9255,19.0233,36,0.1875
"130028",0,NA,20111,"No Different Than the National Average Payment","5.9",NA,"No Different Than the National Rate","No Different Than the National Rate","No Different Than the National Value","medium","94","195","2","Not Available","92",190,-21.7,-42.3,1.8,168,39,1,"91","90","85","73","86","81","85","81","86","84",157,0.8995,17.1102,19.0229,20,0.127388535031847
"130049",0.371,NA,18422,"Less Than the National Average Payment","8.2",NA,"No Different Than the National Rate","No Different Than the National Rate","Worse Than the National Value","high","76","205","4","Not Available","Not Available",551,-26.3,-40,-10.8,468,130,2,"91","91","80","74","88","81","79","77","88","88",314,0.8393,16.3462,19.4769,40,0.127388535031847
"130071",0,NA,17937,"No Different Than the National Average Payment","7",NA,"No Different Than the National Rate","No Different Than the National Rate","No Different Than the National Value","high","95","152","1","Not Available","Not Available",128,0.5,-22.2,26.2,111,48,1,"92","91","85","78","91","83","90","85","92","93",100,0.9694,19.0538,19.6556,17,0.17
"140001",NA,NA,17906,"No Different Than the National Average Payment","3.6",NA,"No Different Than the National Rate","No Different Than the National Rate","No Different Than the National Value","low","98","98","1","Not Available","93",87,-0.1,-22.8,28.2,77,32,1,"91","94","82","78","89","82","83","82","88","85",68,1.06,19.4081,18.3089,17,0.25
"140002",0,NA,18313,"No Different Than the National Average Payment","5",NA,"No Different Than the National Rate","No Different Than the National Rate","No Different Than the National Value","medium","94","196","8","89","98",324,17.7,-4.5,41.3,264,101,1,"93","92","87","77","90","83","84","83","91","90",289,1.0759,21.8182,20.2796,68,0.235294117647059
"140007",1.064,NA,21156,"Greater Than the National Average Payment","2.5",NA,"No Different Than the National Rate","No Different Than the National Rate","No Different Than the National Value","high","Not Available","249","3","90","97",777,25.7,8.5,43.5,583,212,0,"88","88","79","72","83","78","79","83","83","79",697,1.1549,23.1291,20.0272,171,0.245337159253945
"140008",0,NA,19118,"No Different Than the National Average Payment","8.7",NA,"No Different Than the National Rate","No Different Than the National Rate","No Different Than the National Value","medium","69","282","11","95","Not Available",308,20.6,-3.3,46,236,84,1,"89","90","79","72","80","78","85","83","83","80",249,1.0125,21.3486,21.0849,54,0.216867469879518
"140010",0.72,NA,20112,"No Different Than the National Average Payment","6.3",NA,"Better Than the National Rate","No Different Than the National Rate","Better Than the National Value","very high","87","245","7","76","72",2294,23.4,12.7,34.4,1837,580,0,"91","91","84","74","88","82","87","84","89","89",1585,1.0289,20.3219,19.7513,324,0.204416403785489
"140011",0,NA,18986,"No Different Than the National Average Payment","7.7",NA,"No Different Than the National Rate","No Different Than the National Rate","No Different Than the National Value","medium","96","158","2","97","Not Available",336,35.4,11.1,62.2,279,98,0,"91","90","83","79","86","80","90","78","87","88",329,1.1172,24.3919,21.8331,88,0.267477203647416
"140012",NA,NA,19149,"No Different Than the National Average Payment","12.4",NA,"No Different Than the National Rate","No Different Than the National Rate","No Different Than the National Value","low","92","132","1","65","81",184,-5.9,-26.2,17.1,151,54,1,"91","89","86","73","83","79","92","83","87","85",167,1.0069,18.89,18.7601,32,0.191616766467066
"140013",NA,NA,17306,"Less Than the National Average Payment","5.6",NA,"No Different Than the National Rate","No Different Than the National Rate","No Different Than the National Value","medium","92","176","6","Not Available","Not Available",228,-11.4,-31,10.9,191,58,1,"91","90","79","72","82","78","79","77","86","85",198,1.0039,19.0628,18.9885,38,0.191919191919192
"140015",0.486,NA,18707,"No Different Than the National Average Payment","0.5",NA,"No Different Than the National Rate","No Different Than the National Rate","No Different Than the National Value","medium","96","178","2","Not Available","Not Available",701,8.6,-8.1,26.3,566,183,1,"92","90","84","76","88","81","91","83","88","86",650,1.041,22.5001,21.6148,149,0.229230769230769
"140018",2.141,NA,18524,"No Different Than the National Average Payment","4.2",NA,"No Different Than the National Rate","No Different Than the National Rate","No Different Than the National Value","medium","98","207","0","82","80",124,30.5,-4.8,72.5,90,33,1,"84","90","69","68","80","74","72","74","78","74",126,1.0095,22.4999,22.2882,29,0.23015873015873
"140029",1.339,NA,20397,"No Different Than the National Average Payment","5.3",NA,"No Different Than the National Rate","No Different Than the National Rate","No Different Than the National Value","very high","91","191","5","Not Available","Not Available",406,10.5,-8.3,32,345,118,1,"90","91","79","74","85","81","86","78","87","87",356,1.0097,19.4824,19.2945,70,0.196629213483146
"140030",0.423,NA,19723,"No Different Than the National Average Payment","5.8",NA,"No Different Than the National Rate","No Different Than the National Rate","No Different Than the National Value","high","83","186","1","88","99",715,-8.4,-24,8.6,563,170,1,"93","91","85","78","89","82","91","85","90","90",591,0.9935,19.8704,20.0005,117,0.197969543147208
"140032",NA,NA,17955,"Less Than the National Average Payment","10",NA,"No Different Than the National Rate","No Different Than the National Rate","No Different Than the National Value","medium","79","146","1","89","94",338,33.3,12,56.7,275,112,0,"92","92","87","79","89","81","90","85","89","85",303,1.0943,22.0827,20.1794,73,0.240924092409241
"140034",NA,NA,19527,"No Different Than the National Average Payment","4.6",NA,"No Different Than the National Rate","No Different Than the National Rate","No Different Than the National Value","low","79","157","2","Not Available","Not Available",135,8.8,-17.1,38.3,120,36,1,"92","92","85","78","85","81","88","84","87","84",153,1.0119,20.3978,20.1579,32,0.209150326797386
"140043",NA,NA,19320,"No Different Than the National Average Payment","3",NA,"No Different Than the National Rate","No Different Than the National Rate","No Different Than the National Value","medium","91","188","2","Not Available","Not Available",199,-12.6,-31.4,8.3,163,68,1,"92","90","84","76","85","81","89","81","88","85",165,1.0556,19.0857,18.0813,35,0.212121212121212
"140046",0.659,NA,18025,"Less Than the National Average Payment","7.3",NA,"No Different Than the National Rate","No Different Than the National Rate","No Different Than the National Value","medium","72","200","4","Not Available","Not Available",319,2.3,-19.2,26,270,92,1,"91","90","86","78","87","81","86","85","88","87",267,0.9519,19.5784,20.5678,49,0.183520599250936
"140048",0.526,NA,18664,"No Different Than the National Average Payment","3.5",NA,"No Different Than the National Rate","No Different Than the National Rate","No Different Than the National Value","very high","80","258","9","87","97",606,32.3,11.9,53.4,478,178,0,"90","91","79","73","85","79","83","81","84","80",423,1.0473,23.122,22.0777,101,0.238770685579196
"140049",1.178,NA,18782,"No Different Than the National Average Payment","6.4",NA,"No Different Than the National Rate","No Different Than the National Rate","Worse Than the National Value","medium","69","239","7","Not Available","89",141,5.4,-22.5,38,106,44,1,"84","86","71","70","78","74","83","79","76","73",122,1.0297,22.9503,22.289,30,0.245901639344262
"140052",NA,NA,19776,"No Different Than the National Average Payment","4.8",NA,"No Different Than the National Rate","No Different Than the National Rate","No Different Than the National Value","medium","57","157","2","Not Available","Not Available",112,11,-16.2,43.6,98,33,1,"92","91","85","76","88","80","88","80","89","88",99,1.0909,21.3439,19.5654,27,0.272727272727273
"140053",0.553,NA,19268,"No Different Than the National Average Payment","5.9",NA,"Worse Than the National Rate","No Different Than the National Rate","Worse Than the National Value","high","89","198","5","86","94",1016,22.5,7.4,39.2,836,282,0,"90","89","78","72","85","80","77","81","86","86",881,1.0035,21.199,21.1246,187,0.212258796821793
"140054",0,NA,20722,"No Different Than the National Average Payment","3.6",NA,"No Different Than the National Rate","No Different Than the National Rate","No Different Than the National Value","high","79","225","5","89","Not Available",295,9,-13.2,33.9,239,71,1,"89","88","82","73","87","79","83","78","85","82",253,1.0635,20.8996,19.6525,57,0.225296442687747
"140062",0.317,NA,19044,"No Different Than the National Average Payment","4.5",NA,"No Different Than the National Rate","No Different Than the National Rate","No Different Than the National Value","very high","94","267","6","Not Available","Not Available",1436,11.2,-1.5,24.9,1096,361,1,"91","90","79","72","82","79","79","81","86","85",1250,1.0372,21.4025,20.6346,270,0.216
"140063",0.969,NA,17985,"Less Than the National Average Payment","5.5",NA,"No Different Than the National Rate","No Different Than the National Rate","No Different Than the National Value","high","97","232","5","Not Available","Not Available",265,33.2,7.3,60.6,212,78,0,"90","91","80","76","81","78","82","80","85","83",233,1.0372,22.11,21.3177,54,0.231759656652361
"140064",NA,NA,18499,"No Different Than the National Average Payment","5.3",NA,"No Different Than the National Rate","No Different Than the National Rate","No Different Than the National Value","medium","70","186","5","Not Available","Not Available",237,22.5,-0.1,47.7,198,68,1,"90","90","82","76","87","79","84","79","86","85",197,1.1374,20.0944,17.667,48,0.243654822335025
"140065",0,NA,19850,"No Different Than the National Average Payment","9.7",NA,"No Different Than the National Rate","No Different Than the National Rate","No Different Than the National Value","low","84","175","3","Not Available","Not Available",461,-13.9,-31,4.7,390,105,1,"91","91","84","76","87","80","86","85","87","87",401,0.9839,18.7192,19.0257,74,0.184538653366584
"140067",0.439,NA,17305,"Less Than the National Average Payment","4.7",NA,"No Different Than the National Rate","No Different Than the National Rate","No Different Than the National Value","very high","73","274","7","Not Available","Not Available",976,7.4,-6.4,22.4,811,248,1,"90","89","76","73","86","80","76","76","85","85",823,0.9497,18.0281,18.9838,145,0.176184690157959
"140068",NA,NA,20620,"No Different Than the National Average Payment","Not Available",NA,"Not Available","No Different Than the National Rate","No Different Than the National Value","medium","91","246","10","97","98",73,36.9,-2.1,80.7,58,25,1,"80","85","77","66","78","72","79","76","75","67",58,1.0792,25.1756,23.3279,20,0.344827586206897
"140080",0,NA,20454,"No Different Than the National Average Payment","5.9",NA,"No Different Than the National Rate","No Different Than the National Rate","No Different Than the National Value","medium","Not Available","174","1","84","78",191,44.3,13.9,77.6,147,57,0,"89","86","79","73","81","78","86","78","85","83",153,1.1633,23.9246,20.5663,47,0.30718954248366
"140082",4.219,NA,20960,"No Different Than the National Average Payment","8.1",NA,"No Different Than the National Rate","No Different Than the National Rate","No Different Than the National Value","low","88","221","8","Not Available","Not Available",109,-26,-51.7,5,91,27,1,"86","87","76","70","78","75","83","77","78","76",93,0.9339,20.0165,21.4325,14,0.150537634408602
"140084",0,NA,19457,"No Different Than the National Average Payment","5.5",NA,"No Different Than the National Rate","No Different Than the National Rate","No Different Than the National Value","high","78","176","4","Not Available","87",261,2.5,-20.8,28.2,215,69,1,"86","86","77","68","78","75","84","80","80","73",241,0.9889,20.2271,20.4545,48,0.199170124481328
"140088",0.825,NA,19612,"No Different Than the National Average Payment","7.9",NA,"Better Than the National Rate","No Different Than the National Rate","Better Than the National Value","very high","96","278","12","Not Available","Not Available",774,17.1,-1.5,36.4,572,200,1,"91","92","82","76","86","82","82","85","88","89",672,0.9677,21.0162,21.7186,139,0.206845238095238
"140089",NA,NA,18435,"No Different Than the National Average Payment","9.3",NA,"No Different Than the National Rate","No Different Than the National Rate","No Different Than the National Value","low","95","127","2","100","100",74,-25.4,-46.1,-0.4,65,26,2,"92","92","84","80","89","81","88","84","88","83",66,0.9883,19.35,19.5784,12,0.181818181818182
"140091",0.413,NA,17832,"Less Than the National Average Payment","11.3",NA,"No Different Than the National Rate","Worse Than the National Rate","No Different Than the National Value","very high","87","188","2","Not Available","Not Available",864,21.8,5.6,38.3,665,254,0,"91","89","83","76","88","82","87","81","88","88",731,1.125,24.5982,21.8654,188,0.25718194254446
"140093",NA,NA,19014,"No Different Than the National Average Payment","7.4",NA,"No Different Than the National Rate","No Different Than the National Rate","No Different Than the National Value","medium","76","169","5","Not Available","Not Available",230,20.2,-2.8,47.7,174,69,1,"90","87","79","71","85","76","84","78","82","78",220,1.0928,21.8164,19.9642,54,0.245454545454545
"140101",NA,NA,18852,"No Different Than the National Average Payment","8.5",NA,"Number of Cases Too Small","No Different Than the National Rate","No Different Than the National Value","medium","85","159","1","Not Available","Not Available",295,17.3,-4.2,41.5,234,90,1,"93","91","87","79","90","83","88","76","91","90",258,1.0274,21.7681,21.1872,58,0.224806201550388
"140110",NA,NA,18503,"No Different Than the National Average Payment","7",NA,"No Different Than the National Rate","No Different Than the National Rate","No Different Than the National Value","low","70","136","3","Not Available","Not Available",231,1.7,-20.1,24.9,196,63,1,"92","91","82","78","89","81","85","81","87","85",198,1.0052,20.5301,20.4229,41,0.207070707070707
"140113",NA,NA,20661,"No Different Than the National Average Payment","1.4",NA,"No Different Than the National Rate","No Different Than the National Rate","No Different Than the National Value","low","71","132","1","Not Available","Not Available",163,9,-13,36.6,134,55,1,"91","90","83","76","87","81","88","81","88","87",150,1.083,19.8301,18.3107,35,0.233333333333333
"140114",0,NA,20530,"No Different Than the National Average Payment","9.9",NA,"No Different Than the National Rate","No Different Than the National Rate","No Different Than the National Value","high","89","268","9","68","71",370,2.1,-16.6,23.2,299,101,1,"86","88","81","71","81","77","84","76","84","82",244,0.9751,20.7845,21.3157,49,0.200819672131148
"140116",0.229,NA,19212,"No Different Than the National Average Payment","4.2",NA,"No Different Than the National Rate","No Different Than the National Rate","No Different Than the National Value","very high","95","225","4","Not Available","Not Available",1286,-9.4,-22.2,4.4,1013,308,1,"92","90","84","78","87","81","90","86","88","88",1032,0.8982,18.9089,21.0517,188,0.182170542635659
"140117",0.173,NA,21776,"Greater Than the National Average Payment","9.1",NA,"No Different Than the National Rate","No Different Than the National Rate","No Different Than the National Value","medium","Not Available","206","1","71","83",846,11.2,-5,27.9,648,189,1,"90","89","81","73","85","79","84","82","86","85",741,0.9772,19.37,19.8221,142,0.191632928475034
"140119",1.146,NA,19096,"No Different Than the National Average Payment","7.9",NA,"Better Than the National Rate","No Different Than the National Rate","Better Than the National Value","very high","98","324","1","Not Available","Not Available",710,22,3,43.8,518,190,0,"92","91","83","77","87","83","86","88","91","91",606,1.0808,24.6816,22.8359,155,0.255775577557756
"140120",NA,NA,17600,"Less Than the National Average Payment","7.5",NA,"Number of Cases Too Small","No Different Than the National Rate","No Different Than the National Value","medium","94","112","1","Not Available","87",133,-0.8,-25.6,29.5,112,32,1,"91","92","79","70","86","79","83","82","85","81",114,0.9651,18.698,19.3742,19,0.166666666666667
"140122",0.45,NA,19455,"No Different Than the National Average Payment","7",NA,"No Different Than the National Rate","No Different Than the National Rate","No Different Than the National Value","medium","84","208","4","Not Available","Not Available",341,-19.9,-38.5,0.7,285,75,1,"91","91","81","74","87","80","90","83","87","87",283,0.9395,18.7759,19.9857,49,0.173144876325088
"140124",0.439,NA,18770,"No Different Than the National Average Payment","3",NA,"No Different Than the National Rate","No Different Than the National Rate","No Different Than the National Value","very high","84","294","6","86","92",186,14.3,-13,47.3,139,51,1,"84","89","76","70","79","77","79","75","85","85",170,0.9929,20.8713,21.0205,35,0.205882352941176
"140125",NA,NA,18492,"No Different Than the National Average Payment","14.6",NA,"Number of Cases Too Small","No Different Than the National Rate","No Different Than the National Value","medium","32","136","0","85","93",87,-1.6,-28.3,29.6,70,24,1,"84","82","69","66","71","70","73","77","72","68",98,1.0196,21.1071,20.7023,22,0.224489795918367
"140127",1.155,NA,18609,"No Different Than the National Average Payment","5.9",NA,"No Different Than the National Rate","No Different Than the National Rate","No Different Than the National Value","medium","83","202","3","Not Available","Not Available",297,-17,-35.9,4.8,230,74,1,"92","91","84","77","89","84","88","83","90","90",232,0.9612,19.669,20.462,43,0.185344827586207
"140130",0.482,NA,18898,"No Different Than the National Average Payment","7.7",NA,"No Different Than the National Rate","No Different Than the National Rate","No Different Than the National Value","very high","98","234","4","Not Available","Not Available",601,-21.2,-37.8,-2.8,476,129,2,"92","92","80","75","89","83","88","85","90","91",453,0.8855,18.332,20.7031,75,0.165562913907285
"140133",NA,NA,17917,"No Different Than the National Average Payment","2.5",NA,"Not Available","Number of Cases Too Small","No Different Than the National Value","medium","97","192","1","73","82",160,-12,-38.4,17.5,116,37,1,"82","83","69","64","71","68","76","70","74","68",168,0.9747,21.2917,21.8453,34,0.202380952380952
"140135",0.885,NA,18488,"No Different Than the National Average Payment","6.4",NA,"No Different Than the National Rate","No Different Than the National Rate","No Different Than the National Value","medium","71","232","5","Not Available","Not Available",394,36.4,14.3,61,312,110,0,"90","89","81","73","85","81","87","82","86","83",345,1.0249,20.9689,20.4589,74,0.214492753623188
"140145",NA,NA,18079,"No Different Than the National Average Payment","8.2",NA,"Number of Cases Too Small","No Different Than the National Rate","No Different Than the National Value","low","86","117","0","94","Not Available",101,0.3,-23,28.9,88,27,1,"95","94","88","81","92","83","87","87","91","89",70,1.0118,17.4999,17.2961,13,0.185714285714286
"140147",NA,NA,18758,"No Different Than the National Average Payment","10.5",NA,"No Different Than the National Rate","No Different Than the National Rate","No Different Than the National Value","low","94","137","1","Not Available","Not Available",108,-11.6,-34.3,16.1,91,37,1,"92","93","85","79","85","79","85","82","88","86",88,0.9901,18.9256,19.1144,16,0.181818181818182
"140148",0.363,NA,18308,"Less Than the National Average Payment","3.8",NA,"No Different Than the National Rate","Worse Than the National Rate","Worse Than the National Value","very high","72","252","4","80","93",635,19.7,2,39.3,502,171,0,"90","89","79","76","88","82","83","83","88","89",567,1.0489,21.4767,20.475,125,0.220458553791887
"140150",1.065,NA,20509,"No Different Than the National Average Payment","5.4",NA,"Worse Than the National Rate","Worse Than the National Rate","Worse Than the National Value","high","97","340","4","98","100",188,37.6,9.9,67.6,149,66,0,"88","90","82","73","81","78","81","77","85","84",160,1.1562,24.9224,21.5559,50,0.3125
"140155",NA,NA,20279,"No Different Than the National Average Payment","10.8",NA,"No Different Than the National Rate","No Different Than the National Rate","No Different Than the National Value","medium","Not Available","135","1","95","99",159,-11.4,-34.3,14.3,128,47,1,"92","91","85","75","87","81","84","84","90","90",151,0.9324,20.3716,21.8482,26,0.172185430463576
"140158",NA,NA,21363,"No Different Than the National Average Payment","3.7",NA,"Number of Cases Too Small","No Different Than the National Rate","No Different Than the National Value","medium","61","193","3","Not Available","Not Available",84,37.9,3.8,76.7,71,31,0,"84","87","77","66","75","76","79","83","82","78",122,1.1703,23.1921,19.8178,39,0.319672131147541
"140160",NA,NA,19506,"No Different Than the National Average Payment","8.3",NA,"No Different Than the National Rate","No Different Than the National Rate","No Different Than the National Value","medium","76","157","0","Not Available","Not Available",126,-19.3,-40.2,5.7,110,27,1,"93","91","85","80","90","81","87","84","87","84",110,0.8927,16.6678,18.6713,11,0.1
"140161",NA,NA,17794,"No Different Than the National Average Payment","5",NA,"No Different Than the National Rate","No Different Than the National Rate","No Different Than the National Value","low","91","125","1","Not Available","Not Available",121,-14.9,-35.8,9.9,102,30,1,"92","93","86","82","90","83","90","80","87","84",102,0.9756,17.2338,17.6643,16,0.156862745098039
"140162",0.609,NA,18459,"No Different Than the National Average Payment","8",NA,"No Different Than the National Rate","No Different Than the National Rate","No Different Than the National Value","medium","83","215","3","Not Available","Not Available",385,18,-1,39.8,312,106,1,"90","90","78","75","84","80","83","81","85","85",322,0.9869,17.9669,18.2058,57,0.177018633540373
"140164",0.413,NA,20925,"No Different Than the National Average Payment","6.3",NA,"No Different Than the National Rate","No Different Than the National Rate","No Different Than the National Value","medium","96","191","4","Not Available","99",327,23.3,0.6,46.9,268,109,0,"91","91","83","76","86","80","88","83","87","87",309,1.0479,22.5907,21.5581,73,0.236245954692557
"140166",NA,NA,17921,"Less Than the National Average Payment","6",NA,"Worse Than the National Rate","No Different Than the National Rate","Worse Than the National Value","medium","86","214","10","84","90",400,11.9,-8.8,35.8,318,111,1,"89","89","77","70","85","78","84","82","84","81",365,0.9955,21.4528,21.5489,78,0.213698630136986
"140172",0.873,NA,19340,"No Different Than the National Average Payment","6",NA,"No Different Than the National Rate","No Different Than the National Rate","No Different Than the National Value","high","69","274","5","89","Not Available",527,42,19.5,66.1,405,152,0,"88","87","77","71","82","77","82","82","83","81",468,1.1033,23.9689,21.7254,119,0.254273504273504
"140174",NA,NA,19383,"No Different Than the National Average Payment","2.7",NA,"No Different Than the National Rate","No Different Than the National Rate","No Different Than the National Value","medium","Not Available","220","1","94","98",245,12.3,-10.8,38.2,196,69,1,"92","92","84","79","87","80","87","85","88","86",199,1.0797,21.9995,20.375,49,0.246231155778894
"140177",NA,NA,19462,"No Different Than the National Average Payment","Not Available",NA,"Not Available","Number of Cases Too Small","Not Available","low","Not Available","192","1","Not Available","Not Available",54,52.7,9.3,102.7,49,21,0,"Not Available","Not Available","Not Available","Not Available","Not Available","Not Available","Not Available","Not Available","Not Available","Not Available",54,1.0711,24.4036,22.7839,18,0.333333333333333
"140179",0.636,NA,19686,"No Different Than the National Average Payment","7.3",NA,"No Different Than the National Rate","No Different Than the National Rate","No Different Than the National Value","high","70","272","9","Not Available","Not Available",573,25.8,5.7,48,458,162,0,"92","91","81","77","80","80","87","84","89","86",500,1.0333,21.5543,20.86,110,0.22
"140180",0.597,NA,21263,"No Different Than the National Average Payment","15.3",NA,"No Different Than the National Rate","No Different Than the National Rate","No Different Than the National Value","high","Not Available","192","1","78","86",188,34.7,4.9,69.2,136,56,0,"89","90","79","73","83","76","83","82","86","85",186,1.1757,28.129,23.925,64,0.344086021505376
"140182",0.28,NA,19967,"No Different Than the National Average Payment","4.2",NA,"No Different Than the National Rate","No Different Than the National Rate","No Different Than the National Value","high","85","214","2","97","100",262,2.7,-21.6,28.4,207,70,1,"91","89","84","75","87","80","83","77","87","86",209,1.0779,22.8904,21.2358,53,0.253588516746411
"140184",NA,NA,20496,"No Different Than the National Average Payment","7",NA,"No Different Than the National Rate","No Different Than the National Rate","No Different Than the National Value","low","66","182","3","81","Not Available",116,-1.8,-29.1,29.2,97,38,1,"88","87","81","67","80","76","82","77","81","78",134,0.964,22.0522,22.8765,27,0.201492537313433
"140185",1.07,NA,18420,"Less Than the National Average Payment","4.4",NA,"No Different Than the National Rate","No Different Than the National Rate","No Different Than the National Value","very high","97","195","3","90","97",646,9,-8.6,26.6,510,174,1,"93","92","87","81","90","83","86","88","90","89",487,0.9592,20.0804,20.9339,95,0.195071868583162
"140186",0,NA,21233,"Greater Than the National Average Payment","5.3",NA,"No Different Than the National Rate","No Different Than the National Rate","No Different Than the National Value","medium","98","193","4","Not Available","Not Available",482,-0.5,-18.3,18.9,389,120,1,"92","92","81","74","88","81","89","82","88","88",454,0.9648,19.0218,19.7147,84,0.185022026431718
"140187",0.476,NA,21234,"Greater Than the National Average Payment","8.2",NA,"No Different Than the National Rate","No Different Than the National Rate","No Different Than the National Value","high","85","189","1","86","96",543,32,12.2,53.4,446,171,0,"93","92","86","80","88","83","81","89","91","91",438,1.0578,22.1863,20.9736,101,0.230593607305936
"140189",2.732,NA,16774,"Less Than the National Average Payment","6.3",NA,"No Different Than the National Rate","No Different Than the National Rate","No Different Than the National Value","high","88","202","2","Not Available","Not Available",526,20.5,2.7,40.2,420,169,0,"92","90","85","79","89","81","87","81","89","88",416,1.1815,23.0063,19.4718,107,0.257211538461538
"140191",0.931,NA,20909,"Greater Than the National Average Payment","8.9",NA,"No Different Than the National Rate","No Different Than the National Rate","No Different Than the National Value","medium","96","148","9","Not Available","Not Available",554,34.3,14.7,56.4,422,157,0,"83","85","65","64","75","71","77","76","75","71",513,1.032,20.4477,19.8144,107,0.208576998050682
"140200",0.651,NA,20169,"No Different Than the National Average Payment","4.4",NA,"No Different Than the National Rate","No Different Than the National Rate","No Different Than the National Value","very high","95","183","2","Not Available","Not Available",1160,7.6,-5.1,20.7,883,315,1,"92","91","84","75","85","80","84","86","89","90",901,0.9945,19.574,19.6814,176,0.195338512763596
"140202",1.117,NA,19388,"No Different Than the National Average Payment","3.1",NA,"No Different Than the National Rate","No Different Than the National Rate","No Different Than the National Value","high","86","247","8","87","99",815,7.3,-7.7,24.9,649,211,1,"91","90","81","75","87","81","90","83","87","87",720,0.9866,20.4037,20.6814,146,0.202777777777778
"140206",0.964,NA,19442,"No Different Than the National Average Payment","4.1",NA,"Number of Cases Too Small","No Different Than the National Rate","No Different Than the National Value","medium","88","173","1","Not Available","92",55,44.9,5.5,91.5,45,24,0,"82","86","69","65","76","71","83","72","78","75",56,1.1101,25.9004,23.3305,22,0.392857142857143
"140208",0.387,NA,21534,"Greater Than the National Average Payment","8.4",NA,"Worse Than the National Rate","No Different Than the National Rate","Worse Than the National Value","very high","90","302","13","91","97",1287,7.6,-7.6,23.2,1025,332,1,"92","90","84","75","86","80","81","77","86","85",1096,1.0903,23.6345,21.6765,265,0.241788321167883
"140209",0.726,NA,19459,"No Different Than the National Average Payment","9.7",NA,"No Different Than the National Rate","No Different Than the National Rate","No Different Than the National Value","medium","90","260","13","Not Available","Not Available",310,39.6,15,65.6,265,98,0,"90","90","77","73","84","79","81","77","85","84",266,1.0185,21.3397,20.9511,58,0.218045112781955
"140211",0,NA,18937,"No Different Than the National Average Payment","4.2",NA,"No Different Than the National Rate","No Different Than the National Rate","No Different Than the National Value","high","97","218","3","Not Available","Not Available",582,-8.8,-24,9.2,453,129,1,"94","93","84","81","87","83","90","86","91","92",468,0.8858,15.7506,17.7814,66,0.141025641025641
"140213",0.737,NA,20034,"No Different Than the National Average Payment","5.7",NA,"No Different Than the National Rate","No Different Than the National Rate","No Different Than the National Value","very high","97","246","4","Not Available","Not Available",1096,-7.8,-20.3,5.5,877,293,1,"92","89","83","79","88","83","87","84","90","89",925,1.0584,21.5316,20.3432,203,0.219459459459459
"140217",NA,NA,23070,"Greater Than the National Average Payment","5.3",NA,"No Different Than the National Rate","No Different Than the National Rate","No Different Than the National Value","medium","Not Available","159","1","93","98",185,10.5,-15.2,40,153,50,1,"89","87","76","72","85","79","86","82","86","83",163,1.0429,22.773,21.8364,40,0.245398773006135
"140223",0.588,NA,21113,"Greater Than the National Average Payment","3",NA,"No Different Than the National Rate","No Different Than the National Rate","No Different Than the National Value","very high","92","240","4","94","99",1189,-2.6,-15,10.9,967,288,1,"91","90","81","75","87","81","85","75","87","87",925,0.9217,18.6361,20.2183,167,0.180540540540541
"140224",0,NA,20018,"No Different Than the National Average Payment","9.7",NA,"No Different Than the National Rate","No Different Than the National Rate","No Different Than the National Value","low","Not Available","156","1","75","83",233,22.9,-3.5,51.8,191,49,1,"90","92","78","76","85","80","86","82","88","88",209,0.9751,18.4914,18.9627,37,0.177033492822967
"140228",0.258,NA,18897,"No Different Than the National Average Payment","8.4",NA,"No Different Than the National Rate","No Different Than the National Rate","No Different Than the National Value","very high","85","205","8","Not Available","Not Available",480,15.6,-3.7,36.1,393,142,1,"90","87","82","72","83","79","86","81","85","87",436,0.9931,20.0604,20.2002,87,0.19954128440367
"140231",0,NA,20291,"No Different Than the National Average Payment","5.9",NA,"No Different Than the National Rate","No Different Than the National Rate","No Different Than the National Value","very high","92","178","3","Not Available","Not Available",1034,8.4,-6.1,23.4,814,288,1,"92","91","83","73","83","81","78","83","88","89",867,1.0059,20.8309,20.7082,181,0.20876585928489
"140233",0.185,NA,19698,"No Different Than the National Average Payment","7.4",NA,"No Different Than the National Rate","No Different Than the National Rate","No Different Than the National Value","medium","63","208","4","Not Available","Not Available",508,4,-12.9,22.3,432,147,1,"90","90","78","75","84","80","76","80","86","86",434,1.0153,19.3538,19.0616,85,0.195852534562212
"140239",1.451,NA,17619,"Less Than the National Average Payment","8.9",NA,"No Different Than the National Rate","No Different Than the National Rate","No Different Than the National Value","medium","78","222","13","Not Available","Not Available",329,-19.9,-39.4,1.5,270,68,1,"90","89","81","74","87","79","89","83","85","83",293,0.9137,18.4074,20.1469,48,0.16382252559727
"140242",0.48,NA,18810,"No Different Than the National Average Payment","4.6",NA,"No Different Than the National Rate","Better Than the National Rate","Better Than the National Value","very high","97","224","5","Not Available","Not Available",969,-12.3,-24.7,1.8,773,236,1,"92","91","81","78","87","83","88","86","91","92",748,0.9688,18.191,18.7778,134,0.179144385026738
"140251",NA,NA,21779,"Greater Than the National Average Payment","12.3",NA,"No Different Than the National Rate","No Different Than the National Rate","No Different Than the National Value","medium","94","230","13","Not Available","Not Available",210,23.1,-4.9,54.1,157,49,1,"75","77","63","58","68","67","74","61","63","56",193,1.0552,22.4432,21.2684,47,0.243523316062176
"140252",0.541,NA,20222,"No Different Than the National Average Payment","5.6",NA,"Better Than the National Rate","No Different Than the National Rate","Better Than the National Value","very high","99","178","1","Not Available","Not Available",983,-13.6,-25.4,-0.1,819,213,2,"89","89","80","73","83","79","81","80","86","86",784,0.9305,17.3043,18.5972,131,0.167091836734694
"140258",0.274,NA,22624,"Greater Than the National Average Payment","8.4",NA,"No Different Than the National Rate","Worse Than the National Rate","No Different Than the National Value","high","Not Available","212","2","86","97",976,27.3,10.8,45.1,767,237,0,"89","89","79","73","86","77","88","82","86","85",849,1.0116,20.0512,19.8219,171,0.201413427561837
"140275",NA,NA,19048,"No Different Than the National Average Payment","0.9",NA,"No Different Than the National Rate","No Different Than the National Rate","No Different Than the National Value","medium","80","206","6","Not Available","Not Available",116,-18,-38.1,5.6,110,35,1,"89","87","76","72","83","78","87","80","83","81",112,1.0902,19.1212,17.5384,27,0.241071428571429
"140276",0.953,NA,19505,"No Different Than the National Average Payment","9.2",NA,"Worse Than the National Rate","No Different Than the National Rate","No Different Than the National Value","high","80","361","8","94","97",599,22.9,2.3,44.6,481,166,0,"90","90","77","72","86","80","78","78","85","84",548,1.043,21.9238,21.0208,123,0.224452554744526
"140280",1.82,NA,19605,"No Different Than the National Average Payment","2.8",NA,"No Different Than the National Rate","No Different Than the National Rate","No Different Than the National Value","high","73","202","7","Not Available","Not Available",411,-6,-22.8,12.8,350,110,1,"89","89","74","70","85","79","80","79","83","81",356,0.9802,19.1883,19.5752,67,0.188202247191011
"140281",0.858,NA,17759,"Less Than the National Average Payment","6.3",NA,"Better Than the National Rate","Better Than the National Rate","Better Than the National Value","very high","97","326","13","Not Available","Not Available",1315,15.2,0.7,31.8,976,320,0,"92","92","82","78","87","84","83","87","92","92",1147,0.996,21.1219,21.2056,242,0.210985178727114
"140286",3.32,NA,18731,"No Different Than the National Average Payment","7.8",NA,"No Different Than the National Rate","No Different Than the National Rate","No Different Than the National Value","medium","97","196","2","Not Available","Not Available",254,-21.2,-40.9,1.2,205,57,1,"92","92","84","80","92","83","87","85","89","88",210,0.9017,17.4979,19.4049,30,0.142857142857143
"140288",0.46,NA,20781,"Greater Than the National Average Payment","1.8",NA,"Worse Than the National Rate","No Different Than the National Rate","Worse Than the National Value","high","85","186","2","97","99",909,9.3,-5.5,24.4,727,245,1,"92","92","82","76","89","83","86","85","89","88",708,1.0228,20.1273,19.6795,144,0.203389830508475
"140289",0.578,NA,18393,"No Different Than the National Average Payment","3.4",NA,"No Different Than the National Rate","No Different Than the National Rate","No Different Than the National Value","medium","72","206","1","Not Available","Not Available",287,18,-3.9,43.6,236,78,1,"92","92","86","82","92","83","89","84","90","89",253,1.1421,22.1591,19.4013,65,0.256916996047431
"140290",0.231,NA,20874,"Greater Than the National Average Payment","13.3",NA,"No Different Than the National Rate","No Different Than the National Rate","No Different Than the National Value","high","Not Available","194","1","88","97",656,-2.4,-18.8,14.4,514,173,1,"90","89","81","74","87","77","88","81","87","86",573,1.0258,20.1221,19.6151,117,0.204188481675393
"140291",0.362,NA,18445,"Less Than the National Average Payment","2.3",NA,"Worse Than the National Rate","No Different Than the National Rate","No Different Than the National Value","medium","84","176","2","94","96",731,-11,-26,4.8,591,198,1,"92","90","82","76","89","82","88","82","89","89",571,0.9218,18.6283,20.2089,101,0.176882661996497
"140292",0,NA,21556,"No Different Than the National Average Payment","2.1",NA,"No Different Than the National Rate","No Different Than the National Rate","No Different Than the National Value","medium","86","174","2","Not Available","Not Available",99,4.6,-22.9,38.1,90,30,1,"86","84","80","68","83","75","87","76","81","77",97,1.0391,21.0371,20.2455,23,0.237113402061856
"140304",NA,NA,19731,"No Different Than the National Average Payment","9.3",NA,"No Different Than the National Rate","No Different Than the National Rate","No Different Than the National Value","medium","77","188","3","Not Available","Not Available",196,7.8,-17.3,39.1,150,52,1,"88","88","80","72","87","77","88","83","83","82",178,0.9851,20.793,21.1072,36,0.202247191011236
"150001",NA,NA,17629,"Less Than the National Average Payment","9.6",NA,"No Different Than the National Rate","No Different Than the National Rate","No Different Than the National Value","medium","83","134","1","Not Available","Not Available",116,-22.5,-42,-0.9,103,26,2,"92","93","87","76","89","83","90","82","91","90",86,0.9588,17.1394,17.8763,12,0.13953488372093
"150002",0.207,NA,21013,"Greater Than the National Average Payment","8",NA,"No Different Than the National Rate","No Different Than the National Rate","No Different Than the National Value","very high","75","152","0","90","74",464,51.6,28.7,75.2,344,135,0,"87","87","72","71","79","76","79","78","81","77",381,1.0865,21.8926,20.1501,89,0.233595800524934
"150005",0,NA,18520,"No Different Than the National Average Payment","4.4",NA,"No Different Than the National Rate","No Different Than the National Rate","No Different Than the National Value","high","94","166","2","Not Available","Not Available",242,-9.3,-30.7,14,200,62,1,"93","93","84","78","90","85","91","84","93","93",215,0.9778,19.2945,19.7329,40,0.186046511627907
"150006",NA,NA,20817,"No Different Than the National Average Payment","3.8",NA,"No Different Than the National Rate","No Different Than the National Rate","No Different Than the National Value","medium","72","158","1","91","95",248,19.6,-2.2,45.5,208,81,1,"92","89","86","75","88","80","88","85","88","86",233,1.0973,21.366,19.4714,56,0.240343347639485
"150007",0.826,NA,22184,"Greater Than the National Average Payment","5.1",NA,"No Different Than the National Rate","No Different Than the National Rate","No Different Than the National Value","medium","93","158","5","Not Available","Not Available",181,-19.2,-38,0.6,152,64,1,"94","91","88","78","92","84","91","87","91","90",163,0.9711,19.5996,20.1832,30,0.184049079754601
"150008",0.906,NA,20868,"No Different Than the National Average Payment","6.5",NA,"No Different Than the National Rate","No Different Than the National Rate","No Different Than the National Value","medium","91","173","2","90","Not Available",125,-10.1,-38.7,22.9,102,32,1,"88","88","81","72","84","77","86","76","86","84",122,0.9383,22.5087,23.9887,23,0.188524590163934
"150009",0,NA,23235,"Greater Than the National Average Payment","7",NA,"No Different Than the National Rate","No Different Than the National Rate","No Different Than the National Value","medium","67","197","4","93","Not Available",331,0.7,-19.9,23.4,269,86,1,"87","87","78","68","80","76","82","81","82","79",331,0.9739,20.1703,20.7103,65,0.196374622356495
"150010",NA,NA,19811,"No Different Than the National Average Payment","4.7",NA,"No Different Than the National Rate","No Different Than the National Rate","No Different Than the National Value","medium","Not Available","152","2","98","98",232,-4.9,-26.1,17.9,193,58,1,"90","91","85","74","87","81","88","83","88","88",196,0.9431,18.8051,19.9394,33,0.168367346938776
"150011",NA,NA,18564,"No Different Than the National Average Payment","7.3",NA,"Not Available","No Different Than the National Rate","No Different Than the National Value","medium","90","129","1","96","95",250,-2.7,-22.7,18.9,203,68,1,"91","89","83","72","89","80","88","82","86","82",235,1.0134,19.2017,18.9474,46,0.195744680851064
"150012",0.509,NA,18039,"Less Than the National Average Payment","9",NA,"No Different Than the National Rate","No Different Than the National Rate","No Different Than the National Value","medium","54","196","5","Not Available","Not Available",477,10.1,-7.5,29.6,396,133,1,"89","89","80","69","83","79","85","80","86","85",398,0.9688,18.614,19.2141,72,0.180904522613065
"150015",0.781,NA,19539,"No Different Than the National Average Payment","4.4",NA,"No Different Than the National Rate","No Different Than the National Rate","No Different Than the National Value","high","65","176","1","96","Not Available",354,-11.1,-29.5,10,271,78,1,"92","89","85","74","88","81","83","85","89","88",299,1.0111,20.488,20.2634,62,0.207357859531773
"150017",0.265,NA,21347,"Greater Than the National Average Payment","4.5",NA,"Worse Than the National Rate","No Different Than the National Rate","No Different Than the National Value","high","45","192","5","Not Available","Not Available",560,15.8,-3.7,36.4,456,152,1,"90","89","82","69","85","78","85","78","85","83",446,0.9818,20.4558,20.8351,90,0.201793721973094
"150018",0.359,NA,18923,"No Different Than the National Average Payment","6.9",NA,"No Different Than the National Rate","No Different Than the National Rate","No Different Than the National Value","high","92","206","4","Not Available","Not Available",284,16.3,-6.8,42.2,243,77,1,"90","90","80","72","87","80","85","80","87","85",223,0.9764,18.638,19.0887,40,0.179372197309417
"150021",0.534,NA,17933,"Less Than the National Average Payment","4.7",NA,"No Different Than the National Rate","No Different Than the National Rate","No Different Than the National Value","very high","82","152","1","99","Not Available",629,-14,-28.7,2.1,544,167,1,"92","89","86","75","90","82","90","87","91","92",456,0.9997,20.6181,20.6239,94,0.206140350877193
"150023",0.755,NA,20491,"No Different Than the National Average Payment","5.4",NA,"No Different Than the National Rate","No Different Than the National Rate","No Different Than the National Value","high","95","180","1","Not Available","Not Available",887,0.2,-14.8,15.3,694,259,1,"89","88","80","73","85","79","86","81","86","85",819,1.0731,23.0968,21.5233,194,0.236874236874237
"150024",2.298,NA,19102,"No Different Than the National Average Payment","6.7",NA,"No Different Than the National Rate","No Different Than the National Rate","No Different Than the National Value","very high","97","204","3","96","Not Available",201,9.8,-14.9,36.8,157,58,1,"89","90","82","74","84","80","84","83","89","88",189,0.9868,20.5783,20.8529,38,0.201058201058201
"150026",NA,NA,19372,"No Different Than the National Average Payment","6.9",NA,"No Different Than the National Rate","No Different Than the National Rate","No Different Than the National Value","medium","97","157","2","98","98",168,-0.6,-22.7,24.1,144,38,1,"93","93","87","75","90","82","87","85","91","91",130,0.9424,16.7694,17.7938,18,0.138461538461538
"150030",NA,NA,17881,"No Different Than the National Average Payment","10.6",NA,"No Different Than the National Rate","No Different Than the National Rate","No Different Than the National Value","medium","95","160","2","Not Available","Not Available",132,23.5,-4.1,55.7,106,37,1,"93","92","85","73","89","82","90","83","90","88",106,1.0174,19.6777,19.3405,22,0.207547169811321
"150034",0,NA,21623,"Greater Than the National Average Payment","5.3",NA,"No Different Than the National Rate","No Different Than the National Rate","No Different Than the National Value","medium","92","168","1","96","97",503,10,-7.5,29.6,403,160,1,"91","90","82","74","87","82","83","82","89","88",478,1.0468,21.3197,20.3665,105,0.219665271966527
"150035",0.685,NA,20877,"Greater Than the National Average Payment","6.7",NA,"No Different Than the National Rate","No Different Than the National Rate","No Different Than the National Value","high","54","163","2","95","94",589,15.7,-3.4,36,458,152,1,"90","88","80","71","83","77","82","78","83","80",479,1.0264,21.3447,20.7959,104,0.217118997912317
"150037",NA,NA,18244,"No Different Than the National Average Payment","3",NA,"No Different Than the National Rate","No Different Than the National Rate","No Different Than the National Value","medium","89","158","2","94","96",79,-5.3,-30.2,27.2,72,19,1,"93","91","86","77","90","84","92","87","91","91",64,0.9937,17.8228,17.9356,11,0.171875
"150042",NA,NA,20929,"No Different Than the National Average Payment","9.6",NA,"No Different Than the National Rate","No Different Than the National Rate","No Different Than the National Value","medium","91","128","1","Not Available","Not Available",329,-12.2,-28.6,6.3,279,89,1,"91","90","83","73","85","80","91","86","88","87",271,0.9964,18.9057,18.9734,51,0.188191881918819
"150044",1.167,NA,22931,"Greater Than the National Average Payment","2.8",NA,"No Different Than the National Rate","No Different Than the National Rate","No Different Than the National Value","high","87","194","6","Not Available","Not Available",744,-4.3,-19,11.6,608,217,1,"91","88","83","72","86","80","84","81","88","88",596,0.9937,21.7161,21.8529,129,0.216442953020134
"150046",NA,NA,19475,"No Different Than the National Average Payment","6.1",NA,"No Different Than the National Rate","No Different Than the National Rate","No Different Than the National Value","medium","56","160","1","98","99",197,9.2,-16.4,38.9,168,52,1,"89","89","80","74","83","79","88","78","86","84",173,0.9888,20.6666,20.8998,35,0.202312138728324
"150048",0,NA,18788,"No Different Than the National Average Payment","7.7",NA,"No Different Than the National Rate","No Different Than the National Rate","No Different Than the National Value","high","96","138","2","Not Available","Not Available",812,-13.3,-27.7,1.6,624,204,1,"88","88","76","72","86","78","88","81","86","84",722,1.0655,22.9436,21.5324,170,0.235457063711911
"150051",0.938,NA,18810,"No Different Than the National Average Payment","3.7",NA,"No Different Than the National Rate","No Different Than the National Rate","No Different Than the National Value","high","80","218","4","Not Available","Not Available",456,-7.4,-23.5,10.1,385,132,1,"90","91","78","69","84","81","77","81","85","84",415,0.8631,16.7571,19.4158,60,0.144578313253012
"150056",0.992,NA,20235,"No Different Than the National Average Payment","7.9",NA,"No Different Than the National Rate","No Different Than the National Rate","No Different Than the National Value","very high","75","192","3","Not Available","Not Available",514,35.1,13,59.1,418,148,0,"88","90","76","70","87","80","78","79","84","83",448,1.1183,23.2902,20.8273,112,0.25
"150058",0.282,NA,18353,"Less Than the National Average Payment","7.1",NA,"Worse Than the National Rate","No Different Than the National Rate","Worse Than the National Value","very high","94","167","6","Not Available","Not Available",434,-10.8,-27,6.6,357,99,1,"92","91","84","74","85","81","85","73","88","89",385,0.9139,17.3586,18.9934,61,0.158441558441558
"150059",NA,NA,20270,"No Different Than the National Average Payment","6.2",NA,"No Different Than the National Rate","No Different Than the National Rate","No Different Than the National Value","very high","85","108","0","Not Available","Not Available",141,-11,-33.8,15.4,130,32,1,"92","92","83","77","90","83","85","86","91","91",128,0.9918,19.1745,19.334,24,0.1875
"150069",NA,NA,19441,"No Different Than the National Average Payment","4.6",NA,"No Different Than the National Rate","No Different Than the National Rate","No Different Than the National Value","low","89","174","5","98","97",164,13.3,-10.8,39.3,132,51,1,"93","93","85","78","91","83","85","85","89","87",140,1.0304,18.6042,18.055,28,0.2
"150074",0.271,NA,20568,"No Different Than the National Average Payment","3.4",NA,"Worse Than the National Rate","No Different Than the National Rate","No Different Than the National Value","very high","94","166","4","Not Available","Not Available",586,4.4,-12.7,22.5,469,166,1,"93","92","86","76","89","83","87","86","91","91",495,1.0177,20.571,20.2126,103,0.208080808080808
"150076",NA,NA,18945,"No Different Than the National Average Payment","9",NA,"Number of Cases Too Small","No Different Than the National Rate","No Different Than the National Value","low","37","144","5","Not Available","Not Available",117,-35.9,-56.1,-13.1,97,29,2,"92","90","89","74","90","82","93","82","88","86",95,0.916,17.5573,19.1683,11,0.115789473684211
"150082",0.642,NA,20316,"No Different Than the National Average Payment","5.5",NA,"No Different Than the National Rate","No Different Than the National Rate","No Different Than the National Value","very high","90","171","4","96","Not Available",1536,12.9,1.7,25,1200,437,0,"92","90","78","74","81","80","77","85","88","88",1303,1.0849,21.5292,19.844,286,0.219493476592479
"150084",1.564,NA,19990,"No Different Than the National Average Payment","5",NA,"Worse Than the National Rate","No Different Than the National Rate","No Different Than the National Value","very high","Not Available","130","1","88","99",692,6.6,-8.7,24.7,588,178,1,"88","91","78","70","85","79","82","80","87","86",592,1.0098,21.1729,20.968,126,0.212837837837838
"150086",NA,NA,18175,"No Different Than the National Average Payment","4.6",NA,"No Different Than the National Rate","No Different Than the National Rate","No Different Than the National Value","medium","95","142","2","Not Available","Not Available",152,5.5,-20.3,34.9,124,43,1,"94","93","90","82","92","83","95","87","91","89",108,1.0439,20.4897,19.6289,25,0.231481481481481
"150088",0.701,NA,19066,"No Different Than the National Average Payment","4.9",NA,"No Different Than the National Rate","No Different Than the National Rate","No Different Than the National Value","medium","Not Available","206","4","93","93",167,38.3,9.7,71.5,137,51,0,"90","90","85","71","85","81","90","81","87","86",148,1.0814,22.0863,20.4236,38,0.256756756756757
"150089",0.651,NA,19949,"No Different Than the National Average Payment","5.4",NA,"No Different Than the National Rate","No Different Than the National Rate","No Different Than the National Value","high","79","208","3","Not Available","Not Available",756,22.1,4.4,40.4,594,193,0,"88","89","77","67","86","79","81","83","84","82",664,1.0615,21.829,20.5641,149,0.224397590361446
"150090",0.439,NA,21114,"No Different Than the National Average Payment","2.9",NA,"No Different Than the National Rate","No Different Than the National Rate","No Different Than the National Value","medium","66","160","3","92","Not Available",376,11.8,-8.6,36.3,295,120,1,"89","89","79","72","85","78","88","80","84","82",300,1.0453,22.3244,21.3567,70,0.233333333333333
"150097",NA,NA,17365,"Less Than the National Average Payment","7.5",NA,"No Different Than the National Rate","No Different Than the National Rate","No Different Than the National Value","medium","95","140","0","Not Available","Not Available",116,-18,-42.5,9.5,88,30,1,"92","91","83","77","87","83","94","86","88","86",99,1.0579,22.3785,21.1541,26,0.262626262626263
"150100",0.231,NA,21267,"Greater Than the National Average Payment","7.5",NA,"No Different Than the National Rate","No Different Than the National Rate","No Different Than the National Value","high","Not Available","160","1","92","98",470,-3.7,-20.6,14.8,398,129,1,"90","91","83","75","88","83","90","84","89","89",413,1.0221,21.4329,20.9686,90,0.217917675544794
"150101",NA,NA,18376,"No Different Than the National Average Payment","3.2",NA,"Not Available","Number of Cases Too Small","No Different Than the National Value","medium","88","121","0","98","Not Available",72,-2.4,-29.2,28.9,57,18,1,"94","90","89","78","91","83","93","86","93","93",52,1.0487,19.0194,18.1369,13,0.25
"150104",NA,NA,19545,"No Different Than the National Average Payment","5.9",NA,"No Different Than the National Rate","No Different Than the National Rate","No Different Than the National Value","medium","93","120","1","Not Available","Not Available",123,-12.1,-35.1,16.2,106,38,1,"93","93","86","77","86","82","83","82","91","89",114,0.9764,19.8123,20.291,21,0.184210526315789
"150109",0.708,NA,19824,"No Different Than the National Average Payment","2.7",NA,"No Different Than the National Rate","Worse Than the National Rate","No Different Than the National Value","medium","81","170","3","95","Not Available",441,-3.6,-21.4,15.4,370,123,1,"92","89","85","74","89","81","90","85","90","90",414,0.946,20.4708,21.6382,81,0.195652173913043
"150112",0.606,NA,20532,"No Different Than the National Average Payment","5.7",NA,"No Different Than the National Rate","No Different Than the National Rate","No Different Than the National Value","medium","90","166","2","98","96",406,4.6,-15.1,26.7,318,110,1,"91","91","84","75","88","82","86","76","88","86",345,0.923,19.2273,20.8303,61,0.176811594202899
"150113",NA,NA,18252,"No Different Than the National Average Payment","5.4",NA,"No Different Than the National Rate","No Different Than the National Rate","No Different Than the National Value","medium","94","152","2","Not Available","Not Available",249,-21.4,-38.9,-1,203,60,2,"93","92","84","75","91","83","84","81","90","90",209,0.9854,18.6414,18.9169,38,0.181818181818182
"150115",NA,NA,18520,"No Different Than the National Average Payment","5.8",NA,"No Different Than the National Rate","No Different Than the National Rate","No Different Than the National Value","medium","91","161","1","Not Available","Not Available",373,-11.8,-27.4,5.9,319,94,1,"94","94","87","82","91","84","87","89","92","91",313,0.9768,17.0927,17.4983,52,0.166134185303514
"150125",0.472,NA,22720,"Greater Than the National Average Payment","6.6",NA,"No Different Than the National Rate","No Different Than the National Rate","No Different Than the National Value","very high","92","155","2","Not Available","96",1068,11.9,-2.5,26.1,817,281,1,"91","88","83","74","84","81","84","81","89","87",870,1.1057,23.4568,21.215,211,0.242528735632184
"150126",0,NA,19593,"No Different Than the National Average Payment","4.3",NA,"No Different Than the National Rate","No Different Than the National Rate","No Different Than the National Value","Not Available","74","186","Not Available","92","Not Available",534,-24.3,-40.1,-7.4,428,120,2,"92","90","79","74","89","82","83","80","86","86",441,0.9647,19.1331,19.8342,82,0.1859410430839
"150128",0.526,NA,20982,"Greater Than the National Average Payment","2.9",NA,"No Different Than the National Rate","No Different Than the National Rate","No Different Than the National Value","high","93","195","6","Not Available","Not Available",414,-10.5,-29.4,9.6,335,106,1,"91","90","82","77","86","83","88","83","89","89",324,0.9833,20.0984,20.4393,64,0.197530864197531
"150133",NA,NA,18277,"No Different Than the National Average Payment","3.1",NA,"No Different Than the National Rate","No Different Than the National Rate","No Different Than the National Value","low","51","154","0","93","97",125,1.4,-25.4,32.6,105,27,1,"90","90","81","72","89","80","88","82","86","85",94,0.9903,18.7618,18.946,17,0.180851063829787
"150146",NA,NA,18216,"No Different Than the National Average Payment","3.1",NA,"Number of Cases Too Small","No Different Than the National Rate","No Different Than the National Value","medium","88","119","2","99","Not Available",84,10.9,-17.9,46.2,70,22,1,"91","89","87","77","91","82","91","86","90","88",62,1.0617,20.9902,19.7713,17,0.274193548387097
"150153",NA,NA,18118,"Less Than the National Average Payment","Not Available",NA,"No Different Than the National Rate","No Different Than the National Rate","No Different Than the National Value","low","Not Available","218","0","92","Not Available",367,-24.8,-40.6,-7.1,335,91,2,"94","94","88","78","90","84","86","81","93","95",307,0.859,15.8577,18.4597,39,0.127035830618893
"150157",NA,NA,19479,"No Different Than the National Average Payment","3.7",NA,"No Different Than the National Rate","No Different Than the National Rate","No Different Than the National Value","low","Not Available","176","1","89","98",98,32,0.3,70.8,87,25,0,"91","92","80","75","85","81","87","80","88","89",78,0.9576,17.689,18.4718,11,0.141025641025641
"150158",0.35,NA,19571,"No Different Than the National Average Payment","6.4",NA,"No Different Than the National Rate","No Different Than the National Rate","No Different Than the National Value","high","89","241","2","Not Available","Not Available",406,-17.9,-37.2,2.2,335,91,1,"90","90","77","70","85","81","85","80","88","89",310,0.9096,19.1224,21.0221,53,0.170967741935484
"150161",0.975,NA,19073,"No Different Than the National Average Payment","5.6",NA,"No Different Than the National Rate","No Different Than the National Rate","No Different Than the National Value","medium","78","197","2","Not Available","Not Available",181,-23.1,-44.5,1.2,157,43,1,"87","91","74","69","83","82","77","78","87","89",143,0.9698,18.8873,19.4756,25,0.174825174825175
"150162",0.589,NA,19910,"No Different Than the National Average Payment","4.3",NA,"Better Than the National Rate","No Different Than the National Rate","Better Than the National Value","very high","78","224","4","95","Not Available",868,-17.9,-30.9,-4.2,702,232,2,"91","90","81","71","88","82","84","77","89","90",756,0.9502,20.1611,21.2169,149,0.197089947089947
"150165",NA,NA,20474,"No Different Than the National Average Payment","3.8",NA,"No Different Than the National Rate","No Different Than the National Rate","No Different Than the National Value","low","58","142","2","94","Not Available",235,11.2,-11.8,37.8,185,73,1,"92","91","84","79","89","81","91","87","90","90",173,1.0686,22.7986,21.335,44,0.254335260115607
"150169",0,NA,21300,"Greater Than the National Average Payment","4.8",NA,"Worse Than the National Rate","No Different Than the National Rate","Worse Than the National Value","very high","95","198","3","Not Available","Not Available",300,1.5,-18.7,24.3,260,92,1,"91","90","82","72","87","82","79","82","89","91",288,1.0533,21.36,20.2797,65,0.225694444444444
"150173",0.729,NA,19337,"No Different Than the National Average Payment","4.7",NA,"No Different Than the National Rate","No Different Than the National Rate","No Different Than the National Value","high","71","177","3","Not Available","Not Available",449,6.1,-13,27,364,112,1,"89","90","79","70","86","81","84","80","88","87",361,1.0055,19.8448,19.7369,72,0.199445983379501
"150183",NA,NA,18656,"No Different Than the National Average Payment","1.9",NA,"No Different Than the National Rate","No Different Than the National Rate","No Different Than the National Value","low","90","107","1","Not Available","Not Available",68,-23.7,-46.1,5.5,62,23,1,"92","91","86","77","85","81","90","88","91","91",53,1.0098,19.5288,19.339,11,0.207547169811321
"160001",NA,NA,18292,"No Different Than the National Average Payment","2.3",NA,"Number of Cases Too Small","No Different Than the National Rate","No Different Than the National Value","low","82","151","4","Not Available","Not Available",92,-24.6,-43.1,-1.5,75,22,2,"93","92","85","76","89","83","91","86","89","86",78,0.9596,17.5277,18.2665,11,0.141025641025641
"160013",NA,NA,18851,"No Different Than the National Average Payment","2",NA,"Number of Cases Too Small","No Different Than the National Rate","No Different Than the National Value","low","73","153","3","Not Available","Not Available",75,-6.3,-31.1,25.2,62,21,1,"91","88","85","73","89","79","83","78","87","83",59,1.0148,18.7226,18.4491,12,0.203389830508475
"160016",NA,NA,18641,"No Different Than the National Average Payment","5.3",NA,"No Different Than the National Rate","No Different Than the National Rate","Worse Than the National Value","medium","82","176","7","Not Available","Not Available",260,-12.5,-30.6,8.4,218,72,1,"91","92","83","77","89","82","88","78","87","83",211,0.9014,17.4045,19.3075,30,0.14218009478673
"160028",0,NA,19475,"No Different Than the National Average Payment","2.4",NA,"No Different Than the National Rate","No Different Than the National Rate","No Different Than the National Value","medium","96","172","4","99","99",153,7,-16.5,34.1,131,59,1,"91","90","83","77","90","80","86","85","87","86",124,1.0448,21.0263,20.1248,29,0.233870967741935
"160029",NA,NA,18926,"No Different Than the National Average Payment","3.3",NA,"No Different Than the National Rate","No Different Than the National Rate","No Different Than the National Value","medium","73","152","2","Not Available","Not Available",398,15.8,-3.4,36.5,324,110,1,"91","91","80","74","85","79","78","85","87","88",322,0.9862,18.2926,18.5487,58,0.180124223602484
"160030",0.7,NA,19035,"No Different Than the National Average Payment","0.6",NA,"No Different Than the National Rate","No Different Than the National Rate","No Different Than the National Value","medium","95","142","0","73","78",506,1.7,-14.2,19.5,405,122,1,"93","91","82","79","89","83","88","88","91","93",416,0.8507,15.9558,18.7561,56,0.134615384615385
"160033",1.437,NA,19273,"No Different Than the National Average Payment","0.6",NA,"No Different Than the National Rate","No Different Than the National Rate","No Different Than the National Value","very high","76","192","8","Not Available","Not Available",637,28.3,11.2,46.9,524,193,0,"89","89","76","74","86","78","82","81","85","84",538,1.0753,21.0347,19.5621,118,0.219330855018587
"160045",0,NA,19162,"No Different Than the National Average Payment","3.2",NA,"No Different Than the National Rate","No Different Than the National Rate","No Different Than the National Value","high","86","198","3","Not Available","Not Available",638,-23.1,-35.8,-9,538,161,2,"92","91","83","75","88","82","90","83","91","91",553,0.9056,17.4381,19.255,90,0.162748643761302
"160047",0,NA,19553,"No Different Than the National Average Payment","6",NA,"No Different Than the National Rate","No Different Than the National Rate","No Different Than the National Value","medium","83","140","2","Not Available","Not Available",229,15.5,-7.4,42.5,206,65,1,"94","92","88","79","91","84","90","84","92","91",166,1.0262,20.6472,20.1198,36,0.216867469879518
"160057",0,NA,18191,"Less Than the National Average Payment","7.2",NA,"No Different Than the National Rate","No Different Than the National Rate","Worse Than the National Value","high","76","142","2","Not Available","Not Available",418,12.6,-5.3,33.7,346,120,1,"88","89","78","71","85","77","87","80","85","82",338,0.9874,18.8855,19.1263,63,0.186390532544379
"160058",0.498,NA,19871,"No Different Than the National Average Payment","3.1",NA,"Better Than the National Rate","No Different Than the National Rate","No Different Than the National Value","high","83","230","7","Not Available","100",631,30.5,10.5,50.9,507,171,0,"90","90","78","75","88","81","84","73","87","88",539,1.0365,21.6285,20.8663,119,0.220779220779221
"160064",0.229,NA,22907,"Greater Than the National Average Payment","9.2",NA,"No Different Than the National Rate","No Different Than the National Rate","No Different Than the National Value","medium","68","164","4","Not Available","99",514,7.4,-8.8,26.4,436,162,1,"91","89","85","76","88","80","88","81","87","85",447,0.9755,18.9329,19.4086,83,0.185682326621924
"160067",0.363,NA,19575,"No Different Than the National Average Payment","5.1",NA,"No Different Than the National Rate","No Different Than the National Rate","No Different Than the National Value","medium","86","210","5","Not Available","83",148,-5.7,-30.8,23.9,131,39,1,"89","89","81","72","86","80","84","82","86","85",116,0.9019,17.8776,19.8218,14,0.120689655172414
"160069",0,NA,18896,"No Different Than the National Average Payment","0.9",NA,"No Different Than the National Rate","No Different Than the National Rate","No Different Than the National Value","medium","66","179","4","95","98",185,0.9,-20.9,25.3,157,43,1,"93","92","87","78","89","85","83","81","90","90",143,0.9836,17.5302,17.8216,24,0.167832167832168
"160079",0.576,NA,19089,"No Different Than the National Average Payment","5.7",NA,"Worse Than the National Rate","No Different Than the National Rate","Worse Than the National Value","very high","78","150","2","Not Available","Not Available",480,-16.1,-31.2,0.6,399,117,1,"90","90","80","74","85","81","82","84","89","90",400,0.9475,17.6266,18.6039,67,0.1675
"160080",NA,NA,19010,"No Different Than the National Average Payment","4.3",NA,"No Different Than the National Rate","No Different Than the National Rate","No Different Than the National Value","medium","60","133","2","99","98",203,-23,-44.6,0.4,168,49,1,"93","92","88","79","89","82","86","82","89","85",169,0.9556,19.5357,20.4442,30,0.177514792899408
"160082",0.516,NA,18803,"No Different Than the National Average Payment","2.1",NA,"No Different Than the National Rate","No Different Than the National Rate","No Different Than the National Value","very high","66","194","7","Not Available","Not Available",1025,-11.2,-22.6,0.8,853,243,1,"90","90","80","69","85","80","84","83","88","89",918,0.9262,16.4389,17.7488,146,0.159041394335512
"160083",0.999,NA,19439,"No Different Than the National Average Payment","1.1",NA,"No Different Than the National Rate","No Different Than the National Rate","No Different Than the National Value","very high","56","231","4","Not Available","98",837,-4.9,-19.3,10.3,724,199,1,"89","89","77","69","86","78","83","80","85","83",796,0.8522,16.4983,19.3588,121,0.152010050251256
"160089",NA,NA,20108,"No Different Than the National Average Payment","23.3",NA,"No Different Than the National Rate","No Different Than the National Rate","No Different Than the National Value","low","78","192","4","96","100",112,21,-9.7,58.4,89,34,1,"83","84","75","64","81","73","68","76","74","68",101,0.9418,21.8951,23.2492,18,0.178217821782178
"160104",NA,NA,18927,"No Different Than the National Average Payment","0.9",NA,"No Different Than the National Rate","No Different Than the National Rate","No Different Than the National Value","medium","74","180","9","Not Available","Not Available",100,6.2,-22.6,41.5,91,18,1,"89","89","81","75","84","79","81","86","87","86",91,0.959,18.3828,19.1695,14,0.153846153846154
"160110",0.501,NA,19807,"No Different Than the National Average Payment","10.5",NA,"No Different Than the National Rate","No Different Than the National Rate","No Different Than the National Value","medium","78","138","2","Not Available","Not Available",365,0.5,-18.7,22.5,299,89,1,"91","90","82","74","88","81","84","84","90","90",310,0.9706,18.6952,19.2606,56,0.180645161290323
"160112",NA,NA,17898,"No Different Than the National Average Payment","8.4",NA,"No Different Than the National Rate","No Different Than the National Rate","No Different Than the National Value","low","35","113","0","Not Available","Not Available",116,10.6,-15,40.3,101,30,1,"94","94","90","82","90","83","90","88","92","91",97,1.0088,17.9732,17.8161,18,0.185567010309278
"160117",NA,NA,18129,"No Different Than the National Average Payment","1.9",NA,"No Different Than the National Rate","No Different Than the National Rate","No Different Than the National Value","medium","97","142","2","Not Available","Not Available",141,-17.9,-38.4,6.7,118,29,1,"93","91","86","77","90","82","82","83","90","89",109,0.9536,17.5062,18.3582,16,0.146788990825688
"160124",NA,NA,18764,"No Different Than the National Average Payment","11",NA,"No Different Than the National Rate","No Different Than the National Rate","No Different Than the National Value","low","90","105","1","Not Available","Not Available",70,59.2,23.1,102.2,60,25,0,"93","95","88","80","89","84","90","86","92","92",48,1.0478,18.6886,17.8365,12,0.25
"160146",0.75,NA,19690,"No Different Than the National Average Payment","3.1",NA,"No Different Than the National Rate","No Different Than the National Rate","No Different Than the National Value","medium","82","180","4","Not Available","Not Available",232,15.7,-8.8,42,202,57,1,"89","89","78","72","88","80","80","76","85","86",220,0.9864,18.5884,18.8449,40,0.181818181818182
"160153",1.911,NA,20197,"No Different Than the National Average Payment","3.3",NA,"Worse Than the National Rate","No Different Than the National Rate","No Different Than the National Value","medium","58","193","3","Not Available","92",233,9.7,-15,36.9,196,80,1,"86","86","77","67","82","76","80","78","81","79",210,0.9017,19.4857,21.611,34,0.161904761904762
"170006",NA,NA,21064,"No Different Than the National Average Payment","6.3",NA,"No Different Than the National Rate","No Different Than the National Rate","No Different Than the National Value","medium","Not Available","104","2","97","99",113,6.6,-19.8,37.5,95,34,1,"91","91","87","78","88","80","91","85","87","86",100,0.9992,19.0537,19.0694,19,0.19
"170009",NA,NA,20153,"No Different Than the National Average Payment","2.3",NA,"Not Available","Not Available","Not Available","low","95","118","1","Not Available","Not Available",98,-6.2,-30.7,22.4,82,36,1,"93","93","91","75","84","81","90","86","89","86",84,1.0109,19.3911,19.1829,17,0.202380952380952
"170012",0,NA,19854,"No Different Than the National Average Payment","5.3",NA,"No Different Than the National Rate","No Different Than the National Rate","No Different Than the National Value","medium","62","136","2","71","Not Available",174,-6.4,-27.7,17.2,157,48,1,"90","90","84","75","86","80","85","82","87","86",176,0.9923,18.4672,18.6109,32,0.181818181818182
"170013",NA,NA,20789,"No Different Than the National Average Payment","15.4",NA,"No Different Than the National Rate","No Different Than the National Rate","No Different Than the National Value","low","93","108","0","45","37",327,-24.9,-43.2,-3.3,276,86,2,"91","90","84","78","87","80","86","85","88","89",268,0.9043,18.518,20.4766,43,0.16044776119403
"170014",NA,NA,18446,"No Different Than the National Average Payment","6.5",NA,"No Different Than the National Rate","No Different Than the National Rate","No Different Than the National Value","low","93","95","1","90","93",84,9.2,-17.2,42.2,74,30,1,"91","90","81","72","88","79","88","83","85","81",72,0.9961,18.4048,18.476,13,0.180555555555556
"170016",0,NA,19955,"No Different Than the National Average Payment","9.9",NA,"No Different Than the National Rate","No Different Than the National Rate","No Different Than the National Value","medium","95","215","6","Not Available","94",383,-24.3,-40,-6.9,329,100,2,"88","89","78","71","84","80","87","80","85","86",297,0.8844,17.1733,19.4183,43,0.144781144781145
"170020",0,NA,20987,"No Different Than the National Average Payment","4.4",NA,"No Different Than the National Rate","No Different Than the National Rate","Worse Than the National Value","Not Available","75","183","Not Available","Not Available","Not Available",239,-34.7,-50.6,-16.5,199,61,2,"91","90","85","73","84","80","81","77","86","83",199,0.8949,17.7058,19.7855,28,0.14070351758794
"170023",NA,NA,19664,"No Different Than the National Average Payment","12.6",NA,"No Different Than the National Rate","No Different Than the National Rate","No Different Than the National Value","low","78","122","0","Not Available","Not Available",112,51.1,16.9,90.9,95,38,0,"88","88","81","72","80","77","89","87","84","81",93,1.0441,19.5359,18.7101,21,0.225806451612903
"170040",0.197,NA,22259,"Greater Than the National Average Payment","7.7",NA,"No Different Than the National Rate","No Different Than the National Rate","No Different Than the National Value","very high","93","312","8","95","98",1089,2.2,-13.1,18.4,842,288,1,"93","93","84","78","90","84","84","85","92","94",924,1.0055,22.2538,22.1315,206,0.222943722943723
"170049",0,NA,20058,"No Different Than the National Average Payment","3.6",NA,"No Different Than the National Rate","No Different Than the National Rate","No Different Than the National Value","medium","94","201","3","94","99",383,-4.1,-20,13.9,319,123,1,"91","91","85","76","86","81","91","85","89","88",314,1.0117,19.5016,19.2769,62,0.197452229299363
"170068",NA,NA,18586,"No Different Than the National Average Payment","5.4",NA,"Worse Than the National Rate","No Different Than the National Rate","Worse Than the National Value","low","93","134","2","Not Available","96",73,21.6,-11.2,59.8,66,21,1,"87","90","80","73","82","77","89","81","83","79",66,1.0143,18.301,18.0432,13,0.196969696969697
"170086",0.884,NA,21482,"Greater Than the National Average Payment","5.9",NA,"No Different Than the National Rate","No Different Than the National Rate","No Different Than the National Value","high","97","204","4","Not Available","Not Available",856,-16.2,-29.3,-2.3,683,223,2,"90","91","85","75","89","80","87","86","89","90",771,0.9286,18.2672,19.6718,136,0.176394293125811
"170103",NA,NA,21722,"Greater Than the National Average Payment","1.6",NA,"No Different Than the National Rate","No Different Than the National Rate","No Different Than the National Value","low","91","130","3","80","81",135,-1.5,-28.1,29.4,118,29,1,"91","90","86","72","92","81","89","85","89","90",117,0.9215,18.242,19.796,16,0.136752136752137
"170104",1.369,NA,20565,"No Different Than the National Average Payment","7",NA,"No Different Than the National Rate","No Different Than the National Rate","No Different Than the National Value","very high","88","150","5","78","Not Available",533,-4,-19.9,13.3,440,141,1,"91","90","82","75","87","81","89","85","89","88",465,1.0148,20.0048,19.7128,94,0.202150537634409
"170120",NA,NA,18140,"No Different Than the National Average Payment","6.9",NA,"No Different Than the National Rate","No Different Than the National Rate","No Different Than the National Value","low","63","104","1","Not Available","Not Available",71,-9.3,-38.8,22.3,62,22,1,"92","93","90","75","86","83","88","84","88","87",60,0.986,19.8852,20.1674,11,0.183333333333333
"170122",1.071,NA,20504,"No Different Than the National Average Payment","7.9",NA,"No Different Than the National Rate","No Different Than the National Rate","No Different Than the National Value","very high","Not Available","149","2","Not Available","92",747,7.6,-8.9,25.4,656,182,1,"89","90","81","73","86","79","85","82","86","86",678,0.9114,19.6507,21.5618,127,0.187315634218289
"170123",0.078,NA,21829,"Greater Than the National Average Payment","6.6",NA,"No Different Than the National Rate","Better Than the National Rate","No Different Than the National Value","very high","72","120","3","91","94",666,-16.8,-32.6,0.9,547,153,1,"89","88","79","72","83","79","79","80","84","83",573,0.8375,16.8419,20.1089,85,0.148342059336824
"170137",NA,NA,19241,"No Different Than the National Average Payment","2.8",NA,"No Different Than the National Rate","No Different Than the National Rate","No Different Than the National Value","medium","94","207","5","Not Available","Not Available",288,-9.9,-27.5,9.5,243,60,1,"91","92","82","77","90","83","92","86","89","89",234,0.9947,16.8106,16.8997,39,0.166666666666667
"170142",NA,NA,21606,"Greater Than the National Average Payment","5.7",NA,"No Different Than the National Rate","No Different Than the National Rate","No Different Than the National Value","medium","Not Available","134","2","94","96",199,-28.8,-48.6,-6.6,167,49,2,"92","92","87","78","88","82","93","87","88","87",141,0.9236,17.8474,19.3247,20,0.141843971631206
"170146",NA,NA,20302,"No Different Than the National Average Payment","1.5",NA,"No Different Than the National Rate","No Different Than the National Rate","No Different Than the National Value","medium","97","155","3","Not Available","Not Available",248,6.3,-16.8,31.8,204,65,1,"90","91","85","77","85","81","86","84","88","87",197,0.99,21.669,21.8877,42,0.213197969543147
"170176",0.839,NA,20990,"No Different Than the National Average Payment","3.3",NA,"No Different Than the National Rate","No Different Than the National Rate","No Different Than the National Value","high","70","121","0","96","99",218,-40,-58.9,-19.7,186,60,2,"89","89","79","72","86","78","84","84","85","84",197,0.9873,20.2326,20.4924,39,0.197969543147208
"170182",0.378,NA,20227,"No Different Than the National Average Payment","4.1",NA,"No Different Than the National Rate","No Different Than the National Rate","No Different Than the National Value","low","69","158","1","96","100",209,-12.9,-34.4,9.8,165,56,1,"90","90","82","73","88","82","82","86","87","88",190,1.0911,22.6602,20.7689,49,0.257894736842105
"170185",NA,NA,19092,"No Different Than the National Average Payment","4.3",NA,"No Different Than the National Rate","No Different Than the National Rate","No Different Than the National Value","very high","84","98","2","Not Available","Not Available",430,-6.6,-24.5,12.3,345,108,1,"92","92","87","75","88","82","90","86","91","91",355,0.9205,17.8575,19.3991,58,0.163380281690141
"170186",NA,NA,19127,"No Different Than the National Average Payment","Not Available",NA,"No Different Than the National Rate","No Different Than the National Rate","No Different Than the National Value","Not Available","86","Not Available","Not Available","81","92",199,-7.6,-30.3,17.3,178,46,1,"95","95","92","81","88","83","93","85","95","96",175,0.9711,18.2346,18.7763,30,0.171428571428571
"170197",NA,NA,20056,"No Different Than the National Average Payment","3.8",NA,"No Different Than the National Rate","No Different Than the National Rate","No Different Than the National Value","low","79","183","4","Not Available","Not Available",177,-17.1,-36.2,5.6,161,54,1,"92","92","81","76","82","81","89","86","90","89",165,0.9465,17.3038,18.2828,25,0.151515151515152
"170200",NA,NA,17919,"Less Than the National Average Payment","3.9",NA,"No Different Than the National Rate","No Different Than the National Rate","No Different Than the National Value","low","Not Available","151","2","87","90",218,-21.1,-41.8,2.3,183,37,1,"91","93","83","72","84","81","89","85","91","92",142,0.9012,18.1911,20.1848,19,0.133802816901408
"180001",1.118,NA,20808,"No Different Than the National Average Payment","2.4",NA,"No Different Than the National Rate","No Different Than the National Rate","No Different Than the National Value","medium","98","170","2","Not Available","Not Available",185,13.4,-13.4,44.1,164,51,1,"92","92","86","77","85","80","84","82","88","85",154,1.0124,20.2464,19.9991,32,0.207792207792208
"180002",NA,NA,18652,"No Different Than the National Average Payment","4.7",NA,"Number of Cases Too Small","No Different Than the National Rate","No Different Than the National Value","low","93","142","1","Not Available","Not Available",115,6.5,-23.4,42.6,83,28,1,"93","93","89","81","88","82","82","83","89","88",101,1.0097,23.1045,22.8835,24,0.237623762376238
"180004",NA,NA,19619,"No Different Than the National Average Payment","3",NA,"Number of Cases Too Small","No Different Than the National Rate","No Different Than the National Value","low","77","142","1","Not Available","81",59,9.4,-19.6,47.3,51,24,1,"95","93","86","79","93","83","94","89","93","93",44,1.0685,21.7375,20.3438,14,0.318181818181818
"180005",0.878,NA,20126,"No Different Than the National Average Payment","6.3",NA,"No Different Than the National Rate","No Different Than the National Rate","No Different Than the National Value","low","86","186","2","Not Available","Not Available",95,22.4,-7.6,56.1,85,40,1,"90","91","85","80","87","79","86","81","86","84",93,1.0897,23.6615,21.7132,28,0.301075268817204
"180009",0.771,NA,19048,"No Different Than the National Average Payment","6.8",NA,"No Different Than the National Rate","No Different Than the National Rate","No Different Than the National Value","very high","73","213","2","Not Available","Not Available",912,9,-6.7,26.3,700,239,1,"92","92","84","76","87","81","86","86","89","87",764,0.9952,22.0325,22.1385,168,0.219895287958115
"180010",0.197,NA,21154,"Greater Than the National Average Payment","3",NA,"No Different Than the National Rate","No Different Than the National Rate","Worse Than the National Value","medium","57","188","5","Not Available","Not Available",379,-8.7,-27.2,11.6,320,121,1,"87","89","73","70","83","78","78","81","82","80",351,1.0126,22.2629,21.9848,79,0.225071225071225
"180011",1.575,NA,18251,"No Different Than the National Average Payment","6.7",NA,"No Different Than the National Rate","No Different Than the National Rate","No Different Than the National Value","medium","81","221","7","Not Available","Not Available",250,33.5,5.7,62.6,202,80,0,"91","91","85","75","85","81","87","88","88","87",231,0.9684,21.2882,21.9835,47,0.203463203463203
"180012",0.604,NA,19197,"No Different Than the National Average Payment","8",NA,"No Different Than the National Rate","No Different Than the National Rate","No Different Than the National Value","very high","83","224","5","Not Available","Not Available",626,-10.5,-26.4,6.6,500,160,1,"91","91","82","77","86","82","86","80","87","86",575,0.9248,18.8097,20.3392,103,0.179130434782609
"180013",0.573,NA,21136,"Greater Than the National Average Payment","7.2",NA,"Better Than the National Rate","No Different Than the National Rate","No Different Than the National Value","high","82","221","5","Not Available","93",552,3.5,-14,22.9,458,143,1,"90","89","81","73","84","79","84","82","87","86",481,0.8812,17.7256,20.1161,77,0.16008316008316
"180017",0,NA,19834,"No Different Than the National Average Payment","3.8",NA,"No Different Than the National Rate","No Different Than the National Rate","No Different Than the National Value","medium","80","207","3","Not Available","Not Available",258,24.1,0.2,49.8,211,82,0,"92","90","87","74","88","81","85","87","87","84",237,1.0484,21.858,20.8487,55,0.232067510548523
"180018",NA,NA,18860,"No Different Than the National Average Payment","3.5",NA,"No Different Than the National Rate","No Different Than the National Rate","No Different Than the National Value","medium","94","174","1","Not Available","Not Available",197,-8.8,-31.3,16.8,145,66,1,"92","93","83","80","87","83","87","82","87","87",171,1.0117,22.3375,22.0782,39,0.228070175438596
"180019",NA,NA,20389,"No Different Than the National Average Payment","14.7",NA,"No Different Than the National Rate","No Different Than the National Rate","No Different Than the National Value","low","67","139","2","99","97",114,-45.4,-63.9,-23.7,99,38,2,"92","93","86","74","91","80","83","84","86","80",109,0.9015,19.195,21.2915,14,0.128440366972477
"180025",NA,NA,20466,"No Different Than the National Average Payment","1.3",NA,"Number of Cases Too Small","No Different Than the National Rate","No Different Than the National Value","low","87","192","6","83","Not Available",98,-2.8,-30,29.2,87,35,1,"91","92","85","80","87","81","78","82","87","84",83,0.9901,21.2986,21.5121,17,0.204819277108434
"180027",NA,NA,19429,"No Different Than the National Average Payment","11.3",NA,"No Different Than the National Rate","No Different Than the National Rate","No Different Than the National Value","low","80","176","4","90","84",125,56.6,26.9,88.9,104,45,0,"92","93","86","77","86","82","88","85","89","89",105,1.1612,21.8915,18.8517,33,0.314285714285714
"180029",0.835,NA,20331,"No Different Than the National Average Payment","10",NA,"No Different Than the National Rate","No Different Than the National Rate","No Different Than the National Value","medium","90","152","1","Not Available","Not Available",197,52.8,21.3,87.7,161,64,0,"91","92","86","79","86","81","84","83","87","84",205,1.0735,25.3474,23.6111,57,0.278048780487805
"180035",0.578,NA,19436,"No Different Than the National Average Payment","3.6",NA,"No Different Than the National Rate","No Different Than the National Rate","No Different Than the National Value","high","96","158","3","Not Available","Not Available",820,-0.5,-15.8,16.5,670,204,1,"92","91","84","77","89","82","87","85","90","90",663,0.8738,17.7755,20.3425,109,0.164404223227753
"180038",0.867,NA,19810,"No Different Than the National Average Payment","6.8",NA,"No Different Than the National Rate","No Different Than the National Rate","No Different Than the National Value","high","66","202","6","Not Available","Not Available",626,11.4,-7,30.4,487,154,1,"91","91","80","74","88","80","80","86","88","85",532,1.0521,22.0959,21.0011,121,0.227443609022556
"180040",0.911,NA,22492,"Greater Than the National Average Payment","5.8",NA,"Worse Than the National Rate","No Different Than the National Rate","No Different Than the National Value","very high","86","167","4","Not Available","Not Available",558,27.6,6.3,48.9,465,165,0,"87","87","77","70","84","78","79","81","84","82",527,1.121,23.7454,21.1816,133,0.252371916508539
"180043",NA,NA,19109,"No Different Than the National Average Payment","9",NA,"Number of Cases Too Small","No Different Than the National Rate","Worse Than the National Value","low","89","141","2","86","95",80,36.7,4.4,74.4,56,24,0,"96","96","91","82","89","86","95","86","92","93",68,1.012,20.8832,20.6362,15,0.220588235294118
"180044",0.958,NA,19315,"No Different Than the National Average Payment","15.4",NA,"Worse Than the National Rate","No Different Than the National Rate","Worse Than the National Value","high","94","174","3","Not Available","Not Available",319,39.3,13.2,69.5,269,86,0,"89","90","80","75","80","78","81","77","85","84",309,1.0208,22.5201,22.0617,71,0.229773462783172
"180045",0,NA,21194,"No Different Than the National Average Payment","1.9",NA,"No Different Than the National Rate","No Different Than the National Rate","No Different Than the National Value","high","97","159","5","Not Available","Not Available",254,-0.7,-22.3,25.7,214,64,1,"92","91","85","74","86","80","86","86","87","85",222,1.0732,21.719,20.2372,53,0.238738738738739
"180048",2.611,NA,20249,"No Different Than the National Average Payment","13.9",NA,"No Different Than the National Rate","No Different Than the National Rate","No Different Than the National Value","medium","96","161","1","Not Available","Not Available",293,-7.6,-25.5,12.3,228,80,1,"92","91","87","77","83","80","83","85","88","86",290,0.9902,18.8423,19.028,54,0.186206896551724
"180049",NA,NA,18825,"No Different Than the National Average Payment","4.8",NA,"No Different Than the National Rate","No Different Than the National Rate","No Different Than the National Value","medium","92","154","4","Not Available","Not Available",140,-21.4,-44.2,5,113,43,1,"95","94","89","83","90","84","89","83","91","90",109,0.9696,20.2401,20.874,20,0.18348623853211
"180050",NA,NA,17499,"No Different Than the National Average Payment","3.4",NA,"Not Available","No Different Than the National Rate","No Different Than the National Value","low","89","159","3","Not Available","Not Available",72,25.2,-5.6,62.4,51,26,1,"91","91","85","85","80","78","86","84","86","83",72,1.0846,22.8347,21.0543,22,0.305555555555556
"180051",NA,NA,19259,"No Different Than the National Average Payment","7.2",NA,"No Different Than the National Rate","No Different Than the National Rate","No Different Than the National Value","medium","87","185","1","Not Available","Not Available",111,17,-11.3,50,86,36,1,"90","91","84","76","84","80","83","81","83","80",86,1.0558,22.4647,21.2782,23,0.267441860465116
"180056",0.894,NA,20729,"No Different Than the National Average Payment","5.8",NA,"Number of Cases Too Small","No Different Than the National Rate","No Different Than the National Value","medium","91","119","1","Not Available","Not Available",172,12.1,-12.2,37,137,59,1,"89","90","79","74","85","79","84","84","86","83",131,0.9976,19.9692,20.0173,26,0.198473282442748
"180064",NA,NA,19497,"No Different Than the National Average Payment","3.9",NA,"Number of Cases Too Small","No Different Than the National Rate","No Different Than the National Value","low","46","134","7","Not Available","Not Available",76,-18.2,-46.3,16.1,68,21,1,"93","90","83","76","92","83","95","89","90","87",76,0.9611,20.6306,21.4645,13,0.171052631578947
"180067",1.361,NA,19011,"No Different Than the National Average Payment","6.6",NA,"No Different Than the National Rate","No Different Than the National Rate","No Different Than the National Value","very high","88","189","3","Not Available","Not Available",287,-21.8,-42.4,2.4,248,74,1,"92","92","83","79","88","83","85","84","90","90",193,0.9687,22.3767,23.0992,41,0.212435233160622
"180069",NA,NA,17172,"Less Than the National Average Payment","3.6",NA,"Number of Cases Too Small","No Different Than the National Rate","No Different Than the National Value","low","85","184","4","Not Available","Not Available",120,31,0.4,63.3,96,38,0,"90","93","84","82","84","82","94","84","87","83",140,1.1094,22.8084,20.5589,39,0.278571428571429
"180070",NA,NA,18617,"No Different Than the National Average Payment","4.8",NA,"Number of Cases Too Small","No Different Than the National Rate","No Different Than the National Value","low","58","104","1","Not Available","Not Available",81,-20.1,-43.6,10.2,65,26,1,"92","91","84","72","88","79","89","82","87","84",71,1.0213,20.5439,20.1148,16,0.225352112676056
"180078",NA,NA,20408,"No Different Than the National Average Payment","1.5",NA,"Number of Cases Too Small","Number of Cases Too Small","No Different Than the National Value","low","87","165","6","Not Available","Not Available",54,18.1,-11.9,52.5,48,23,1,"91","93","86","79","88","81","88","91","90","86",45,1.0432,22.4852,21.5537,13,0.288888888888889
"180080",0.728,NA,20626,"No Different Than the National Average Payment","7.1",NA,"No Different Than the National Rate","No Different Than the National Rate","No Different Than the National Value","high","80","210","1","Not Available","Not Available",151,0.4,-25.4,31,131,53,1,"92","94","84","80","89","82","88","81","89","88",164,0.9398,21.4852,22.8619,31,0.189024390243902
"180087",NA,NA,20398,"No Different Than the National Average Payment","14.7",NA,"Not Available","No Different Than the National Rate","No Different Than the National Value","low","88","140","3","81","86",123,-11,-34.6,14.5,103,43,1,"92","92","81","78","89","80","91","85","87","85",102,0.9895,21.2864,21.5121,21,0.205882352941176
"180088",0.859,NA,19752,"No Different Than the National Average Payment","7.1",NA,"No Different Than the National Rate","No Different Than the National Rate","No Different Than the National Value","very high","87","184","6","Not Available","Not Available",1711,29.4,16.4,43.2,1395,474,0,"90","90","80","73","86","81","81","82","88","88",1208,1.008,21.0649,20.8985,255,0.211092715231788
"180092",NA,NA,18628,"No Different Than the National Average Payment","9.3",NA,"No Different Than the National Rate","No Different Than the National Rate","No Different Than the National Value","medium","77","144","1","98","99",122,-4.5,-30.9,26.2,105,36,1,"93","92","83","78","89","82","88","85","90","89",104,0.933,19.838,21.2629,16,0.153846153846154
"180093",0.303,NA,19843,"No Different Than the National Average Payment","5.6",NA,"No Different Than the National Rate","No Different Than the National Rate","No Different Than the National Value","medium","90","167","2","Not Available","Not Available",176,18.8,-7.5,48.5,152,57,1,"91","91","83","75","86","80","90","84","87","83",165,0.9504,20.2511,21.3072,30,0.181818181818182
"180101",NA,NA,20120,"No Different Than the National Average Payment","4.4",NA,"No Different Than the National Rate","No Different Than the National Rate","No Different Than the National Value","medium","58","142","2","89","96",62,19.5,-13.9,57.8,54,17,1,"92","92","84","76","87","82","79","84","89","88",52,1.0136,21.3142,21.0276,12,0.230769230769231
"180102",1.599,NA,19978,"No Different Than the National Average Payment","16.3",NA,"No Different Than the National Rate","No Different Than the National Rate","No Different Than the National Value","medium","90","186","4","Not Available","Not Available",439,-14.9,-29.7,3.1,371,136,1,"89","88","77","71","83","78","79","79","85","85",387,0.9458,19.0424,20.1345,70,0.180878552971576
"180103",1.327,NA,19505,"No Different Than the National Average Payment","8.9",NA,"No Different Than the National Rate","No Different Than the National Rate","No Different Than the National Value","high","94","210","2","Not Available","Not Available",688,-11.7,-27.1,5.6,570,157,1,"92","92","85","77","89","83","84","85","92","93",565,0.9012,18.201,20.1961,96,0.169911504424779
"180104",0.847,NA,20140,"No Different Than the National Average Payment","10.1",NA,"No Different Than the National Rate","No Different Than the National Rate","Worse Than the National Value","medium","90","215","4","Not Available","Not Available",466,-18.2,-34.4,-0.9,379,136,2,"92","92","85","77","86","82","86","87","91","91",394,0.9839,20.3262,20.6581,79,0.200507614213198
"180105",NA,NA,18103,"No Different Than the National Average Payment","4.5",NA,"Not Available","Not Available","Not Available","low","78","134","1","37","Not Available",81,48.6,16.6,86.1,63,26,0,"93","98","83","80","83","82","94","87","90","90",74,1.0726,18.2049,16.973,18,0.243243243243243
"180116",NA,NA,19487,"No Different Than the National Average Payment","18.4",NA,"Not Available","No Different Than the National Rate","No Different Than the National Value","low","56","128","4","95","98",165,26.8,0.1,56.6,135,49,0,"93","93","85","74","80","80","93","83","88","85",145,1.0212,19.7352,19.3263,30,0.206896551724138
"180124",NA,NA,19293,"No Different Than the National Average Payment","10.2",NA,"No Different Than the National Rate","No Different Than the National Rate","No Different Than the National Value","medium","65","170","5","100","100",185,7.7,-16,34.7,158,46,1,"88","87","77","70","82","79","90","83","84","83",172,1.0025,19.0904,19.0427,33,0.191860465116279
"180127",0,NA,20360,"No Different Than the National Average Payment","4",NA,"No Different Than the National Rate","No Different Than the National Rate","No Different Than the National Value","medium","52","188","5","99","99",157,20,-6.6,50.6,125,49,1,"89","88","73","71","79","76","85","79","83","79",136,1.0953,22.6226,20.6534,37,0.272058823529412
"180130",0.892,NA,19077,"No Different Than the National Average Payment","4.2",NA,"No Different Than the National Rate","No Different Than the National Rate","No Different Than the National Value","high","87","186","3","Not Available","Not Available",1437,-17.6,-28.3,-5.9,1135,343,2,"91","91","80","75","87","82","83","81","89","90",1219,0.9352,18.655,19.947,223,0.182936833470057
"180132",1.706,NA,20248,"No Different Than the National Average Payment","7.9",NA,"No Different Than the National Rate","No Different Than the National Rate","No Different Than the National Value","high","56","155","1","95","95",212,30,4.6,58.6,182,65,0,"89","90","81","70","82","77","70","79","81","77",201,1.0121,20.99,20.7396,43,0.213930348258706
"180138",NA,NA,19033,"No Different Than the National Average Payment","7",NA,"No Different Than the National Rate","No Different Than the National Rate","No Different Than the National Value","low","80","144","1","Not Available","Not Available",65,-25.2,-48,2,57,23,1,"92","91","84","78","88","83","90","87","90","91",57,1.0101,19.8856,19.6862,12,0.210526315789474
"180139",NA,NA,19564,"No Different Than the National Average Payment","3",NA,"Not Available","Number of Cases Too Small","No Different Than the National Value","low","28","132","0","60","Not Available",47,7.7,-22.2,44.4,42,19,1,"86","89","78","76","80","79","85","84","82","81",46,1.0609,21.7925,20.5417,14,0.304347826086957
"180141",1.869,NA,21542,"No Different Than the National Average Payment","3.4",NA,"No Different Than the National Rate","No Different Than the National Rate","No Different Than the National Value","high","86","213","5","Not Available","Not Available",69,-7.5,-37.3,27.1,60,28,1,"87","87","78","72","85","77","83","75","84","82",62,1.0529,23.2846,22.1151,18,0.290322580645161
"180143",NA,NA,19082,"No Different Than the National Average Payment","7.3",NA,"No Different Than the National Rate","No Different Than the National Rate","No Different Than the National Value","medium","45","175","5","Not Available","Not Available",102,-18.5,-42.1,8.1,91,31,1,"89","90","81","68","83","79","84","87","85","84",108,0.9761,20.0077,20.4968,20,0.185185185185185
"190002",0.681,NA,20167,"No Different Than the National Average Payment","9.8",NA,"No Different Than the National Rate","No Different Than the National Rate","No Different Than the National Value","high","84","170","3","Not Available","Not Available",655,1.2,-15.5,19.4,551,174,1,"92","92","84","78","88","84","87","86","89","88",523,0.9514,19.7586,20.7682,100,0.191204588910134
"190004",NA,NA,19945,"No Different Than the National Average Payment","7.7",NA,"No Different Than the National Rate","No Different Than the National Rate","No Different Than the National Value","medium","79","178","2","99","Not Available",248,1.2,-20.2,24.4,216,79,1,"94","93","85","81","89","85","85","88","92","92",215,0.9693,19.563,20.1815,40,0.186046511627907
"190005",2.153,NA,19220,"No Different Than the National Average Payment","8.7",NA,"No Different Than the National Rate","No Different Than the National Rate","No Different Than the National Value","very high","85","342","10","97","100",91,-7,-34.5,29.4,71,23,1,"91","93","83","78","85","81","82","90","90","90",81,0.9633,20.3709,21.1466,14,0.172839506172839
"190006",NA,NA,18515,"No Different Than the National Average Payment","16",NA,"Number of Cases Too Small","No Different Than the National Rate","No Different Than the National Value","medium","88","152","2","Not Available","Not Available",63,1.3,-27.1,37.8,53,21,1,"93","93","85","81","87","83","88","87","90","89",59,1.0022,21.7859,21.7388,13,0.220338983050847
"190008",1.663,NA,20484,"No Different Than the National Average Payment","6.3",NA,"No Different Than the National Rate","No Different Than the National Rate","No Different Than the National Value","medium","85","169","7","Not Available","Not Available",353,18.2,-4.1,42.8,283,92,1,"93","94","83","78","88","84","89","86","89","87",307,0.9766,20.3872,20.8764,61,0.198697068403909
"190011",NA,NA,18244,"No Different Than the National Average Payment","31.1",NA,"Number of Cases Too Small","No Different Than the National Rate","No Different Than the National Value","medium","85","152","2","Not Available","Not Available",58,1.7,-26.1,37.4,41,14,1,"90","92","82","79","83","80","88","86","87","88",54,1.0376,19.5698,18.8611,13,0.240740740740741
"190013",NA,NA,20803,"No Different Than the National Average Payment","13.8",NA,"No Different Than the National Rate","No Different Than the National Rate","No Different Than the National Value","medium","72","122","1","92","94",78,-14.2,-36.7,14,66,25,1,"91","91","87","78","83","82","90","88","89","86",73,1.0407,19.6868,18.9178,17,0.232876712328767
"190014",NA,NA,20896,"No Different Than the National Average Payment","5.5",NA,"Number of Cases Too Small","No Different Than the National Rate","No Different Than the National Value","medium","89","81","0","Not Available","Not Available",55,4.5,-22.6,37.2,46,18,1,"92","96","82","77","84","84","83","85","85","84",51,1.0977,19.5106,17.7737,16,0.313725490196078
"190015",0.616,NA,23346,"Greater Than the National Average Payment","11.2",NA,"No Different Than the National Rate","No Different Than the National Rate","No Different Than the National Value","very high","77","179","7","Not Available","Not Available",471,11.1,-6.3,31.3,368,132,1,"91","90","83","73","85","79","87","88","86","84",417,1.0218,21.2331,20.7796,90,0.215827338129496
"190017",NA,NA,22601,"Greater Than the National Average Payment","19.3",NA,"No Different Than the National Rate","No Different Than the National Rate","No Different Than the National Value","high","71","138","2","Not Available","Not Available",163,-20.1,-39.8,3.8,137,54,1,"93","92","86","82","89","83","87","88","87","84",165,1.0015,20.5447,20.5137,34,0.206060606060606
"190019",2.692,NA,20600,"No Different Than the National Average Payment","23.7",NA,"No Different Than the National Rate","No Different Than the National Rate","No Different Than the National Value","high","85","216","2","Not Available","Not Available",445,14.4,-5.3,36.6,361,124,1,"91","91","80","75","87","82","88","84","88","88",385,0.9706,20.2591,20.8726,76,0.197402597402597
"190020",NA,NA,19088,"No Different Than the National Average Payment","6.1",NA,"No Different Than the National Rate","No Different Than the National Rate","No Different Than the National Value","medium","85","194","3","Not Available","99",107,-18.9,-40.7,8,89,32,1,"92","91","82","78","87","81","89","88","87","86",107,1.035,20.3119,19.6248,24,0.224299065420561
"190026",0.597,NA,21522,"Greater Than the National Average Payment","5.1",NA,"No Different Than the National Rate","No Different Than the National Rate","No Different Than the National Value","high","40","178","1","84","97",433,8.2,-11.2,29.9,361,116,1,"88","89","74","69","82","77","83","84","86","85",376,0.9516,18.9565,19.9208,68,0.180851063829787
"190027",1.321,NA,20754,"No Different Than the National Average Payment","14.2",NA,"No Different Than the National Rate","No Different Than the National Rate","No Different Than the National Value","medium","89","170","2","Not Available","Not Available",395,-18.6,-35.2,-1.7,332,117,2,"91","92","81","76","87","81","86","81","87","87",306,0.9235,18.3749,19.8964,51,0.166666666666667
"190034",NA,NA,22058,"Greater Than the National Average Payment","19",NA,"No Different Than the National Rate","No Different Than the National Rate","No Different Than the National Value","low","88","106","1","Not Available","Not Available",86,28.2,-5.5,65.7,76,23,1,"93","93","90","83","86","88","89","91","89","88",68,1.008,21.2613,21.0915,15,0.220588235294118
"190036",0.866,NA,19164,"No Different Than the National Average Payment","6.2",NA,"No Different Than the National Rate","No Different Than the National Rate","No Different Than the National Value","very high","80","182","1","Not Available","Not Available",719,16.6,-0.4,34.6,578,200,1,"91","93","80","76","89","84","86","85","89","90",614,0.9573,19.6916,20.5699,118,0.192182410423453
"190039",0.948,NA,19476,"No Different Than the National Average Payment","9",NA,"No Different Than the National Rate","No Different Than the National Rate","No Different Than the National Value","high","73","143","3","99","99",245,14.6,-10.6,41.8,181,65,1,"91","91","84","75","86","81","81","86","89","87",232,1.1153,22.27,19.9676,59,0.254310344827586
"190040",0.786,NA,19974,"No Different Than the National Average Payment","11.9",NA,"No Different Than the National Rate","No Different Than the National Rate","No Different Than the National Value","high","65","221","2","Not Available","Not Available",395,32.6,9.4,56,299,130,0,"90","89","82","71","83","79","77","82","84","84",234,0.9398,20.158,21.4482,43,0.183760683760684
"190041",1.206,NA,18338,"Less Than the National Average Payment","10.5",NA,"No Different Than the National Rate","No Different Than the National Rate","No Different Than the National Value","high","86","177","4","Not Available","Not Available",548,-10,-24.8,7,452,161,1,"90","91","80","77","85","81","88","86","87","88",447,0.8854,17.4432,19.702,70,0.156599552572707
"190045",0.82,NA,19695,"No Different Than the National Average Payment","5.3",NA,"No Different Than the National Rate","No Different Than the National Rate","No Different Than the National Value","high","80","168","1","Not Available","Not Available",440,-1.2,-20,19.6,362,114,1,"93","93","85","78","89","83","85","88","92","93",360,0.9777,19.5821,20.0295,69,0.191666666666667
"190046",0.909,NA,19666,"No Different Than the National Average Payment","24.9",NA,"No Different Than the National Rate","No Different Than the National Rate","No Different Than the National Value","medium","76","164","3","99","100",146,13.7,-14.2,44.2,112,42,1,"92","92","84","79","87","81","86","87","91","90",148,0.9685,19.6859,20.3263,27,0.182432432432432
"190050",NA,NA,20279,"No Different Than the National Average Payment","11.4",NA,"Number of Cases Too Small","No Different Than the National Rate","No Different Than the National Value","low","59","188","1","61","70",79,1,-27,33.5,69,32,1,"93","94","84","77","83","81","83","86","89","86",83,0.9971,20.7211,20.7821,17,0.204819277108434
"190053",NA,NA,20079,"No Different Than the National Average Payment","4",NA,"No Different Than the National Rate","No Different Than the National Rate","No Different Than the National Value","low","83","104","3","Not Available","Not Available",124,45.3,16.8,78.8,106,48,0,"93","92","86","79","87","83","86","87","87","83",110,1.1257,21.0626,18.7111,31,0.281818181818182
"190054",0,NA,19738,"No Different Than the National Average Payment","30.3",NA,"No Different Than the National Rate","No Different Than the National Rate","No Different Than the National Value","high","77","122","2","Not Available","Not Available",213,-19.9,-37.9,1,176,66,1,"90","92","81","76","85","82","86","84","86","82",184,0.9735,19.4496,19.9785,34,0.184782608695652
"190060",0.5,NA,18821,"No Different Than the National Average Payment","14.9",NA,"Worse Than the National Rate","No Different Than the National Rate","No Different Than the National Value","high","95","190","2","Not Available","97",381,-1.8,-20.9,18.7,332,112,1,"92","93","83","76","84","83","87","86","89","89",314,0.9506,19.2194,20.2186,57,0.181528662420382
"190064",0.922,NA,18236,"Less Than the National Average Payment","7.4",NA,"Better Than the National Rate","No Different Than the National Rate","Better Than the National Value","very high","84","162","1","94","98",714,-8.6,-22,5.3,607,200,1,"91","93","79","76","85","83","83","88","87","86",636,1.0279,19.3696,18.8437,125,0.196540880503145
"190065",0.664,NA,18527,"No Different Than the National Average Payment","2.3",NA,"No Different Than the National Rate","No Different Than the National Rate","No Different Than the National Value","high","16","193","1","Not Available","Not Available",427,-7.8,-24.7,11.3,363,111,1,"90","92","79","74","85","81","81","86","88","88",373,0.9722,18.4558,18.9829,67,0.179624664879357
"190086",NA,NA,24222,"Greater Than the National Average Payment","1.3",NA,"No Different Than the National Rate","No Different Than the National Rate","No Different Than the National Value","medium","36","162","4","95","98",204,-7.3,-26.7,15.5,169,52,1,"86","90","73","70","74","75","77","81","79","74",158,0.9782,17.9976,18.3981,27,0.170886075949367
"190088",NA,NA,19636,"No Different Than the National Average Payment","15.5",NA,"Number of Cases Too Small","Number of Cases Too Small","No Different Than the National Value","low","77","118","2","85","Not Available",49,24,-9.7,67.2,39,12,1,"Not Available","Not Available","Not Available","Not Available","Not Available","Not Available","Not Available","Not Available","Not Available","Not Available",42,1.0781,19.3637,17.9613,13,0.30952380952381
"190098",1.422,NA,18705,"No Different Than the National Average Payment","39.2",NA,"No Different Than the National Rate","No Different Than the National Rate","No Different Than the National Value","high","87","241","2","Not Available","Not Available",119,-39.6,-61,-11.8,92,30,2,"87","91","79","75","84","79","80","81","85","85",123,0.9113,19.7243,21.645,18,0.146341463414634
"190102",1,NA,19976,"No Different Than the National Average Payment","11.2",NA,"No Different Than the National Rate","No Different Than the National Rate","No Different Than the National Value","very high","81","152","2","92","99",717,19,4.2,35.6,596,219,0,"92","93","84","80","86","85","88","87","90","91",505,1.0309,19.7983,19.2054,102,0.201980198019802
"190111",1.334,NA,21060,"Greater Than the National Average Payment","12.2",NA,"No Different Than the National Rate","No Different Than the National Rate","No Different Than the National Value","very high","66","174","6","Not Available","Not Available",1294,-6.9,-19.5,6.7,990,311,1,"91","92","84","78","85","81","86","86","90","89",1094,1.0357,21.9025,21.1468,242,0.221206581352834
"190116",NA,NA,19027,"No Different Than the National Average Payment","16.9",NA,"Number of Cases Too Small","Number of Cases Too Small","No Different Than the National Value","low","54","105","3","Not Available","Not Available",47,7.4,-18.4,38.3,41,17,1,"Not Available","Not Available","Not Available","Not Available","Not Available","Not Available","Not Available","Not Available","Not Available","Not Available",43,1.0589,19.2145,18.1457,12,0.27906976744186
"190125",1.083,NA,20876,"No Different Than the National Average Payment","12.7",NA,"No Different Than the National Rate","No Different Than the National Rate","No Different Than the National Value","high","84","226","2","Not Available","97",415,-5.7,-23,13.4,333,122,1,"92","93","82","77","85","82","85","85","90","90",367,1.0294,19.9143,19.3458,75,0.204359673024523
"190144",NA,NA,23066,"Greater Than the National Average Payment","6.3",NA,"No Different Than the National Rate","No Different Than the National Rate","No Different Than the National Value","medium","84","128","3","85","94",90,11.5,-15.4,45,78,24,1,"90","87","78","72","77","76","82","84","83","80",92,1.0381,20.1347,19.3948,21,0.228260869565217
"190160",0,NA,19663,"No Different Than the National Average Payment","18.8",NA,"No Different Than the National Rate","No Different Than the National Rate","No Different Than the National Value","medium","77","155","1","Not Available","Not Available",513,15.4,-2,34.1,392,153,1,"90","91","83","73","79","78","78","85","84","83",471,1.2162,24.1138,19.8264,127,0.26963906581741
"190164",NA,NA,21417,"No Different Than the National Average Payment","14.6",NA,"No Different Than the National Rate","No Different Than the National Rate","No Different Than the National Value","low","42","102","1","54","77",135,-9.3,-33.7,19,97,36,1,"93","93","88","82","87","82","89","87","87","83",139,1.0519,21.9911,20.9068,34,0.244604316546763
"190167",NA,NA,18630,"No Different Than the National Average Payment","6",NA,"Number of Cases Too Small","No Different Than the National Rate","No Different Than the National Value","low","64","129","3","98","99",58,-13.6,-39,19.5,51,15,1,"92","95","87","83","90","83","85","91","90","89",79,0.9803,19.3927,19.7819,14,0.177215189873418
"190176",0.283,NA,20882,"No Different Than the National Average Payment","17",NA,"No Different Than the National Rate","No Different Than the National Rate","No Different Than the National Value","high","75","172","1","Not Available","99",338,13.4,-6.5,35,281,111,1,"90","91","81","75","85","81","84","84","88","88",263,1.1976,25.6344,21.4043,80,0.304182509505703
"190183",NA,NA,18252,"No Different Than the National Average Payment","2.2",NA,"No Different Than the National Rate","No Different Than the National Rate","No Different Than the National Value","medium","84","134","1","Not Available","Not Available",58,42.6,2.9,91.5,49,16,0,"93","92","86","78","91","87","88","83","91","90",54,1.0228,21.2796,20.8058,13,0.240740740740741
"190202",2.291,NA,18239,"No Different Than the National Average Payment","11.4",NA,"No Different Than the National Rate","No Different Than the National Rate","No Different Than the National Value","very high","80","182","1","Not Available","Not Available",181,-4.3,-28.5,23.6,148,53,1,"90","90","78","75","88","82","80","82","85","85",139,1.0242,20.4371,19.9542,30,0.215827338129496
"190274",0.658,NA,19252,"No Different Than the National Average Payment","11.2",NA,"No Different Than the National Rate","No Different Than the National Rate","No Different Than the National Value","high","85","147","2","Not Available","Not Available",129,-7.6,-30,19.9,107,38,1,"90","91","79","74","89","81","85","83","86","85",114,0.979,20.5524,20.9938,22,0.192982456140351
"190312",NA,NA,19919,"No Different Than the National Average Payment","6.5",NA,"Number of Cases Too Small","No Different Than the National Rate","No Different Than the National Value","Not Available","88","126","Not Available","Not Available","Not Available",46,-1.5,-32.7,38.5,39,14,1,"95","95","89","86","88","84","89","90","92","89",38,1.0497,22.8095,21.7288,12,0.315789473684211
"200001",0.718,NA,17720,"No Different Than the National Average Payment","2",NA,"No Different Than the National Rate","No Different Than the National Rate","No Different Than the National Value","medium","84","206","4","Not Available","Not Available",147,7.7,-16.9,35.7,127,49,1,"92","90","85","77","87","82","90","78","90","93",132,0.9417,18.9216,20.0941,21,0.159090909090909
"200008",NA,NA,18463,"No Different Than the National Average Payment","5.2",NA,"No Different Than the National Rate","No Different Than the National Rate","No Different Than the National Value","medium","96","216","4","Not Available","Not Available",118,19.1,-6.9,48.5,98,31,1,"93","93","84","80","90","84","83","88","92","93",98,1.023,18.8913,18.4657,20,0.204081632653061
"200009",0.56,NA,20000,"No Different Than the National Average Payment","3.1",NA,"No Different Than the National Rate","No Different Than the National Rate","Better Than the National Value","very high","100","268","3","Not Available","Not Available",814,6.7,-7.4,22.1,672,214,1,"93","93","82","78","86","83","80","73","88","89",733,0.8634,16.8517,19.5187,114,0.155525238744884
"200018",NA,NA,17405,"No Different Than the National Average Payment","3",NA,"Number of Cases Too Small","No Different Than the National Rate","No Different Than the National Value","low","95","214","9","Not Available","86",82,14.8,-16.8,49.7,66,21,1,"92","90","82","80","87","78","87","78","85","84",83,1.0156,20.4432,20.1288,18,0.216867469879518
"200019",0.585,NA,18217,"Less Than the National Average Payment","3.4",NA,"No Different Than the National Rate","No Different Than the National Rate","No Different Than the National Value","high","99","201","4","Not Available","Not Available",366,-14.2,-30.6,4.1,310,87,1,"90","90","75","71","82","79","74","69","83","82",333,0.8469,15.8186,18.6786,42,0.126126126126126
"200020",NA,NA,17348,"Less Than the National Average Payment","6.7",NA,"No Different Than the National Rate","No Different Than the National Rate","No Different Than the National Value","low","99","157","2","90","96",192,-4.1,-24.3,19.8,161,41,1,"94","94","87","84","88","85","91","87","92","92",195,1.0152,16.9424,16.6882,34,0.174358974358974
"200021",NA,NA,16541,"Less Than the National Average Payment","5.7",NA,"No Different Than the National Rate","No Different Than the National Rate","Worse Than the National Value","medium","93","222","2","Not Available","Not Available",220,-10.3,-29.8,11.8,178,53,1,"92","93","84","77","84","81","82","77","88","89",177,1.0132,19.2878,19.0369,35,0.19774011299435
"200024",0,NA,19707,"No Different Than the National Average Payment","7.3",NA,"No Different Than the National Rate","No Different Than the National Rate","No Different Than the National Value","medium","96","212","6","Not Available","Not Available",280,-26.8,-44.3,-7.7,237,75,2,"90","91","76","74","86","80","80","73","84","85",237,0.9509,19.1246,20.1124,42,0.177215189873418
"200031",NA,NA,18143,"No Different Than the National Average Payment","7",NA,"Number of Cases Too Small","No Different Than the National Rate","No Different Than the National Value","low","97","147","2","Not Available","Not Available",56,36.6,8.2,71.2,48,21,0,"91","94","85","79","88","81","88","82","87","89",69,1.0233,19.5397,19.0946,15,0.217391304347826
"200033",0.877,NA,19161,"No Different Than the National Average Payment","3.3",NA,"No Different Than the National Rate","No Different Than the National Rate","No Different Than the National Value","medium","99","218","3","91","Not Available",644,-16.1,-32.9,3.1,514,162,1,"89","91","81","75","86","79","82","72","84","85",607,0.8029,18.2231,22.6962,96,0.158154859967051
"200034",NA,NA,18673,"No Different Than the National Average Payment","2.5",NA,"No Different Than the National Rate","No Different Than the National Rate","No Different Than the National Value","medium","80","169","3","Not Available","Not Available",87,-38.2,-56.3,-16.2,69,27,2,"93","93","85","77","90","81","86","79","89","91",54,1.0297,18.7107,18.1711,12,0.222222222222222
"200037",NA,NA,17120,"Less Than the National Average Payment","5.9",NA,"Number of Cases Too Small","No Different Than the National Rate","No Different Than the National Value","Not Available","100","Not Available","Not Available","Not Available","Not Available",71,-12.5,-35.4,14.2,61,19,1,"92","92","84","81","88","81","92","78","89","85",59,1.0233,17.819,17.4132,12,0.203389830508475
"200039",0,NA,17479,"Less Than the National Average Payment","2.4",NA,"No Different Than the National Rate","No Different Than the National Rate","No Different Than the National Value","high","95","185","6","Not Available","Not Available",226,-3,-24.3,20.9,196,71,1,"93","92","87","79","88","82","90","84","90","90",241,0.9184,18.9428,20.6266,40,0.16597510373444
"200063",NA,NA,17734,"No Different Than the National Average Payment","2.4",NA,"No Different Than the National Rate","No Different Than the National Rate","No Different Than the National Value","medium","93","158","1","Not Available","Not Available",135,38.4,11.2,71.7,108,43,0,"93","94","88","77","87","81","82","83","90","89",109,0.9925,17.8728,18.0073,19,0.174311926605505
"210001",0.21,NA,18168,"Less Than the National Average Payment","0.4",NA,"No Different Than the National Rate","No Different Than the National Rate","No Different Than the National Value","very high","97","217","4","98","99",620,1.4,-16.1,19.1,492,163,1,"91","88","83","73","89","81","84","80","89","87",511,0.9211,19.2734,20.925,93,0.181996086105675
"210002",0.786,NA,20745,"No Different Than the National Average Payment","0.9",NA,"No Different Than the National Rate","No Different Than the National Rate","No Different Than the National Value","high","97","293","9","93","98",301,10.5,-13.6,37.2,260,94,1,"91","92","81","76","87","82","83","80","88","89",269,0.9704,21.5808,22.2379,56,0.20817843866171
"210003",0,NA,20618,"No Different Than the National Average Payment","1.1",NA,"No Different Than the National Rate","No Different Than the National Rate","No Different Than the National Value","Not Available","97","271","Not Available","92","96",244,29.5,4,58.3,216,90,0,"84","88","71","66","80","75","84","84","82","78",211,1.0444,23.2176,22.2305,52,0.246445497630332
"210004",0.13,NA,20262,"No Different Than the National Average Payment","0.2",NA,"No Different Than the National Rate","No Different Than the National Rate","No Different Than the National Value","very high","69","338","5","98","Not Available",328,5.2,-14.9,27.9,293,92,1,"86","88","74","71","80","75","81","84","86","84",257,0.9151,17.8278,19.481,40,0.155642023346304
"210005",0.478,NA,19581,"No Different Than the National Average Payment","0.1",NA,"No Different Than the National Rate","No Different Than the National Rate","No Different Than the National Value","very high","89","228","4","80","Not Available",765,0.7,-14.8,17.9,603,185,1,"90","89","78","73","86","79","83","84","85","84",609,0.9193,18.8157,20.4672,109,0.178981937602627
"210008",0,NA,19278,"No Different Than the National Average Payment","4.4",NA,"No Different Than the National Rate","No Different Than the National Rate","No Different Than the National Value","high","99","243","10","Not Available","Not Available",168,62.2,27.6,100.2,149,50,0,"91","90","83","77","90","82","83","86","91","92",140,1.0066,21.8248,21.6822,31,0.221428571428571
"210009",0.66,NA,20287,"No Different Than the National Average Payment","2.8",NA,"No Different Than the National Rate","Worse Than the National Rate","Worse Than the National Value","very high","94","330","7","Not Available","Not Available",683,-6.1,-25.7,13.7,575,168,1,"92","93","80","78","90","85","87","87","92","93",573,0.8866,19.7336,22.2572,105,0.183246073298429
"210011",0.597,NA,19251,"No Different Than the National Average Payment","0",NA,"No Different Than the National Rate","No Different Than the National Rate","No Different Than the National Value","Not Available","Not Available","235","Not Available","Not Available","98",475,-8,-24.8,11.2,411,106,1,"90","90","81","73","86","79","81","81","87","85",416,0.955,19.003,19.8994,76,0.182692307692308
"210012",1.154,NA,20849,"No Different Than the National Average Payment","1",NA,"No Different Than the National Rate","Worse Than the National Rate","Worse Than the National Value","very high","94","176","2","97","100",493,45.6,22.6,69.6,426,143,0,"88","89","77","71","84","77","82","76","83","81",444,0.9793,20.1336,20.5582,88,0.198198198198198
"210015",0.248,NA,18983,"No Different Than the National Average Payment","2.8",NA,"No Different Than the National Rate","No Different Than the National Rate","Worse Than the National Value","very high","97","346","2","98","99",954,-11.2,-25.4,3.8,774,236,1,"88","89","77","73","85","78","83","78","84","83",828,0.9828,21.2772,21.6494,175,0.211352657004831
"210016",0.954,NA,21036,"Greater Than the National Average Payment","0.2",NA,"Better Than the National Rate","No Different Than the National Rate","No Different Than the National Value","medium","99","382","5","Not Available","Not Available",472,20.8,0.8,42.2,412,137,0,"88","88","82","76","84","80","90","85","87","87",392,1.011,19.9666,19.7487,79,0.201530612244898
"210017",NA,NA,17983,"No Different Than the National Average Payment","1.3",NA,"No Different Than the National Rate","No Different Than the National Rate","No Different Than the National Value","low","86","157","1","62","Not Available",89,-27.9,-48.9,-1.9,77,27,2,"94","95","89","78","91","81","93","86","91","90",79,0.9898,19.8495,20.0545,15,0.189873417721519
"210018",0.724,NA,20615,"No Different Than the National Average Payment","1",NA,"No Different Than the National Rate","No Different Than the National Rate","No Different Than the National Value","medium","97","238","1","98","99",253,-4.6,-25.4,19.4,225,73,1,"85","89","74","67","83","77","86","79","84","82",229,0.9346,18.5301,19.8262,38,0.165938864628821
"210019",0.276,NA,19567,"No Different Than the National Average Payment","1",NA,"No Different Than the National Rate","No Different Than the National Rate","No Different Than the National Value","very high","94","192","4","Not Available","94",445,-15,-31.3,3.8,394,124,1,"91","89","83","74","85","80","83","76","87","86",413,0.8811,17.9899,20.417,66,0.159806295399516
"210022",0.952,NA,19496,"No Different Than the National Average Payment","0.2",NA,"No Different Than the National Rate","No Different Than the National Rate","No Different Than the National Value","high","98","228","2","Not Available","Not Available",756,0.7,-13.8,16.2,657,183,1,"90","91","80","73","84","82","91","84","90","91",594,1.0706,19.4492,18.1673,120,0.202020202020202
"210023",0.211,NA,18088,"Less Than the National Average Payment","0.3",NA,"No Different Than the National Rate","No Different Than the National Rate","No Different Than the National Value","very high","88","269","1","Not Available","Not Available",1745,-1.9,-12.1,9.4,1392,436,1,"90","89","81","72","85","79","85","82","86","88",1332,0.9726,18.3794,18.897,243,0.182432432432432
"210024",0.757,NA,21607,"Greater Than the National Average Payment","2.7",NA,"No Different Than the National Rate","No Different Than the National Rate","No Different Than the National Value","high","97","218","2","96","98",635,-8,-25.8,11,531,161,1,"90","92","79","74","88","81","86","80","87","87",551,0.9047,20.1026,22.2195,104,0.188747731397459
"210027",0.284,NA,19017,"No Different Than the National Average Payment","1.3",NA,"No Different Than the National Rate","No Different Than the National Rate","No Different Than the National Value","medium","85","244","3","99","99",522,10.9,-9.2,31.5,442,144,1,"91","88","81","76","88","79","89","82","85","80",445,0.9214,19.1996,20.8381,80,0.179775280898876
"210028",0,NA,19257,"No Different Than the National Average Payment","2.3",NA,"No Different Than the National Rate","No Different Than the National Rate","No Different Than the National Value","high","98","269","8","97","97",428,37.3,16.3,60.6,326,145,0,"91","90","79","75","88","80","84","81","85","83",363,1.0251,20.7559,20.2482,77,0.212121212121212
"210029",0.662,NA,18969,"No Different Than the National Average Payment","1.1",NA,"No Different Than the National Rate","No Different Than the National Rate","Worse Than the National Value","high","99","305","6","Not Available","Not Available",591,9.7,-10.3,30.5,505,130,1,"89","90","78","74","87","81","83","75","86","84",534,0.912,19.8889,21.8075,100,0.187265917602996
"210032",0,NA,18288,"No Different Than the National Average Payment","4.5",NA,"No Different Than the National Rate","No Different Than the National Rate","No Different Than the National Value","medium","87","237","4","Not Available","Not Available",289,1.3,-20.7,26.3,242,78,1,"90","89","82","75","87","79","85","78","85","82",201,0.939,19.5047,20.7722,35,0.174129353233831
"210033",0,NA,18445,"Less Than the National Average Payment","0.1",NA,"No Different Than the National Rate","Worse Than the National Rate","No Different Than the National Value","Not Available","96","207","Not Available","98","100",682,-17.5,-31.2,-1.6,568,173,2,"88","86","79","70","87","78","81","75","84","82",553,0.9179,18.1969,19.8248,95,0.171790235081374
"210034",2.067,NA,19658,"No Different Than the National Average Payment","4.1",NA,"No Different Than the National Rate","No Different Than the National Rate","No Different Than the National Value","medium","97","192","5","97","99",215,4.6,-19.8,30.8,192,63,1,"89","90","78","71","87","78","88","76","84","82",182,0.9502,20.0173,21.0673,33,0.181318681318681
"210035",0,NA,19397,"No Different Than the National Average Payment","0.1",NA,"No Different Than the National Rate","No Different Than the National Rate","No Different Than the National Value","high","94","234","4","Not Available","Not Available",281,61.6,33.3,91.3,237,85,0,"87","86","78","71","86","78","85","81","81","78",266,1.1132,22.4518,20.1693,67,0.25187969924812
"210037",2.675,NA,21041,"Greater Than the National Average Payment","1.6",NA,"No Different Than the National Rate","No Different Than the National Rate","No Different Than the National Value","high","Not Available","177","6","Not Available","Not Available",344,-6.9,-24.6,12.9,312,109,1,"87","87","76","70","84","77","83","72","80","78",277,0.9281,18.0016,19.396,45,0.162454873646209
"210038",0.947,NA,17790,"No Different Than the National Average Payment","1.6",NA,"No Different Than the National Rate","No Different Than the National Rate","No Different Than the National Value","low","97","291","12","94","96",83,18.4,-19.5,61.1,69,24,1,"91","90","78","76","83","78","82","85","87","79",64,0.9793,24.1815,24.6925,14,0.21875
"210039",NA,NA,18209,"Less Than the National Average Payment","0.2",NA,"No Different Than the National Rate","No Different Than the National Rate","No Different Than the National Value","medium","98","236","3","Not Available","Not Available",386,-10.8,-29.8,10.1,306,100,1,"94","90","88","79","87","83","89","90","90","89",329,1.0223,21.4326,20.966,72,0.218844984802432
"210040",0.465,NA,18437,"No Different Than the National Average Payment","0.6",NA,"No Different Than the National Rate","No Different Than the National Rate","No Different Than the National Value","high","96","291","3","96","99",524,3.2,-14.4,22.8,451,141,1,"88","87","76","70","82","75","80","82","83","80",420,1.0615,22.1287,20.8457,97,0.230952380952381
"210043",1.137,NA,19138,"No Different Than the National Average Payment","0.2",NA,"No Different Than the National Rate","No Different Than the National Rate","No Different Than the National Value","very high","Not Available","Not Available","9","95","97",776,-23.8,-38.4,-9,674,169,2,"90","89","78","75","85","79","88","85","86","85",666,0.863,17.8211,20.6492,109,0.163663663663664
"210044",0.515,NA,18366,"Less Than the National Average Payment","5.2",NA,"No Different Than the National Rate","No Different Than the National Rate","Worse Than the National Value","high","98","264","4","Not Available","Not Available",561,-11.3,-27.1,6.1,488,129,1,"91","91","80","71","84","80","81","79","87","88",473,0.9115,17.1273,18.7894,75,0.158562367864693
"210048",0,NA,17621,"Less Than the National Average Payment","0.2",NA,"No Different Than the National Rate","No Different Than the National Rate","No Different Than the National Value","very high","98","297","4","Not Available","Not Available",753,8.9,-6.4,25.2,629,190,1,"89","90","78","71","83","80","80","81","86","85",618,1.1131,20.6944,18.5919,135,0.218446601941748
"210049",1.892,NA,18267,"Less Than the National Average Payment","0.3",NA,"No Different Than the National Rate","No Different Than the National Rate","Worse Than the National Value","medium","96","178","7","Not Available","94",795,-7.2,-21.8,9.3,643,195,1,"89","88","75","69","83","77","78","76","84","81",617,0.9837,19.7884,20.1164,121,0.196110210696921
"210051",0,NA,18691,"No Different Than the National Average Payment","0.2",NA,"No Different Than the National Rate","No Different Than the National Rate","No Different Than the National Value","Not Available","81","292","Not Available","70","Not Available",656,2,-14.7,20.2,558,173,1,"88","88","74","71","77","77","85","80","83","81",539,0.9334,18.6547,19.9856,96,0.178107606679035
"210056",1.635,NA,19374,"No Different Than the National Average Payment","1.9",NA,"No Different Than the National Rate","No Different Than the National Rate","No Different Than the National Value","medium","97","232","4","97","99",495,4.7,-15.4,27.8,406,142,1,"88","90","74","69","84","78","86","76","84","82",395,0.9319,21.2182,22.7687,79,0.2
"210057",0.301,NA,22456,"Greater Than the National Average Payment","0.4",NA,"No Different Than the National Rate","No Different Than the National Rate","No Different Than the National Value","very high","100","235","3","Not Available","Not Available",409,5.3,-15.3,27.2,361,98,1,"89","88","77","73","86","79","86","82","85","85",382,0.9044,17.9605,19.8582,62,0.162303664921466
"210060",NA,NA,18918,"No Different Than the National Average Payment","0.8",NA,"No Different Than the National Rate","No Different Than the National Rate","No Different Than the National Value","medium","99","275","9","87","98",113,20.5,-8.8,54,100,32,1,"87","89","77","70","81","77","87","80","81","78",83,1.111,20.4872,18.4409,24,0.289156626506024
"210061",NA,NA,18164,"Less Than the National Average Payment","4.1",NA,"No Different Than the National Rate","No Different Than the National Rate","No Different Than the National Value","Not Available","97","154","Not Available","Not Available","Not Available",329,0.3,-19,21.2,284,91,1,"92","93","84","76","91","83","87","80","90","89",226,0.988,18.0463,18.2655,40,0.176991150442478
"210062",0.545,NA,18433,"Less Than the National Average Payment","0.2",NA,"No Different Than the National Rate","No Different Than the National Rate","No Different Than the National Value","high","96","331","4","97","100",606,19.5,1.1,40,504,162,0,"82","86","70","63","76","72","81","69","75","70",485,1.0316,20.1924,19.5737,100,0.206185567010309
"210063",0,NA,20148,"No Different Than the National Average Payment","0.9",NA,"No Different Than the National Rate","No Different Than the National Rate","Better Than the National Value","medium","99","296","7","98","100",698,-24.7,-39,-9,596,146,2,"92","92","83","75","87","82","85","86","90","91",607,0.8659,17.1958,19.86,95,0.156507413509061
"210065",0,NA,19446,"No Different Than the National Average Payment","1.6",NA,"No Different Than the National Rate","No Different Than the National Rate","No Different Than the National Value","medium","59","244","5","98","Not Available",149,23.6,-4.8,55,131,48,1,"86","87","77","67","80","75","82","80","85","84",113,1.0137,20.4311,20.1541,24,0.212389380530973
"220001",1.071,NA,18477,"No Different Than the National Average Payment","3.5",NA,"No Different Than the National Rate","No Different Than the National Rate","No Different Than the National Value","high","85","254","11","80","87",364,23.3,1.4,47,285,111,0,"88","88","76","70","88","78","87","77","81","79",282,1.0746,21.685,20.1794,66,0.234042553191489
"220002",0.681,NA,18765,"No Different Than the National Average Payment","11.5",NA,"No Different Than the National Rate","No Different Than the National Rate","No Different Than the National Value","medium","99","206","0","86","96",507,35.1,14,58.2,400,123,0,"92","92","84","77","87","82","85","82","88","89",437,1.0363,19.5997,18.9135,88,0.20137299771167
"220008",0,NA,18266,"Less Than the National Average Payment","5.8",NA,"No Different Than the National Rate","No Different Than the National Rate","No Different Than the National Value","high","90","194","3","Not Available","Not Available",399,10.8,-7.7,30.7,327,121,1,"92","91","81","78","89","81","89","75","87","85",318,1.0557,20.5629,19.4776,69,0.216981132075472
"220010",0,NA,19800,"No Different Than the National Average Payment","7",NA,"No Different Than the National Rate","No Different Than the National Rate","No Different Than the National Value","high","98","238","8","Not Available","Not Available",498,-0.3,-17.1,18.1,401,127,1,"90","89","77","73","85","79","82","71","84","82",408,0.998,19.395,19.4337,79,0.193627450980392
"220011",0,NA,18857,"No Different Than the National Average Payment","3.7",NA,"No Different Than the National Rate","No Different Than the National Rate","No Different Than the National Value","very high","96","180","0","Not Available","Not Available",235,-19.9,-42.6,5.2,178,50,1,"90","91","82","74","87","81","87","78","86","87",190,0.8695,17.4485,20.0669,24,0.126315789473684
"220012",0.724,NA,18891,"No Different Than the National Average Payment","9.1",NA,"No Different Than the National Rate","No Different Than the National Rate","No Different Than the National Value","very high","84","199","2","Not Available","97",1082,11.9,-1.7,25.8,884,279,1,"91","91","78","75","86","80","88","73","86","86",839,1.0585,18.9866,17.9376,163,0.194278903456496
"220015",1.669,NA,17767,"Less Than the National Average Payment","3.2",NA,"No Different Than the National Rate","No Different Than the National Rate","No Different Than the National Value","medium","99","257","3","Not Available","Not Available",413,5.4,-11.4,24.2,322,107,1,"93","92","85","77","88","82","87","80","88","89",324,1.0975,18.5185,16.8731,66,0.203703703703704
"220016",NA,NA,17485,"Less Than the National Average Payment","3.5",NA,"No Different Than the National Rate","No Different Than the National Rate","No Different Than the National Value","medium","97","184","3","93","Not Available",309,-7.1,-25.5,13.3,233,81,1,"92","90","86","79","90","79","88","73","87","86",241,1.0455,18.7234,17.9092,48,0.199170124481328
"220017",NA,NA,22130,"Greater Than the National Average Payment","2.9",NA,"Number of Cases Too Small","No Different Than the National Rate","No Different Than the National Value","medium","89","150","7","Not Available","Not Available",91,19.6,-13.1,57.9,66,24,1,"88","90","83","76","85","79","90","83","83","80",94,1.0452,20.263,19.3864,22,0.234042553191489
"220019",NA,NA,18480,"No Different Than the National Average Payment","2.8",NA,"Number of Cases Too Small","No Different Than the National Rate","No Different Than the National Value","medium","90","238","7","73","78",283,40.7,15.9,69,216,86,0,"89","88","80","71","87","79","87","73","84","83",219,1.1474,21.8218,19.0186,57,0.26027397260274
"220020",0.565,NA,19682,"No Different Than the National Average Payment","5.1",NA,"No Different Than the National Rate","No Different Than the National Rate","No Different Than the National Value","high","76","205","8","Not Available","Not Available",358,24.3,2.1,48.9,281,98,0,"93","92","85","78","89","82","92","83","89","89",285,1.0269,20.7802,20.235,61,0.214035087719298
"220024",1.498,NA,19214,"No Different Than the National Average Payment","5.2",NA,"No Different Than the National Rate","No Different Than the National Rate","No Different Than the National Value","high","52","226","10","93","Not Available",255,-17.2,-33.8,2.1,215,64,1,"90","88","82","74","86","79","90","80","87","88",217,0.9562,16.529,17.2861,33,0.152073732718894
"220029",NA,NA,19524,"No Different Than the National Average Payment","3.4",NA,"No Different Than the National Rate","No Different Than the National Rate","No Different Than the National Value","low","95","199","2","Not Available","Not Available",305,17.3,-4.3,41.8,245,86,1,"92","89","83","75","90","79","85","80","86","85",241,1.1411,22.4491,19.6726,63,0.261410788381743
"220030",NA,NA,19588,"No Different Than the National Average Payment","2.1",NA,"No Different Than the National Rate","No Different Than the National Rate","No Different Than the National Value","medium","97","227","5","94","Not Available",432,-15.3,-31.3,2.9,318,111,1,"92","92","83","78","85","81","86","75","87","87",338,0.9549,18.3479,19.2145,59,0.174556213017751
"220031",1.046,NA,19143,"No Different Than the National Average Payment","7.5",NA,"No Different Than the National Rate","No Different Than the National Rate","No Different Than the National Value","very high","97","261","12","Not Available","Not Available",530,12.6,-8.1,34.7,362,132,1,"91","91","80","78","88","79","86","77","88","88",452,1.0783,23.1968,21.512,110,0.243362831858407
"220033",2.214,NA,19706,"No Different Than the National Average Payment","12.2",NA,"No Different Than the National Rate","No Different Than the National Rate","No Different Than the National Value","high","99","208","4","Not Available","97",893,-1.1,-14.5,12.3,716,238,1,"90","90","78","73","85","79","85","71","85","85",733,1.133,21.6435,19.1035,167,0.227830832196453
"220035",0.79,NA,18273,"Less Than the National Average Payment","3.3",NA,"No Different Than the National Rate","No Different Than the National Rate","No Different Than the National Value","very high","98","276","10","Not Available","Not Available",1184,8.8,-5.2,23.7,899,274,1,"91","91","82","76","87","79","84","74","85","85",970,1.0063,20.4721,20.3439,199,0.205154639175258
"220036",0.957,NA,22544,"Greater Than the National Average Payment","12.2",NA,"No Different Than the National Rate","No Different Than the National Rate","No Different Than the National Value","medium","80","171","3","Not Available","Not Available",288,40.9,16.8,67.7,249,101,0,"87","89","74","71","86","79","83","73","83","82",248,1.1723,23.4501,20.0032,69,0.278225806451613
"220046",0.307,NA,18987,"No Different Than the National Average Payment","4.4",NA,"No Different Than the National Rate","No Different Than the National Rate","No Different Than the National Value","very high","98","209","7","Not Available","Not Available",902,3.6,-9.8,18.2,697,257,1,"91","89","80","73","86","80","82","70","83","81",769,1.061,21.4582,20.2248,169,0.219765929778934
"220049",NA,NA,19764,"No Different Than the National Average Payment","1.5",NA,"Number of Cases Too Small","No Different Than the National Rate","No Different Than the National Value","medium","87","225","4","86","95",210,39.5,12.6,70.1,162,62,0,"91","90","82","75","89","79","91","73","85","84",162,1.0811,20.2706,18.7508,38,0.234567901234568
"220052",NA,NA,20435,"No Different Than the National Average Payment","3.3",NA,"No Different Than the National Rate","No Different Than the National Rate","No Different Than the National Value","high","83","243","6","Not Available","Not Available",264,23.6,-2.1,52.5,216,67,1,"Not Available","Not Available","Not Available","Not Available","Not Available","Not Available","Not Available","Not Available","Not Available","Not Available",269,1.0509,21.0712,20.0512,60,0.223048327137546
"220060",0.399,NA,18489,"Less Than the National Average Payment","5.8",NA,"No Different Than the National Rate","No Different Than the National Rate","No Different Than the National Value","high","99","240","3","Not Available","Not Available",721,-11.9,-27.3,4.5,580,169,1,"91","91","81","71","90","81","85","73","85","85",563,0.9244,18.1429,19.6272,97,0.172291296625222
"220063",0.365,NA,19303,"No Different Than the National Average Payment","4.2",NA,"No Different Than the National Rate","No Different Than the National Rate","No Different Than the National Value","very high","96","271","8","Not Available","Not Available",1009,3.9,-9.5,18.5,745,242,1,"90","89","82","73","88","80","85","78","85","84",816,1.1011,21.7548,19.7573,184,0.225490196078431
"220065",NA,NA,18516,"No Different Than the National Average Payment","3.1",NA,"Number of Cases Too Small","No Different Than the National Rate","No Different Than the National Value","medium","93","197","6","86","Not Available",247,4.2,-16.5,25.6,197,67,1,"91","91","85","77","86","81","89","76","87","86",209,1.0012,17.1885,17.168,36,0.172248803827751
"220066",0.54,NA,20155,"No Different Than the National Average Payment","3.1",NA,"No Different Than the National Rate","No Different Than the National Rate","No Different Than the National Value","very high","80","301","5","Not Available","Not Available",405,13.8,-5.7,35.3,318,122,1,"91","90","82","75","88","80","83","77","88","87",344,0.9365,18.4013,19.6487,59,0.171511627906977
"220070",0.312,NA,19053,"No Different Than the National Average Payment","3.8",NA,"No Different Than the National Rate","No Different Than the National Rate","No Different Than the National Value","medium","99","195","5","Not Available","Not Available",701,14.5,-1.7,31.4,534,185,1,"90","89","81","71","85","80","78","74","83","82",556,1.1056,21.4551,19.4058,126,0.226618705035971
"220071",0.916,NA,19432,"No Different Than the National Average Payment","2.1",NA,"Better Than the National Rate","No Different Than the National Rate","Better Than the National Value","very high","99","303","4","89","Not Available",1850,27.5,13.6,41,1431,459,0,"93","92","82","80","89","84","86","74","92","93",1579,1.0175,21.7115,21.3385,344,0.21785940468651
"220073",0.661,NA,20325,"No Different Than the National Average Payment","4.4",NA,"No Different Than the National Rate","No Different Than the National Rate","No Different Than the National Value","high","80","224","9","Not Available","Not Available",463,22.8,3.5,43.2,359,117,0,"89","88","77","74","85","78","86","70","81","79",382,1.1069,21.0077,18.9793,87,0.227748691099476
"220074",0.35,NA,19472,"No Different Than the National Average Payment","4.2",NA,"No Different Than the National Rate","No Different Than the National Rate","No Different Than the National Value","very high","74","195","5","96","Not Available",1784,7.3,-3.8,18.6,1385,479,1,"90","90","81","77","89","79","87","78","87","87",1464,1.0075,20.5257,20.3721,301,0.205601092896175
"220077",0.518,NA,19679,"No Different Than the National Average Payment","2.7",NA,"No Different Than the National Rate","No Different Than the National Rate","Worse Than the National Value","very high","98","282","11","90","Not Available",1821,11,-0.4,23.3,1412,455,1,"88","87","75","70","84","78","82","72","83","84",1520,1.0007,20.1283,20.1134,306,0.201315789473684
"220080",0.443,NA,22536,"Greater Than the National Average Payment","2.8",NA,"No Different Than the National Rate","No Different Than the National Rate","No Different Than the National Value","very high","62","227","7","Not Available","Not Available",595,10.4,-5.2,27.1,440,171,1,"89","88","79","73","83","77","82","74","80","78",563,1.0977,20.7456,18.8986,123,0.218472468916519
"220083",NA,NA,19677,"No Different Than the National Average Payment","4.1",NA,"No Different Than the National Rate","No Different Than the National Rate","No Different Than the National Value","low","98","219","2","Not Available","Not Available",529,12.1,-7.3,33.5,425,121,1,"91","92","80","76","87","81","86","75","86","86",416,0.9778,18.3804,18.7984,75,0.180288461538462
"220084",0,NA,20767,"No Different Than the National Average Payment","2",NA,"No Different Than the National Rate","No Different Than the National Rate","No Different Than the National Value","medium","92","214","2","94","97",328,0.6,-18.5,23.2,265,78,1,"91","91","83","75","88","81","85","76","89","89",250,1.0281,18.878,18.3619,49,0.196
"220086",0.833,NA,19855,"No Different Than the National Average Payment","11.3",NA,"Better Than the National Rate","No Different Than the National Rate","No Different Than the National Value","high","100","365","1","Not Available","Not Available",1182,35.2,19.8,52.3,942,295,0,"92","91","79","77","88","83","86","76","89","90",1031,1.1267,23.0716,20.4763,246,0.238603297769156
"220090",0.768,NA,19547,"No Different Than the National Average Payment","3.5",NA,"No Different Than the National Rate","No Different Than the National Rate","No Different Than the National Value","high","99","255","4","Not Available","97",677,18.1,2.4,36.1,517,194,0,"92","92","83","80","88","82","87","81","90","92",566,1.2138,22.0967,18.205,138,0.243816254416961
"220095",NA,NA,20480,"No Different Than the National Average Payment","2.7",NA,"No Different Than the National Rate","No Different Than the National Rate","No Different Than the National Value","medium","88","175","3","91","Not Available",220,17,-6.6,42.1,159,71,1,"91","89","83","76","89","82","90","81","88","87",181,1.007,19.6337,19.4968,36,0.198895027624309
"220098",NA,NA,20840,"No Different Than the National Average Payment","3.5",NA,"No Different Than the National Rate","No Different Than the National Rate","No Different Than the National Value","low","81","152","2","Not Available","Not Available",112,-11.8,-34.8,16.3,80,36,1,"91","90","86","76","86","78","81","79","85","83",104,1.0512,21.771,20.7103,26,0.25
"220100",0.568,NA,19099,"No Different Than the National Average Payment","5.1",NA,"No Different Than the National Rate","No Different Than the National Rate","Worse Than the National Value","very high","72","266","2","81","Not Available",1740,-5.5,-16.2,6.9,1354,393,1,"92","91","81","76","90","82","85","74","86","87",1401,1.0459,20.6282,19.7233,292,0.20842255531763
"220101",0,NA,18083,"Less Than the National Average Payment","1",NA,"No Different Than the National Rate","No Different Than the National Rate","Better Than the National Value","very high","99","244","3","Not Available","93",951,3.8,-10.5,19.7,762,202,1,"91","92","80","78","87","82","81","71","88","89",727,1.0138,18.7221,18.4677,137,0.188445667125172
"220105",0.428,NA,18712,"No Different Than the National Average Payment","4.6",NA,"No Different Than the National Rate","No Different Than the National Rate","No Different Than the National Value","high","99","211","2","Not Available","97",658,15.2,-1.5,31.8,523,182,1,"92","90","82","75","87","81","85","75","88","88",533,1.1894,21.6609,18.2112,127,0.23827392120075
"220108",1.566,NA,18652,"No Different Than the National Average Payment","4.1",NA,"No Different Than the National Rate","No Different Than the National Rate","No Different Than the National Value","medium","99","214","3","Not Available","Not Available",494,-4.3,-20.6,14.4,389,115,1,"91","92","78","75","87","82","84","74","86","87",444,1.0693,19.504,18.2406,91,0.204954954954955
"220110",0.786,NA,19998,"No Different Than the National Average Payment","5.6",NA,"No Different Than the National Rate","No Different Than the National Rate","Better Than the National Value","high","98","321","5","Not Available","Not Available",1302,7.3,-7.7,22.9,1046,291,1,"94","93","85","78","89","84","85","76","91","93",1044,1.0117,21.5718,21.3214,226,0.216475095785441
"220111",0.992,NA,21143,"Greater Than the National Average Payment","4.3",NA,"No Different Than the National Rate","No Different Than the National Rate","No Different Than the National Value","high","53","342","9","Not Available","Not Available",753,27.4,10.7,44.9,611,219,0,"85","85","69","67","82","74","86","70","78","74",628,1.0836,21.1179,19.4885,138,0.219745222929936
"220116",0.469,NA,20988,"Greater Than the National Average Payment","5.3",NA,"No Different Than the National Rate","No Different Than the National Rate","No Different Than the National Value","high","90","207","4","Not Available","Not Available",421,22.4,1.4,44.9,336,122,0,"93","92","84","80","90","84","85","77","91","91",357,1.1399,24.3527,21.3637,96,0.26890756302521
"220119",2.026,NA,18089,"Less Than the National Average Payment","3.2",NA,"No Different Than the National Rate","No Different Than the National Rate","No Different Than the National Value","medium","99","258","4","Not Available","97",496,6.1,-15.3,28.5,403,111,1,"92","93","84","77","87","82","80","79","89","89",413,1.0051,20.499,20.3955,85,0.205811138014528
"220126",NA,NA,NA,"Not Available","9.7",NA,"Not Available","Not Available","Not Available","Not Available","Not Available","Not Available","Not Available","Not Available","Not Available",NA,NA,NA,NA,NA,NA,NA,"Not Available","Not Available","Not Available","Not Available","Not Available","Not Available","Not Available","Not Available","Not Available","Not Available",78,1.0297,21.7953,21.1663,19,0.243589743589744
"220135",NA,NA,19092,"No Different Than the National Average Payment","6.7",NA,"No Different Than the National Rate","No Different Than the National Rate","No Different Than the National Value","medium","82","162","2","Not Available","99",487,10.6,-6.7,29.5,380,139,1,"90","89","79","72","89","80","87","75","86","86",403,1.0047,18.2875,18.2028,74,0.183622828784119
"220163",0.747,NA,20413,"No Different Than the National Average Payment","3.4",NA,"No Different Than the National Rate","Worse Than the National Rate","No Different Than the National Value","very high","87","264","8","81","85",1027,13.8,-2.1,30.1,806,257,1,"91","90","81","73","87","80","85","72","87","87",840,0.9836,20.7277,21.0723,173,0.205952380952381
"220171",0.62,NA,19363,"No Different Than the National Average Payment","2.4",NA,"No Different Than the National Rate","No Different Than the National Rate","No Different Than the National Value","very high","99","227","4","Not Available","100",1268,1.6,-10.7,15,1032,327,1,"91","92","80","78","89","82","82","78","88","88",1026,1.0644,20.3571,19.1259,213,0.207602339181287
"220175",0,NA,21018,"Greater Than the National Average Payment","8.1",NA,"No Different Than the National Rate","No Different Than the National Rate","No Different Than the National Value","medium","69","244","7","Not Available","Not Available",374,-1.8,-19.6,18.4,306,106,1,"84","87","69","70","80","74","74","69","73","69",330,1.1146,22.3105,20.0168,81,0.245454545454545
"220176",0.709,NA,20491,"No Different Than the National Average Payment","5.4",NA,"No Different Than the National Rate","No Different Than the National Rate","No Different Than the National Value","high","68","261","9","Not Available","Not Available",474,24.4,3.5,48.2,378,117,0,"86","87","73","67","83","76","79","66","80","79",429,1.0319,21.4174,20.7546,94,0.219114219114219
"230002",1.767,NA,18802,"No Different Than the National Average Payment","7.2",NA,"No Different Than the National Rate","No Different Than the National Rate","No Different Than the National Value","high","59","256","5","Not Available","93",734,21.1,4.1,39,571,193,0,"91","89","83","73","84","80","77","81","88","86",571,1.1057,23.1388,20.9275,139,0.243432574430823
"230005",NA,NA,19234,"No Different Than the National Average Payment","4.2",NA,"No Different Than the National Rate","No Different Than the National Rate","No Different Than the National Value","medium","90","178","5","Not Available","Not Available",207,-22.5,-41.8,0,164,55,2,"93","93","87","79","88","83","91","85","90","87",180,0.9638,19.6959,20.4347,33,0.183333333333333
"230017",0.939,NA,17277,"Less Than the National Average Payment","6.7",NA,"No Different Than the National Rate","No Different Than the National Rate","No Different Than the National Value","very high","97","238","12","86","Not Available",474,4.6,-14.5,25.6,406,113,1,"93","91","86","76","90","82","83","80","90","91",413,0.9447,18.576,19.6626,73,0.176755447941889
"230019",0.309,NA,18434,"Less Than the National Average Payment","10.7",NA,"No Different Than the National Rate","No Different Than the National Rate","Better Than the National Value","very high","Not Available","210","2","99","100",1191,18,2.8,33.4,931,318,0,"90","88","82","71","85","78","76","80","87","86",1020,1.0189,21.9338,21.5261,225,0.220588235294118
"230020",1.547,NA,20260,"No Different Than the National Average Payment","7.4",NA,"No Different Than the National Rate","No Different Than the National Rate","No Different Than the National Value","very high","77","224","1","89","98",661,75.3,51.5,100.3,519,204,0,"87","85","75","69","78","75","72","72","80","78",638,1.1947,26.5584,22.2304,182,0.285266457680251
"230021",0.37,NA,17724,"Less Than the National Average Payment","4.5",NA,"No Different Than the National Rate","No Different Than the National Rate","No Different Than the National Value","very high","83","170","3","Not Available","Not Available",544,13.2,-5.8,32,447,142,1,"92","92","84","75","83","80","85","81","88","86",480,0.936,18.4013,19.6596,84,0.175
"230022",NA,NA,17182,"Less Than the National Average Payment","3.5",NA,"No Different Than the National Rate","No Different Than the National Rate","No Different Than the National Value","low","96","144","2","Not Available","Not Available",128,-5.5,-27.8,22.1,105,30,1,"91","90","81","74","88","79","87","83","84","80",122,1.0191,17.8524,17.5179,23,0.188524590163934
"230024",1.217,NA,20447,"No Different Than the National Average Payment","10.5",NA,"No Different Than the National Rate","No Different Than the National Rate","Worse Than the National Value","very high","64","203","13","84","98",240,27.8,-0.5,60.4,184,74,1,"79","84","64","64","74","68","77","76","69","62",257,1.0733,26.0449,24.266,72,0.280155642023346
"230029",0.352,NA,20326,"No Different Than the National Average Payment","7.9",NA,"No Different Than the National Rate","No Different Than the National Rate","No Different Than the National Value","very high","66","186","2","Not Available","99",634,16.9,-1.6,37.6,498,171,1,"88","87","74","69","83","78","75","78","84","85",540,0.9762,21.0425,21.5549,112,0.207407407407407
"230030",NA,NA,20683,"No Different Than the National Average Payment","5.8",NA,"No Different Than the National Rate","No Different Than the National Rate","No Different Than the National Value","medium","76","218","4","Not Available","Not Available",142,-8.6,-32.6,17.8,121,45,1,"93","92","88","81","91","83","87","84","91","90",127,1.0579,22.1712,20.9581,32,0.251968503937008
"230031",NA,NA,17211,"Less Than the National Average Payment","4.3",NA,"No Different Than the National Rate","No Different Than the National Rate","No Different Than the National Value","low","67","144","3","Not Available","Not Available",121,-8,-36.2,24.1,104,35,1,"89","85","83","71","83","78","80","79","87","86",112,1.0185,22.0981,21.6971,26,0.232142857142857
"230035",NA,NA,17347,"Less Than the National Average Payment","6.6",NA,"Number of Cases Too Small","No Different Than the National Rate","No Different Than the National Value","medium","94","176","4","Not Available","Not Available",98,1.8,-24.8,35.7,74,19,1,"93","93","84","77","91","82","80","84","90","89",106,1.0185,19.6183,19.2615,22,0.207547169811321
"230036",NA,NA,17476,"Less Than the National Average Payment","3",NA,"No Different Than the National Rate","No Different Than the National Rate","No Different Than the National Value","medium","74","211","3","Not Available","Not Available",221,-20.7,-39.7,1.7,196,52,1,"95","94","92","83","91","85","93","89","93","91",204,0.9577,18.5487,19.3677,35,0.17156862745098
"230037",NA,NA,18672,"No Different Than the National Average Payment","3.7",NA,"No Different Than the National Rate","No Different Than the National Rate","No Different Than the National Value","low","81","189","1","Not Available","Not Available",54,13,-16,50.5,50,15,1,"91","90","86","75","91","80","85","83","88","85",55,1.018,17.9081,17.5919,11,0.2
"230038",0.889,NA,19465,"No Different Than the National Average Payment","6.8",NA,"No Different Than the National Rate","No Different Than the National Rate","No Different Than the National Value","very high","85","167","2","Not Available","Not Available",1065,-7.3,-20.4,6.3,876,250,1,"92","92","83","77","89","83","82","81","89","90",927,0.8341,16.8107,20.1548,144,0.155339805825243
"230041",0.354,NA,20403,"No Different Than the National Average Payment","10.1",NA,"No Different Than the National Rate","No Different Than the National Rate","No Different Than the National Value","medium","64","136","1","Not Available","Not Available",591,29.4,9.2,50.8,475,162,0,"89","88","80","72","84","78","79","77","82","79",544,1.001,21.679,21.658,118,0.216911764705882
"230046",0.566,NA,19132,"No Different Than the National Average Payment","4.3",NA,"No Different Than the National Rate","No Different Than the National Rate","No Different Than the National Value","very high","91","362","5","Not Available","Not Available",943,6.9,-9,23.6,747,243,1,"93","92","84","77","89","84","81","75","91","93",847,1,21.9595,21.9587,186,0.219598583234947
"230047",1.168,NA,20925,"Greater Than the National Average Payment","8.7",NA,"No Different Than the National Rate","No Different Than the National Rate","No Different Than the National Value","very high","89","284","5","99","Not Available",975,23.2,6.4,41,781,245,0,"89","87","77","70","83","78","83","74","85","84",778,1.0543,21.777,20.6552,173,0.222365038560411
"230053",0.534,NA,19599,"No Different Than the National Average Payment","9.8",NA,"No Different Than the National Rate","No Different Than the National Rate","No Different Than the National Value","very high","95","195","9","100","Not Available",547,20.1,1.9,40.3,444,157,0,"92","91","84","76","86","80","84","80","87","87",503,1.0158,20.8644,20.5405,106,0.210735586481113
"230054",0.266,NA,17702,"Less Than the National Average Payment","18.4",NA,"No Different Than the National Rate","No Different Than the National Rate","No Different Than the National Value","medium","90","184","3","97","99",267,-24.8,-42.2,-4.2,224,72,2,"92","92","84","77","90","81","84","82","85","83",250,0.9064,18.607,20.5278,40,0.16
"230055",NA,NA,17845,"No Different Than the National Average Payment","7.9",NA,"No Different Than the National Rate","No Different Than the National Rate","No Different Than the National Value","low","80","139","2","Not Available","Not Available",132,-14.7,-36.2,10,115,39,1,"92","92","82","77","89","81","85","81","85","85",101,0.9172,17.458,19.0341,12,0.118811881188119
"230058",NA,NA,16641,"Less Than the National Average Payment","4.7",NA,"Number of Cases Too Small","No Different Than the National Rate","No Different Than the National Value","low","93","192","4","Not Available","Not Available",137,-29,-48.3,-5.9,120,42,2,"94","93","89","85","92","84","84","81","89","89",119,0.9709,20.1445,20.748,22,0.184873949579832
"230059",0.612,NA,20054,"No Different Than the National Average Payment","5",NA,"No Different Than the National Rate","No Different Than the National Rate","No Different Than the National Value","high","61","158","3","Not Available","Not Available",277,-12.4,-33,10,226,75,1,"93","93","83","77","88","83","87","85","91","91",242,0.9267,19.0254,20.5304,41,0.169421487603306
"230066",0.417,NA,18465,"Less Than the National Average Payment","7",NA,"No Different Than the National Rate","No Different Than the National Rate","No Different Than the National Value","very high","44","194","4","88","95",528,-27.2,-42.1,-11,433,124,2,"90","91","82","74","85","79","77","78","85","82",495,0.8537,17.8607,20.921,78,0.157575757575758
"230069",NA,NA,19094,"No Different Than the National Average Payment","4.6",NA,"No Different Than the National Rate","No Different Than the National Rate","No Different Than the National Value","high","61","162","1","Not Available","92",190,-18.4,-38.3,3.8,169,51,1,"95","94","88","80","90","83","89","83","90","89",129,0.9846,19.3986,19.7028,24,0.186046511627907
"230070",0.609,NA,20492,"No Different Than the National Average Payment","8",NA,"No Different Than the National Rate","No Different Than the National Rate","No Different Than the National Value","very high","76","208","6","Not Available","98",605,25.7,6.7,45.9,462,159,0,"92","91","83","76","86","81","83","72","88","89",536,1.0098,21.1464,20.9415,114,0.212686567164179
"230072",NA,NA,17272,"Less Than the National Average Payment","7",NA,"No Different Than the National Rate","No Different Than the National Rate","No Different Than the National Value","medium","95","159","2","Not Available","Not Available",180,6,-18.9,31.1,154,48,1,"92","92","86","78","93","82","91","87","91","91",155,0.9712,17.3391,17.853,25,0.161290322580645
"230075",1.985,NA,16548,"Less Than the National Average Payment","5.9",NA,"No Different Than the National Rate","No Different Than the National Rate","No Different Than the National Value","high","97","183","8","88","Not Available",233,6.6,-16,32.1,205,65,1,"92","92","86","76","89","81","84","80","87","86",217,0.9672,19.448,20.1071,40,0.184331797235023
"230077",1.536,NA,18181,"No Different Than the National Average Payment","10.2",NA,"No Different Than the National Rate","No Different Than the National Rate","No Different Than the National Value","low","Not Available","168","0","Not Available","Not Available",224,-7.4,-28.3,15.6,183,57,1,"91","90","84","74","89","81","84","75","87","85",216,1.0063,19.2516,19.1303,42,0.194444444444444
"230080",NA,NA,18944,"No Different Than the National Average Payment","9",NA,"No Different Than the National Rate","No Different Than the National Rate","No Different Than the National Value","medium","70","132","2","Not Available","Not Available",86,0.1,-28.1,32.6,75,23,1,"93","91","86","75","89","81","90","84","89","87",96,0.993,19.2328,19.3687,18,0.1875
"230081",NA,NA,15487,"Less Than the National Average Payment","3.1",NA,"No Different Than the National Rate","No Different Than the National Rate","No Different Than the National Value","medium","95","181","5","Not Available","Not Available",150,-8.3,-29.3,17.5,137,47,1,"92","92","87","81","90","81","83","85","89","87",133,0.9242,18.9754,20.5319,20,0.150375939849624
"230089",0.431,NA,18113,"Less Than the National Average Payment","6.6",NA,"No Different Than the National Rate","No Different Than the National Rate","No Different Than the National Value","very high","77","179","4","95","100",454,3.4,-16.3,24.5,361,121,1,"91","89","79","73","85","79","82","83","88","87",417,1.1497,24.3066,21.1415,111,0.266187050359712
"230092",0,NA,17811,"Less Than the National Average Payment","3.7",NA,"No Different Than the National Rate","No Different Than the National Rate","No Different Than the National Value","very high","92","204","1","99","Not Available",636,12.4,-4.8,31.2,492,164,1,"90","89","82","71","85","78","83","78","84","82",583,1.0133,20.7739,20.5013,122,0.20926243567753
"230093",NA,NA,17126,"Less Than the National Average Payment","8.8",NA,"Number of Cases Too Small","No Different Than the National Rate","No Different Than the National Value","medium","88","126","2","Not Available","Not Available",104,-1.1,-25.7,27.9,91,33,1,"93","92","84","79","89","81","90","83","90","87",96,0.9981,18.8826,18.9192,18,0.1875
"230097",0.407,NA,17917,"Less Than the National Average Payment","6.6",NA,"No Different Than the National Rate","No Different Than the National Rate","No Different Than the National Value","high","92","267","5","Not Available","Not Available",783,-10.5,-25.1,6.6,655,181,1,"92","92","82","76","89","82","81","75","89","90",667,0.8772,17.6285,20.0952,109,0.163418290854573
"230099",0,NA,17909,"No Different Than the National Average Payment","2.8",NA,"No Different Than the National Rate","No Different Than the National Rate","No Different Than the National Value","medium","73","145","2","Not Available","99",175,-3.2,-25.5,21.4,140,59,1,"93","89","82","74","84","79","80","80","86","80",156,1.0101,20.7212,20.5144,33,0.211538461538462
"230104",0.915,NA,19431,"No Different Than the National Average Payment","21.9",NA,"No Different Than the National Rate","Worse Than the National Rate","Worse Than the National Value","medium","59","190","11","83","98",252,19.1,-8.2,47.3,189,73,1,"83","85","68","69","76","73","75","74","76","72",284,1.0664,25.1636,23.5969,76,0.267605633802817
"230105",0,NA,18859,"No Different Than the National Average Payment","7.6",NA,"No Different Than the National Rate","No Different Than the National Rate","Better Than the National Value","medium","66","174","5","Not Available","Not Available",391,-2.7,-20.7,17.5,332,113,1,"91","90","82","74","87","79","75","83","84","83",386,0.9685,19.7203,20.361,74,0.191709844559585
"230110",NA,NA,17284,"Less Than the National Average Payment","7.8",NA,"No Different Than the National Rate","No Different Than the National Rate","No Different Than the National Value","medium","92","136","2","Not Available","Not Available",108,7.2,-20.6,38.4,87,34,1,"93","94","90","80","89","82","90","84","89","85",103,0.9957,20.668,20.757,21,0.203883495145631
"230117",1.131,NA,18390,"Less Than the National Average Payment","4",NA,"No Different Than the National Rate","No Different Than the National Rate","No Different Than the National Value","medium","Not Available","208","2","Not Available","89",445,-23.9,-39.2,-6.6,382,113,2,"89","90","77","73","87","80","77","80","85","85",445,0.8193,17.3147,21.1329,64,0.143820224719101
"230121",NA,NA,18266,"No Different Than the National Average Payment","2.8",NA,"No Different Than the National Rate","No Different Than the National Rate","No Different Than the National Value","medium","84","192","4","Not Available","Not Available",148,-12.9,-33.1,9.1,127,45,1,"90","91","84","77","88","81","81","78","87","84",121,0.9224,17.5894,19.0682,16,0.132231404958678
"230130",0.652,NA,20410,"Greater Than the National Average Payment","4.9",NA,"No Different Than the National Rate","Worse Than the National Rate","Worse Than the National Value","very high","81","275","6","92","97",1611,20.2,6.5,34.4,1256,381,0,"90","91","76","71","87","80","72","73","86","86",1439,1.0339,21.7335,21.0207,315,0.218902015288395
"230132",0.588,NA,19867,"No Different Than the National Average Payment","3.4",NA,"No Different Than the National Rate","No Different Than the National Rate","No Different Than the National Value","very high","83","218","17","Not Available","Not Available",218,41,14.7,70.6,179,72,0,"90","88","82","72","80","79","78","77","86","87",169,1.0539,20.9846,19.9116,39,0.230769230769231
"230133",NA,NA,17911,"No Different Than the National Average Payment","3.2",NA,"No Different Than the National Rate","No Different Than the National Rate","No Different Than the National Value","low","97","171","2","69","Not Available",80,-16.8,-37.9,9.3,73,23,1,"93","91","88","80","91","81","89","73","88","87",79,1.0047,17.344,17.2635,14,0.177215189873418
"230141",0.348,NA,19519,"No Different Than the National Average Payment","10.5",NA,"No Different Than the National Rate","No Different Than the National Rate","No Different Than the National Value","high","58","196","3","Not Available","Not Available",627,14.5,-4.2,34.5,499,144,1,"90","87","82","69","83","76","75","72","82","80",490,1.0276,21.4611,20.8854,107,0.218367346938776
"230142",2.307,NA,19683,"No Different Than the National Average Payment","2.8",NA,"No Different Than the National Rate","No Different Than the National Rate","No Different Than the National Value","high","77","186","4","90","96",151,31.8,0.6,67,120,40,0,"88","86","77","69","80","75","78","73","80","75",137,1.0144,21.1904,20.8886,30,0.218978102189781
"230146",1.324,NA,21927,"Greater Than the National Average Payment","6",NA,"No Different Than the National Rate","No Different Than the National Rate","No Different Than the National Value","very high","86","154","3","99","Not Available",585,14.6,-4.8,34.3,451,158,1,"90","88","78","73","83","79","85","71","84","83",510,1.0077,21.4662,21.3013,110,0.215686274509804
"230151",1.478,NA,19891,"No Different Than the National Average Payment","7.1",NA,"No Different Than the National Rate","No Different Than the National Rate","No Different Than the National Value","very high","77","180","8","95","99",450,-4.4,-23.9,16,346,121,1,"90","89","80","70","84","78","76","73","84","83",426,1.0419,22.3462,21.4476,98,0.230046948356808
"230156",0.838,NA,17840,"Less Than the National Average Payment","5.6",NA,"No Different Than the National Rate","No Different Than the National Rate","No Different Than the National Value","very high","75","241","5","Not Available","Not Available",1121,0.2,-12.9,14.6,907,277,1,"93","92","83","77","88","83","75","82","89","90",931,0.9111,18.2726,20.0549,164,0.176154672395274
"230165",1.26,NA,20292,"No Different Than the National Average Payment","10.8",NA,"No Different Than the National Rate","No Different Than the National Rate","No Different Than the National Value","very high","Not Available","224","3","100","100",666,4.3,-13.3,23.2,512,177,1,"90","89","79","72","84","79","77","77","86","84",588,1.0757,24.135,22.4371,147,0.25
"230167",0.674,NA,20148,"No Different Than the National Average Payment","7.9",NA,"No Different Than the National Rate","No Different Than the National Rate","No Different Than the National Value","medium","64","250","2","Not Available","Not Available",258,33.7,8.9,61.8,226,80,0,"89","89","82","72","86","79","83","80","86","85",229,1.0742,21.9019,20.3886,55,0.240174672489083
"230176",1.567,NA,18764,"No Different Than the National Average Payment","4.2",NA,"No Different Than the National Rate","No Different Than the National Rate","No Different Than the National Value","medium","79","202","0","96","98",444,17,-3.7,39.2,330,123,1,"91","87","81","74","85","79","82","80","86","85",349,1.0431,21.818,20.9162,79,0.226361031518625
"230180",NA,NA,17192,"No Different Than the National Average Payment","3.2",NA,"Number of Cases Too Small","No Different Than the National Rate","No Different Than the National Value","low","72","181","3","Not Available","Not Available",44,-4.5,-37.2,33.6,36,12,1,"95","92","93","76","91","82","89","86","90","88",38,1.0372,22.4152,21.6103,11,0.289473684210526
"230193",0.853,NA,19634,"No Different Than the National Average Payment","9",NA,"No Different Than the National Rate","No Different Than the National Rate","No Different Than the National Value","medium","54","193","2","Not Available","Not Available",262,-6,-27,18.5,213,64,1,"89","85","80","70","80","75","78","67","80","76",214,0.9244,20.238,21.892,38,0.177570093457944
"230195",0.66,NA,21355,"Greater Than the National Average Payment","7.1",NA,"No Different Than the National Rate","No Different Than the National Rate","No Different Than the National Value","very high","Not Available","258","3","99","100",885,27,11.1,45.2,670,248,0,"87","85","76","66","85","77","81","74","82","78",769,1.1909,26.7361,22.4504,218,0.283485045513654
"230197",0.787,NA,18570,"No Different Than the National Average Payment","1.5",NA,"Worse Than the National Rate","No Different Than the National Rate","No Different Than the National Value","high","Not Available","198","2","Not Available","Not Available",522,3.9,-14.9,24.9,433,118,1,"89","88","83","71","86","79","77","79","85","84",448,0.9536,19.4561,20.4034,84,0.1875
"230207",0,NA,21645,"No Different Than the National Average Payment","7.8",NA,"No Different Than the National Rate","No Different Than the National Rate","No Different Than the National Value","high","72","109","1","Not Available","Not Available",79,-9.8,-40.2,26.4,69,23,1,"87","86","79","69","81","74","85","75","80","76",65,0.9747,22.7326,23.3223,13,0.2
"230216",0.784,NA,17614,"Less Than the National Average Payment","6.4",NA,"No Different Than the National Rate","No Different Than the National Rate","No Different Than the National Value","high","56","198","6","Not Available","Not Available",455,13.4,-6.7,35.1,367,123,1,"91","89","82","75","88","78","85","82","85","82",421,1.0496,23.4318,22.3238,102,0.242280285035629
"230222",1.873,NA,18841,"No Different Than the National Average Payment","5.2",NA,"No Different Than the National Rate","No Different Than the National Rate","Worse Than the National Value","very high","77","165","1","Not Available","Not Available",503,-9.8,-26.3,7.8,414,139,1,"94","92","88","79","89","83","86","82","91","93",461,0.9559,19.9595,20.8794,89,0.193058568329718
"230227",1.01,NA,20202,"No Different Than the National Average Payment","7.7",NA,"No Different Than the National Rate","No Different Than the National Rate","No Different Than the National Value","high","66","162","2","Not Available","Not Available",507,9.3,-10.5,29.9,405,139,1,"87","88","76","68","83","76","74","70","79","77",445,1.0003,21.3433,21.3363,95,0.213483146067416
"230230",0.443,NA,19230,"No Different Than the National Average Payment","6.6",NA,"No Different Than the National Rate","No Different Than the National Rate","Worse Than the National Value","very high","74","262","2","Not Available","58",590,-0.1,-17.1,20,463,138,1,"91","88","83","77","87","81","81","79","86","86",607,1.0071,21.5029,21.3522,131,0.215815485996705
"230236",0.597,NA,20913,"No Different Than the National Average Payment","9.8",NA,"No Different Than the National Rate","No Different Than the National Rate","Worse Than the National Value","high","88","166","3","Not Available","Not Available",137,-8.3,-31.3,17.5,120,38,1,"92","92","84","77","89","83","83","87","91","91",109,0.9358,18.6705,19.9511,16,0.146788990825688
"230239",NA,NA,16178,"Less Than the National Average Payment","19.5",NA,"No Different Than the National Rate","No Different Than the National Rate","No Different Than the National Value","low","68","166","3","90","93",88,-5.2,-32.3,28.1,69,18,1,"93","91","90","83","90","83","84","82","89","86",80,0.9944,19.2161,19.3237,15,0.1875
"230244",0.69,NA,20642,"No Different Than the National Average Payment","4.2",NA,"No Different Than the National Rate","No Different Than the National Rate","No Different Than the National Value","medium","90","110","1","Not Available","Not Available",210,2.3,-24.2,31.7,168,51,1,"87","87","78","65","79","77","84","79","82","78",192,1.0421,21.9733,21.0847,45,0.234375
"230254",0.674,NA,21198,"Greater Than the National Average Payment","11.1",NA,"No Different Than the National Rate","No Different Than the National Rate","No Different Than the National Value","medium","Not Available","214","2","87","Not Available",359,-4.9,-24.3,17.3,287,88,1,"91","90","82","71","86","81","88","82","89","87",303,0.9548,20.1632,21.1174,58,0.191419141914191
"230259",NA,NA,17404,"Less Than the National Average Payment","5.4",NA,"No Different Than the National Rate","No Different Than the National Rate","No Different Than the National Value","medium","68","226","2","Not Available","95",273,2.8,-18,25.3,228,75,1,"94","92","85","81","90","84","87","82","92","94",201,0.932,18.2177,19.5476,32,0.159203980099502
"230269",0.768,NA,19475,"No Different Than the National Average Payment","4.8",NA,"No Different Than the National Rate","No Different Than the National Rate","No Different Than the National Value","very high","81","213","2","87","97",1683,16.6,4.2,29.3,1262,417,0,"92","90","79","73","85","81","80","76","87","87",1401,1.0763,22.1296,20.5611,315,0.224839400428266
"230270",1.461,NA,20135,"No Different Than the National Average Payment","2.7",NA,"No Different Than the National Rate","No Different Than the National Rate","No Different Than the National Value","medium","83","169","2","87","98",146,27.1,-1.5,58.5,128,54,1,"87","84","76","66","81","75","76","74","81","77",129,1.0754,23.9918,22.3089,36,0.27906976744186
"230273",0.88,NA,21551,"No Different Than the National Average Payment","5.2",NA,"No Different Than the National Rate","No Different Than the National Rate","Worse Than the National Value","high","68","217","9","81","98",134,61.4,27.4,99.7,111,51,0,"81","84","70","63","73","71","75","72","74","70",126,1.1304,26.3937,23.3484,42,0.333333333333333
"230277",1.88,NA,20675,"No Different Than the National Average Payment","13.8",NA,"No Different Than the National Rate","No Different Than the National Rate","No Different Than the National Value","medium","88","168","3","91","98",246,2.7,-21.4,28.8,202,66,1,"89","89","81","71","85","78","78","78","84","83",221,1.0504,22.9004,21.8019,54,0.244343891402715
"230302",0.899,NA,19274,"No Different Than the National Average Payment","6.7",NA,"No Different Than the National Rate","No Different Than the National Rate","No Different Than the National Value","high","94","266","6","98","Not Available",630,29.6,12.7,47.8,502,185,0,"90","91","81","74","84","81","79","85","88","88",557,1.1213,22.1383,19.7436,131,0.235188509874327
"230303",NA,NA,19349,"No Different Than the National Average Payment","2.8",NA,"Number of Cases Too Small","No Different Than the National Rate","No Different Than the National Value","low","92","128","1","73","Not Available",81,-19.5,-42.7,7.6,62,22,1,"93","96","88","81","90","81","91","81","90","86",61,0.9876,19.3803,19.6236,11,0.180327868852459
"240001",0.152,NA,19334,"No Different Than the National Average Payment","3.1",NA,"No Different Than the National Rate","No Different Than the National Rate","No Different Than the National Value","high","91","194","8","91","96",423,5.9,-12.6,26.7,327,106,1,"89","90","79","74","85","79","83","80","86","85",364,1.0592,22.0058,20.7755,84,0.230769230769231
"240002",0.227,NA,20765,"No Different Than the National Average Payment","0.8",NA,"Better Than the National Rate","No Different Than the National Rate","No Different Than the National Value","medium","95","225","4","Not Available","Not Available",391,-17.8,-36.2,2.3,333,102,1,"92","92","84","78","88","82","78","77","86","87",366,0.9156,18.5314,20.2392,62,0.169398907103825
"240004",1.253,NA,17948,"No Different Than the National Average Payment","2.8",NA,"No Different Than the National Rate","No Different Than the National Rate","No Different Than the National Value","very high","88","228","5","Not Available","Not Available",74,3.8,-28.8,42.1,59,25,1,"87","89","76","72","85","79","81","77","84","83",65,0.9835,21.7385,22.1025,13,0.2
"240010",0.467,NA,19631,"No Different Than the National Average Payment","1.7",NA,"Better Than the National Rate","No Different Than the National Rate","Better Than the National Value","very high","72","238","3","Not Available","Not Available",1551,-21.9,-33.5,-9.7,1315,390,2,"94","93","88","81","90","86","89","88","94","95",1278,0.84,17.9571,21.377,218,0.170579029733959
"240018",NA,NA,17330,"No Different Than the National Average Payment","4",NA,"No Different Than the National Rate","No Different Than the National Rate","No Different Than the National Value","low","77","153","2","95","Not Available",76,-2.8,-30.2,32.1,66,22,1,"93","91","92","82","89","82","89","83","90","90",65,0.9888,19.6048,19.8273,12,0.184615384615385
"240022",NA,NA,18092,"No Different Than the National Average Payment","6.4",NA,"Number of Cases Too Small","Number of Cases Too Small","No Different Than the National Value","low","92","136","2","Not Available","Not Available",59,-38.4,-59.2,-11.2,46,16,2,"95","94","88","80","86","82","90","85","90","88",47,1.0274,21.6587,21.0801,12,0.25531914893617
"240030",NA,NA,20054,"No Different Than the National Average Payment","6.2",NA,"No Different Than the National Rate","No Different Than the National Rate","No Different Than the National Value","low","67","126","1","Not Available","90",120,23.4,-4.3,55,97,34,1,"93","93","84","78","89","83","85","82","89","90",92,1.0436,18.7309,17.9487,20,0.217391304347826
"240036",0.279,NA,18748,"No Different Than the National Average Payment","6.2",NA,"No Different Than the National Rate","No Different Than the National Rate","Better Than the National Value","very high","27","228","6","Not Available","93",623,-38.4,-51.7,-24.7,515,152,2,"92","90","86","78","88","81","86","85","89","89",493,0.8624,16.7514,19.4241,73,0.148073022312373
"240038",0.734,NA,19457,"No Different Than the National Average Payment","2.3",NA,"No Different Than the National Rate","No Different Than the National Rate","No Different Than the National Value","high","73","191","4","Not Available","Not Available",567,0.4,-16.1,20,463,130,1,"91","92","83","75","87","81","84","79","86","87",440,0.9351,18.0434,19.2962,75,0.170454545454545
"240043",NA,NA,16846,"Less Than the National Average Payment","3",NA,"No Different Than the National Rate","No Different Than the National Rate","No Different Than the National Value","high","72","154","2","95","Not Available",270,-31.8,-49.4,-10.7,218,67,2,"92","91","84","74","85","80","84","88","87","84",239,0.926,18.0007,19.4392,38,0.158995815899582
"240047",0.339,NA,18488,"No Different Than the National Average Payment","4.3",NA,"No Different Than the National Rate","No Different Than the National Rate","No Different Than the National Value","medium","95","190","5","Not Available","92",176,-6,-27.8,20.1,154,50,1,"92","92","83","80","89","82","81","79","89","90",151,0.9665,18.0247,18.6502,25,0.165562913907285
"240050",NA,NA,18387,"No Different Than the National Average Payment","1.9",NA,"No Different Than the National Rate","No Different Than the National Rate","No Different Than the National Value","medium","80","201","5","Not Available","Not Available",88,7.4,-18.9,37.9,71,29,1,"92","90","85","77","85","80","81","83","87","86",76,0.9999,18.4324,18.4349,14,0.184210526315789
"240053",0,NA,18161,"Less Than the National Average Payment","2",NA,"No Different Than the National Rate","No Different Than the National Rate","No Different Than the National Value","very high","67","254","3","91","Not Available",747,1.6,-12.1,16.3,607,185,1,"91","92","85","75","85","81","86","84","90","91",590,1.1303,18.999,16.809,120,0.203389830508475
"240056",0,NA,19490,"No Different Than the National Average Payment","0.6",NA,"No Different Than the National Rate","No Different Than the National Rate","No Different Than the National Value","high","65","137","2","Not Available","Not Available",217,-13.4,-32.3,7.6,176,58,1,"94","94","87","78","90","84","82","86","92","94",158,0.943,16.9366,17.9598,23,0.145569620253165
"240057",0.465,NA,21152,"Greater Than the National Average Payment","4.8",NA,"No Different Than the National Rate","No Different Than the National Rate","No Different Than the National Value","high","72","190","5","Not Available","Not Available",778,-13.5,-27.2,1.2,657,178,1,"92","91","82","75","86","82","83","82","88","88",636,0.8986,17.4443,19.4124,104,0.163522012578616
"240066",NA,NA,17970,"No Different Than the National Average Payment","5.7",NA,"No Different Than the National Rate","No Different Than the National Rate","No Different Than the National Value","low","69","158","1","95","Not Available",173,-8.3,-28.2,15.4,151,39,1,"94","95","91","82","92","85","89","86","93","94",126,0.9888,16.44,16.6258,20,0.158730158730159
"240075",NA,NA,18177,"No Different Than the National Average Payment","4.3",NA,"No Different Than the National Rate","No Different Than the National Rate","No Different Than the National Value","medium","89","107","1","Not Available","Not Available",199,-8,-27.7,15.1,167,71,1,"93","93","86","78","90","82","83","85","88","87",167,1.0352,20.1905,19.5044,36,0.215568862275449
"240076",NA,NA,18135,"No Different Than the National Average Payment","2.5",NA,"No Different Than the National Rate","No Different Than the National Rate","No Different Than the National Value","low","74","138","1","Not Available","Not Available",98,-9.7,-36.1,21.6,79,20,1,"93","93","87","81","90","83","84","87","90","89",76,1.0052,19.2863,19.1861,15,0.197368421052632
"240078",0.443,NA,19689,"No Different Than the National Average Payment","3.5",NA,"No Different Than the National Rate","No Different Than the National Rate","No Different Than the National Value","high","84","216","6","Not Available","Not Available",525,-34.3,-48.3,-18.4,437,117,2,"90","90","81","73","84","81","82","84","88","87",428,0.8964,17.7876,19.8444,69,0.161214953271028
"240080",0.753,NA,20414,"No Different Than the National Average Payment","1.1",NA,"No Different Than the National Rate","No Different Than the National Rate","No Different Than the National Value","low","85","179","0","Not Available","Not Available",221,19.2,-10.5,54.2,187,56,1,"90","90","82","75","89","82","81","79","87","88",160,0.9237,20.8692,22.5937,28,0.175
"240088",NA,NA,19536,"No Different Than the National Average Payment","2.9",NA,"No Different Than the National Rate","No Different Than the National Rate","No Different Than the National Value","low","30","150","2","Not Available","94",82,1.8,-26,38.6,68,25,1,"92","92","85","77","84","81","86","86","88","83",78,1.085,20.0844,18.5106,21,0.269230769230769
"240093",0,NA,18628,"No Different Than the National Average Payment","0.5",NA,"No Different Than the National Rate","No Different Than the National Rate","No Different Than the National Value","medium","63","198","4","Not Available","98",392,-31.6,-48.7,-12.8,323,89,2,"93","91","88","78","88","83","86","83","89","89",305,0.9005,17.9809,19.9685,48,0.157377049180328
"240100",0.94,NA,19513,"No Different Than the National Average Payment","7.7",NA,"No Different Than the National Rate","No Different Than the National Rate","No Different Than the National Value","medium","82","178","4","Not Available","Not Available",188,15,-13.9,45.2,164,46,1,"92","91","86","80","89","81","82","80","87","85",163,0.9044,18.8164,20.806,24,0.147239263803681
"240101",NA,NA,17482,"No Different Than the National Average Payment","6",NA,"No Different Than the National Rate","No Different Than the National Rate","No Different Than the National Value","low","90","159","3","Not Available","Not Available",85,-12.4,-38.6,20.9,73,25,1,"92","91","87","79","88","81","89","87","88","88",60,1.0164,19.8802,19.5585,13,0.216666666666667
"240104",NA,NA,17735,"No Different Than the National Average Payment","2.3",NA,"No Different Than the National Rate","No Different Than the National Rate","No Different Than the National Value","low","72","175","1","Not Available","Not Available",135,4.9,-21.6,34.6,106,29,1,"92","93","80","76","90","83","80","86","88","88",109,0.9242,17.5582,18.998,14,0.128440366972477
"240106",0.647,NA,18920,"No Different Than the National Average Payment","4.8",NA,"No Different Than the National Rate","No Different Than the National Rate","No Different Than the National Value","very high","68","230","5","86","Not Available",386,13.4,-7.4,37.1,322,95,1,"91","92","82","72","88","81","85","81","88","89",342,1.0379,19.4616,18.7512,69,0.201754385964912
"240115",0.387,NA,18424,"Less Than the National Average Payment","1",NA,"No Different Than the National Rate","No Different Than the National Rate","No Different Than the National Value","very high","75","172","4","Not Available","Not Available",742,-11.2,-25.5,4.1,583,171,1,"91","91","83","77","89","82","86","81","88","88",589,0.8679,16.3187,18.8024,87,0.147707979626486
"240207",0,NA,18121,"Less Than the National Average Payment","3.6",NA,"No Different Than the National Rate","No Different Than the National Rate","No Different Than the National Value","very high","85","207","6","Not Available","Not Available",352,-2.8,-22,17.8,292,76,1,"90","91","82","77","86","80","79","79","85","84",265,0.9019,16.0635,17.8115,36,0.135849056603774
"240210",0,NA,19648,"No Different Than the National Average Payment","4",NA,"No Different Than the National Rate","No Different Than the National Rate","No Different Than the National Value","high","88","189","3","Not Available","Not Available",438,5.2,-13,25.7,361,113,1,"90","89","81","73","86","80","83","74","86","84",318,1.0739,20.2194,18.8287,69,0.216981132075472
"240213",0,NA,19063,"No Different Than the National Average Payment","2.4",NA,"No Different Than the National Rate","No Different Than the National Rate","No Different Than the National Value","low","88","159","0","Not Available","Not Available",193,9.9,-13.7,39.7,169,45,1,"91","90","83","74","88","82","82","78","85","85",157,0.9955,18.6586,18.7428,29,0.184713375796178
"240214",0.566,NA,17462,"Less Than the National Average Payment","0.4",NA,"No Different Than the National Rate","No Different Than the National Rate","No Different Than the National Value","high","90","172","4","97","100",151,-11.7,-32.8,14.3,131,41,1,"91","92","84","78","87","81","85","88","90","91",119,0.9929,18.0314,18.1596,21,0.176470588235294
"250001",1.047,NA,19981,"No Different Than the National Average Payment","16.9",NA,"No Different Than the National Rate","No Different Than the National Rate","No Different Than the National Value","very high","100","182","8","Not Available","Not Available",356,39.1,14.6,67.2,287,94,0,"90","93","80","75","83","80","84","85","88","88",326,1.0154,20.8514,20.5357,69,0.211656441717791
"250004",0.468,NA,20776,"Greater Than the National Average Payment","9",NA,"No Different Than the National Rate","No Different Than the National Rate","No Different Than the National Value","very high","73","215","5","Not Available","Not Available",916,-6.3,-18.9,7,790,239,1,"90","92","82","72","83","80","80","85","86","85",813,1.0149,20.5421,20.2406,168,0.206642066420664
"250006",NA,NA,19776,"No Different Than the National Average Payment","12.4",NA,"No Different Than the National Rate","No Different Than the National Rate","No Different Than the National Value","medium","69","146","3","Not Available","Not Available",140,-6.3,-28.6,20.7,124,38,1,"94","94","87","83","90","85","88","89","92","92",113,0.9594,17.3937,18.129,17,0.150442477876106
"250007",NA,NA,19869,"No Different Than the National Average Payment","5.9",NA,"No Different Than the National Rate","No Different Than the National Rate","No Different Than the National Value","medium","38","154","4","Not Available","14",64,26.5,-3.6,64.3,57,25,1,"87","88","73","70","82","77","77","81","79","75",62,1.0427,19.7828,18.9728,15,0.241935483870968
"250009",0,NA,19281,"No Different Than the National Average Payment","2.6",NA,"No Different Than the National Rate","No Different Than the National Rate","No Different Than the National Value","medium","48","157","2","99","100",411,-1.9,-19.6,16.8,333,117,1,"92","94","86","75","89","84","80","86","88","88",343,0.9988,21.0155,21.0415,72,0.209912536443149
"250019",0.408,NA,23865,"Greater Than the National Average Payment","10",NA,"Worse Than the National Rate","No Different Than the National Rate","Worse Than the National Value","very high","62","171","7","Not Available","Not Available",767,24.7,8.3,42.4,568,225,0,"92","91","86","79","86","81","78","84","87","88",654,1.1774,25.7729,21.8894,180,0.275229357798165
"250031",1.24,NA,23769,"Greater Than the National Average Payment","5.3",NA,"No Different Than the National Rate","No Different Than the National Rate","No Different Than the National Value","medium","31","124","0","Not Available","Not Available",260,12.2,-11.1,35.9,215,70,1,"88","90","76","73","82","76","82","84","81","77",229,1.0281,19.7245,19.1852,47,0.205240174672489
"250034",1.933,NA,19472,"No Different Than the National Average Payment","6.6",NA,"No Different Than the National Rate","No Different Than the National Rate","No Different Than the National Value","high","40","137","2","99","Not Available",758,5.9,-9.6,22.3,586,204,1,"92","93","84","77","89","83","78","88","91","91",617,1.0503,21.0244,20.0175,133,0.215559157212318
"250040",0.598,NA,20662,"No Different Than the National Average Payment","8",NA,"No Different Than the National Rate","No Different Than the National Rate","Worse Than the National Value","very high","67","177","8","Not Available","69",568,5.6,-11.1,23.6,450,165,1,"92","91","85","77","85","82","87","86","89","88",527,1.0485,21.5947,20.5952,117,0.222011385199241
"250048",1.251,NA,19296,"No Different Than the National Average Payment","8.5",NA,"Worse Than the National Rate","No Different Than the National Rate","No Different Than the National Value","high","88","249","4","Not Available","97",712,27.9,10.9,46.3,601,213,0,"89","92","79","72","81","80","76","87","87","87",645,1.0031,19.5036,19.4441,126,0.195348837209302
"250057",NA,NA,20815,"No Different Than the National Average Payment","2.4",NA,"No Different Than the National Rate","No Different Than the National Rate","No Different Than the National Value","medium","60","147","2","69","66",80,-15.7,-40.4,13.1,68,20,1,"95","94","88","83","92","85","91","88","93","92",68,1.0031,18.8177,18.7592,13,0.191176470588235
"250058",1.074,NA,16560,"Less Than the National Average Payment","5.6",NA,"No Different Than the National Rate","No Different Than the National Rate","Worse Than the National Value","high","55","157","2","Not Available","96",225,21.1,-1.1,46.2,178,69,1,"90","91","83","73","86","80","81","85","88","85",195,1.106,21.6603,19.5846,49,0.251282051282051
"250069",NA,NA,23086,"Greater Than the National Average Payment","11.5",NA,"Worse Than the National Rate","No Different Than the National Rate","No Different Than the National Value","medium","87","154","1","Not Available","Not Available",143,-13.2,-32.3,11,133,45,1,"90","92","80","75","87","79","82","86","86","85",106,1.0208,17.6268,17.2681,20,0.188679245283019
"250078",1.217,NA,20445,"No Different Than the National Average Payment","1.5",NA,"No Different Than the National Rate","No Different Than the National Rate","No Different Than the National Value","very high","37","208","1","Not Available","Not Available",736,16.8,-0.4,33.9,598,206,1,"91","92","82","77","84","81","81","87","89","89",673,1.108,23.3235,21.0498,164,0.243684992570579
"250082",NA,NA,20237,"No Different Than the National Average Payment","6.9",NA,"No Different Than the National Rate","No Different Than the National Rate","No Different Than the National Value","medium","43","380","14","17","28",144,9.1,-14.6,35.8,117,53,1,"88","92","81","74","82","77","84","88","86","82",151,1.1223,21.3579,19.0304,40,0.264900662251656
"250084",NA,NA,21869,"Greater Than the National Average Payment","1.9",NA,"No Different Than the National Rate","No Different Than the National Rate","No Different Than the National Value","low","46","188","4","Not Available","Not Available",129,15.6,-10.9,47.2,105,43,1,"90","90","79","72","83","78","84","87","82","78",131,1.05,21.1466,20.1404,31,0.236641221374046
"250093",NA,NA,20542,"No Different Than the National Average Payment","6",NA,"No Different Than the National Rate","No Different Than the National Rate","No Different Than the National Value","low","82","120","5","87","93",109,31.2,0.4,69.7,87,27,0,"92","95","85","77","78","80","84","87","86","83",89,1.0216,21.9503,21.4861,21,0.235955056179775
"250094",1.134,NA,20384,"No Different Than the National Average Payment","4.5",NA,"No Different Than the National Rate","No Different Than the National Rate","No Different Than the National Value","medium","58","156","1","98","100",189,51.7,22,84.1,158,59,0,"90","90","79","76","85","80","80","88","87","87",179,1.0951,21.7109,19.8261,45,0.251396648044693
"250097",0,NA,19588,"No Different Than the National Average Payment","4",NA,"No Different Than the National Rate","No Different Than the National Rate","No Different Than the National Value","medium","67","129","1","Not Available","Not Available",157,1.9,-19.6,27.6,131,49,1,"91","90","86","75","87","79","84","87","87","83",149,1.132,21.3065,18.8224,40,0.268456375838926
"250099",NA,NA,19217,"No Different Than the National Average Payment","7.9",NA,"No Different Than the National Rate","No Different Than the National Rate","No Different Than the National Value","medium","95","153","6","58","Not Available",93,-8.5,-34.1,22.4,85,23,1,"Not Available","Not Available","Not Available","Not Available","Not Available","Not Available","Not Available","Not Available","Not Available","Not Available",103,0.9292,17.2174,18.53,13,0.12621359223301
"250100",0,NA,17551,"Less Than the National Average Payment","10.6",NA,"No Different Than the National Rate","No Different Than the National Rate","No Different Than the National Value","very high","91","138","1","97","Not Available",385,-21.6,-37.1,-5.8,317,115,2,"92","93","86","76","89","82","85","90","89","89",290,1.004,19.2188,19.1415,56,0.193103448275862
"250102",0.644,NA,20166,"No Different Than the National Average Payment","7.9",NA,"No Different Than the National Rate","Worse Than the National Rate","Worse Than the National Value","high","84","206","8","90","Not Available",845,6.5,-9.6,23,683,198,1,"91","92","82","75","83","81","81","88","89","90",776,0.9382,18.5835,19.8079,140,0.180412371134021
"250104",2.245,NA,21093,"Greater Than the National Average Payment","5.4",NA,"No Different Than the National Rate","No Different Than the National Rate","No Different Than the National Value","medium","89","199","7","93","96",361,-6.3,-25.8,16,290,86,1,"92","92","84","80","88","81","79","87","90","90",305,0.9257,19.3894,20.9459,54,0.177049180327869
"250117",NA,NA,19802,"No Different Than the National Average Payment","12",NA,"Number of Cases Too Small","No Different Than the National Rate","No Different Than the National Value","medium","57","138","3","Not Available","Not Available",71,-11.7,-36.4,14.5,61,31,1,"Not Available","Not Available","Not Available","Not Available","Not Available","Not Available","Not Available","Not Available","Not Available","Not Available",71,1.0325,19.5684,18.9523,16,0.225352112676056
"250123",NA,NA,20444,"No Different Than the National Average Payment","10.5",NA,"No Different Than the National Rate","No Different Than the National Rate","No Different Than the National Value","high","64","140","1","Not Available","76",104,10.1,-16.8,44.3,91,33,1,"90","91","85","74","82","79","87","84","88","86",72,1.0745,19.7968,18.4234,19,0.263888888888889
"250141",0.191,NA,19278,"No Different Than the National Average Payment","1.4",NA,"No Different Than the National Rate","No Different Than the National Rate","No Different Than the National Value","very high","92","252","4","98","Not Available",723,36,16.7,56.2,586,194,0,"87","89","75","72","82","77","78","83","84","85",670,1.0712,22.1398,20.6683,153,0.228358208955224
"250167",NA,NA,17817,"Less Than the National Average Payment","3.6",NA,"Number of Cases Too Small","No Different Than the National Rate","No Different Than the National Value","medium","97","196","3","Not Available","95",203,-28.8,-46.6,-7.6,172,59,2,"91","91","83","75","84","80","86","87","90","91",153,0.964,19.2312,19.9491,27,0.176470588235294
"250168",NA,NA,19687,"No Different Than the National Average Payment","12.2",NA,"No Different Than the National Rate","No Different Than the National Rate","No Different Than the National Value","Not Available","95","113","Not Available","Not Available","Not Available",93,-7.6,-31.5,22.3,75,28,1,"92","95","84","81","88","82","89","89","87","84",52,1.0455,19.4023,18.5581,13,0.25
"260001",0.876,NA,19223,"No Different Than the National Average Payment","8.2",NA,"No Different Than the National Rate","No Different Than the National Rate","No Different Than the National Value","medium","95","256","8","92","99",365,13.3,-7.9,35.1,297,110,1,"89","89","81","71","85","79","83","81","87","87",324,1.1021,23.2404,21.0871,82,0.253086419753086
"260005",1.203,NA,21369,"Greater Than the National Average Payment","2.7",NA,"No Different Than the National Rate","No Different Than the National Rate","No Different Than the National Value","medium","84","154","2","Not Available","Not Available",280,28.2,3.9,55.9,225,86,0,"92","90","81","71","86","81","82","79","88","87",243,0.9844,19.7688,20.0812,47,0.193415637860082
"260006",1.314,NA,18548,"Less Than the National Average Payment","2.2",NA,"Worse Than the National Rate","No Different Than the National Rate","No Different Than the National Value","high","96","176","5","79","97",632,-18.7,-34,-2.6,507,168,2,"92","92","80","76","89","82","86","81","88","86",542,0.9169,19.1441,20.8798,98,0.180811808118081
"260009",NA,NA,18474,"No Different Than the National Average Payment","5",NA,"No Different Than the National Rate","No Different Than the National Rate","No Different Than the National Value","medium","92","181","4","95","98",216,16.3,-6.3,41.9,167,62,1,"90","92","84","75","89","80","89","80","87","84",186,1.0375,19.6624,18.951,39,0.209677419354839
"260011",1.944,NA,19084,"No Different Than the National Average Payment","2.9",NA,"No Different Than the National Rate","No Different Than the National Rate","No Different Than the National Value","medium","84","164","2","Not Available","Not Available",158,9.2,-12.7,34.3,130,51,1,"90","90","81","73","87","81","86","83","88","88",130,1.0929,20.1142,18.405,32,0.246153846153846
"260017",4.317,NA,20653,"No Different Than the National Average Payment","2.4",NA,"No Different Than the National Rate","No Different Than the National Rate","No Different Than the National Value","medium","70","228","4","Not Available","Not Available",318,5.8,-15.1,28.7,266,91,1,"93","91","86","77","89","81","87","84","90","88",262,0.9754,20.4871,21.0036,52,0.198473282442748
"260020",0.78,NA,20722,"Greater Than the National Average Payment","7.2",NA,"No Different Than the National Rate","Worse Than the National Rate","No Different Than the National Value","very high","94","225","4","95","Not Available",909,13.9,-3,30.8,745,212,1,"90","89","76","69","82","78","75","82","86","86",738,0.9615,18.7782,19.5292,136,0.184281842818428
"260022",NA,NA,21455,"No Different Than the National Average Payment","4.8",NA,"No Different Than the National Rate","No Different Than the National Rate","No Different Than the National Value","low","56","154","2","100","100",91,-15.3,-40.6,15.2,81,25,1,"91","90","84","72","86","77","79","81","84","81",71,1.0219,20.5096,20.0704,16,0.225352112676056
"260023",1.063,NA,21012,"No Different Than the National Average Payment","5.5",NA,"No Different Than the National Rate","No Different Than the National Rate","No Different Than the National Value","medium","96","178","1","Not Available","99",334,15.2,-7.2,40,274,92,1,"91","90","80","72","87","79","89","84","89","88",326,1.019,21.6904,21.2854,72,0.220858895705521
"260024",NA,NA,18036,"No Different Than the National Average Payment","6.9",NA,"Not Available","Number of Cases Too Small","No Different Than the National Value","low","84","115","1","Not Available","Not Available",47,13.7,-13.4,48.7,43,13,1,"96","92","89","75","89","82","97","88","90","87",38,1.0771,18.8619,17.511,12,0.315789473684211
"260025",NA,NA,20194,"No Different Than the National Average Payment","2.1",NA,"No Different Than the National Rate","No Different Than the National Rate","No Different Than the National Value","medium","87","153","2","83","89",276,21.2,-0.4,45.2,227,89,1,"91","89","82","71","86","79","82","77","87","86",245,1.1207,22.5708,20.1398,63,0.257142857142857
"260027",0.432,NA,20403,"No Different Than the National Average Payment","2.5",NA,"No Different Than the National Rate","No Different Than the National Rate","No Different Than the National Value","very high","55","81","1","89","99",177,20,-8.9,52.6,147,48,1,"86","88","74","71","86","78","82","78","83","81",166,0.9809,21.2753,21.6897,34,0.204819277108434
"260032",0.703,NA,19984,"No Different Than the National Average Payment","4.4",NA,"No Different Than the National Rate","No Different Than the National Rate","No Different Than the National Value","very high","95","318","9","Not Available","97",772,45.2,24.6,66.4,624,227,0,"93","93","84","79","91","84","83","82","91","92",671,1.1306,25.104,22.2037,177,0.263785394932936
"260040",0.742,NA,19411,"No Different Than the National Average Payment","9.5",NA,"No Different Than the National Rate","No Different Than the National Rate","No Different Than the National Value","very high","96","229","4","91","97",590,25.8,6.8,45.6,496,153,0,"90","89","82","72","87","80","82","77","87","88",526,0.9819,19.05,19.4009,99,0.188212927756654
"260047",1.947,NA,18414,"No Different Than the National Average Payment","6",NA,"No Different Than the National Rate","No Different Than the National Rate","No Different Than the National Value","medium","Not Available","170","1","Not Available","Not Available",207,-3.3,-22.8,18.4,178,61,1,"92","92","85","74","87","80","89","83","89","89",193,1.041,19.3624,18.5992,40,0.207253886010363
"260052",1.664,NA,19884,"No Different Than the National Average Payment","5.8",NA,"No Different Than the National Rate","No Different Than the National Rate","No Different Than the National Value","medium","95","164","1","Not Available","99",258,2.4,-17.7,24,212,68,1,"90","90","75","73","86","79","77","75","84","82",210,1.0726,20.6488,19.2516,48,0.228571428571429
"260062",0.827,NA,19398,"No Different Than the National Average Payment","3.2",NA,"No Different Than the National Rate","No Different Than the National Rate","No Different Than the National Value","high","86","161","4","Not Available","Not Available",294,2.3,-18.1,25.8,247,79,1,"92","91","84","78","89","83","89","85","90","90",235,1.008,19.7754,19.6187,47,0.2
"260065",0.63,NA,18761,"No Different Than the National Average Payment","3",NA,"Better Than the National Rate","No Different Than the National Rate","No Different Than the National Value","very high","93","269","13","Not Available","Not Available",772,-11,-25.8,4.5,644,178,1,"90","88","79","70","86","79","80","79","85","85",714,0.952,18.9427,19.8976,132,0.184873949579832
"260068",1.152,NA,20567,"No Different Than the National Average Payment","3.8",NA,"No Different Than the National Rate","No Different Than the National Rate","No Different Than the National Value","medium","92","182","0","Not Available","Not Available",605,-18.3,-32.4,-2,515,147,2,"91","91","83","74","87","81","85","85","90","92",500,0.9051,18.1085,20.0072,84,0.168
"260077",0.732,NA,19307,"No Different Than the National Average Payment","7.3",NA,"Better Than the National Rate","No Different Than the National Rate","No Different Than the National Value","very high","90","224","9","95","99",816,8.7,-8.4,27,655,194,1,"86","88","73","66","81","78","70","78","81","80",780,0.9395,18.9919,20.2143,144,0.184615384615385
"260078",NA,NA,19246,"No Different Than the National Average Payment","2.5",NA,"No Different Than the National Rate","No Different Than the National Rate","Worse Than the National Value","low","80","163","4","Not Available","Not Available",218,-12.3,-32.4,11.3,187,64,1,"90","90","82","75","81","78","82","81","86","83",186,0.9383,18.9337,20.1791,31,0.166666666666667
"260081",1.175,NA,18604,"No Different Than the National Average Payment","2.1",NA,"No Different Than the National Rate","No Different Than the National Rate","No Different Than the National Value","medium","80","221","2","Not Available","Not Available",418,12.1,-8.2,33.6,337,114,1,"92","90","82","70","84","81","77","86","89","90",358,1.0556,21.6018,20.4636,81,0.226256983240223
"260085",1.575,NA,19823,"No Different Than the National Average Payment","2.8",NA,"No Different Than the National Rate","No Different Than the National Rate","No Different Than the National Value","low","63","154","1","Not Available","Not Available",182,-8.4,-31.2,18.1,154,47,1,"88","88","80","71","84","77","88","78","85","84",157,0.9765,19.4756,19.9436,29,0.184713375796178
"260091",0.139,NA,19532,"No Different Than the National Average Payment","3.1",NA,"No Different Than the National Rate","No Different Than the National Rate","No Different Than the National Value","very high","87","175","4","Not Available","Not Available",360,40.6,17.5,65.9,277,113,0,"90","89","79","72","81","79","78","82","85","84",316,1.1683,23.5467,20.1547,85,0.268987341772152
"260094",0,NA,19228,"No Different Than the National Average Payment","6.9",NA,"No Different Than the National Rate","No Different Than the National Rate","No Different Than the National Value","high","94","218","5","94","97",269,4.5,-18.7,32.3,229,69,1,"93","92","85","80","90","83","89","81","89","89",238,0.9208,19.1111,20.7547,40,0.168067226890756
"260095",0,NA,22410,"Greater Than the National Average Payment","0.9",NA,"No Different Than the National Rate","No Different Than the National Rate","No Different Than the National Value","high","71","170","2","95","97",341,15.8,-5.5,40.4,290,105,1,"90","86","80","70","86","79","88","83","85","82",279,0.995,20.9092,21.014,58,0.207885304659498
"260096",0.78,NA,19845,"No Different Than the National Average Payment","7.9",NA,"No Different Than the National Rate","No Different Than the National Rate","No Different Than the National Value","very high","98","183","5","Not Available","Not Available",754,-21.9,-35.8,-6.6,610,171,2,"91","91","82","77","90","82","87","84","90","91",644,0.909,18.839,20.7247,115,0.178571428571429
"260097",NA,NA,19460,"No Different Than the National Average Payment","4",NA,"No Different Than the National Rate","No Different Than the National Rate","No Different Than the National Value","medium","93","160","3","Not Available","81",88,29.5,-0.6,64.3,72,32,1,"91","91","84","77","86","82","89","85","87","85",82,1.0072,18.9402,18.8046,16,0.195121951219512
"260104",1.463,NA,19623,"No Different Than the National Average Payment","3.6",NA,"No Different Than the National Rate","No Different Than the National Rate","No Different Than the National Value","high","79","222","5","Not Available","Not Available",354,-9.2,-29.7,12.9,295,88,1,"86","87","72","64","77","75","77","78","81","77",325,0.9129,19.7365,21.6198,58,0.178461538461538
"260105",0.751,NA,20868,"No Different Than the National Average Payment","3.2",NA,"No Different Than the National Rate","No Different Than the National Rate","No Different Than the National Value","high","58","356","2","Not Available","Not Available",129,39.3,6.9,76.5,109,48,0,"88","89","77","72","83","79","80","83","86","85",117,1.1093,26.1182,23.5454,38,0.324786324786325
"260108",0.48,NA,18682,"Less Than the National Average Payment","4.5",NA,"No Different Than the National Rate","No Different Than the National Rate","No Different Than the National Value","high","96","254","5","Not Available","98",998,5.9,-9,21,811,221,1,"93","93","87","78","89","85","82","82","91","92",857,0.9892,20.0383,20.2578,171,0.19953325554259
"260110",0,NA,18108,"No Different Than the National Average Payment","17",NA,"No Different Than the National Rate","No Different Than the National Rate","No Different Than the National Value","medium","86","195","7","Not Available","Not Available",244,21.8,-2.1,49.2,206,61,1,"90","89","82","74","88","80","80","83","85","86",210,0.8675,16.7792,19.3425,26,0.123809523809524
"260113",NA,NA,18675,"No Different Than the National Average Payment","4.5",NA,"No Different Than the National Rate","No Different Than the National Rate","No Different Than the National Value","medium","90","190","8","89","94",136,-26.5,-47.9,-1,117,38,2,"90","92","83","73","84","79","87","85","85","82",135,0.9596,19.8151,20.6484,24,0.177777777777778
"260119",0.414,NA,19668,"No Different Than the National Average Payment","6.7",NA,"No Different Than the National Rate","No Different Than the National Rate","No Different Than the National Value","high","55","192","4","Not Available","Not Available",343,-4.4,-23.2,15.6,285,106,1,"89","88","78","72","80","77","87","83","82","79",304,0.9796,19.8594,20.273,59,0.194078947368421
"260137",0.985,NA,19215,"No Different Than the National Average Payment","3.4",NA,"No Different Than the National Rate","No Different Than the National Rate","No Different Than the National Value","medium","93","256","12","57","62",502,19,-0.3,41.1,405,135,1,"89","90","79","73","87","80","83","80","88","87",431,0.9029,18.7455,20.7626,74,0.17169373549884
"260138",0.567,NA,21902,"Greater Than the National Average Payment","0.5",NA,"No Different Than the National Rate","No Different Than the National Rate","No Different Than the National Value","high","91","228","6","Not Available","Not Available",609,0.9,-16.7,19.6,496,158,1,"93","92","85","79","90","84","91","87","91","92",562,0.925,19.4282,21.0026,104,0.185053380782918
"260141",0.888,NA,18829,"No Different Than the National Average Payment","5.2",NA,"No Different Than the National Rate","No Different Than the National Rate","No Different Than the National Value","very high","86","183","3","Not Available","Not Available",359,-12.1,-30.3,8.2,305,108,1,"91","88","83","76","86","80","84","86","89","90",310,1.0252,21.3942,20.8689,68,0.219354838709677
"260142",NA,NA,17627,"No Different Than the National Average Payment","4.9",NA,"Not Available","No Different Than the National Rate","No Different Than the National Value","low","76","83","1","58","73",47,-0.4,-25.8,31.4,39,18,1,"93","93","90","79","92","83","84","85","89","85",47,1.0356,18.5418,17.9044,11,0.234042553191489
"260163",NA,NA,18352,"No Different Than the National Average Payment","3.2",NA,"No Different Than the National Rate","No Different Than the National Rate","No Different Than the National Value","medium","94","202","5","95","97",243,-24.7,-44.3,-3.4,200,65,2,"92","91","85","74","89","83","87","81","88","86",211,0.9581,20.3234,21.2122,40,0.18957345971564
"260175",NA,NA,18985,"No Different Than the National Average Payment","2.5",NA,"No Different Than the National Rate","No Different Than the National Rate","No Different Than the National Value","low","86","144","4","97","98",119,-8.2,-34.1,21.6,105,35,1,"92","93","85","80","89","82","86","83","89","88",98,0.9872,20.2648,20.5266,19,0.193877551020408
"260176",NA,NA,19040,"No Different Than the National Average Payment","10.1",NA,"No Different Than the National Rate","No Different Than the National Rate","No Different Than the National Value","low","80","152","1","90","88",59,39.6,1.8,84.4,54,19,0,"93","93","86","79","88","83","89","85","91","91",62,1.0293,21.0825,20.4822,15,0.241935483870968
"260177",0.607,NA,20930,"No Different Than the National Average Payment","Not Available",NA,"No Different Than the National Rate","No Different Than the National Rate","No Different Than the National Value","Not Available","91","Not Available","Not Available","93","Not Available",326,16.6,-4.6,38.3,263,87,1,"92","90","85","75","89","81","87","82","89","89",262,0.892,16.538,18.5404,36,0.137404580152672
"260179",0.428,NA,20187,"No Different Than the National Average Payment","7",NA,"No Different Than the National Rate","Worse Than the National Rate","No Different Than the National Value","medium","87","209","3","Not Available","96",806,16.2,-0.6,33.8,618,201,1,"92","92","82","76","90","84","87","83","92","93",649,1.0447,20.1992,19.3353,134,0.206471494607088
"260180",1.937,NA,19475,"No Different Than the National Average Payment","2.2",NA,"No Different Than the National Rate","No Different Than the National Rate","No Different Than the National Value","very high","96","223","6","92","99",455,20.9,-0.2,43.6,375,133,1,"92","92","85","79","88","82","86","90","89","86",425,1.0525,23.1667,22.012,102,0.24
"260183",0.359,NA,18673,"No Different Than the National Average Payment","3.8",NA,"No Different Than the National Rate","No Different Than the National Rate","No Different Than the National Value","low","92","221","1","Not Available","Not Available",407,-38.5,-54.3,-19.7,336,95,2,"90","92","78","74","86","82","82","85","89","90",339,0.9095,19.2606,21.1765,59,0.174041297935103
"260186",NA,NA,19207,"No Different Than the National Average Payment","1.9",NA,"No Different Than the National Rate","No Different Than the National Rate","No Different Than the National Value","medium","92","156","3","98","98",248,-10.7,-29.6,11.1,216,78,1,"92","92","86","74","87","80","84","82","89","88",206,0.9687,19.9572,20.6023,39,0.189320388349515
"260190",0.601,NA,19159,"No Different Than the National Average Payment","2.1",NA,"No Different Than the National Rate","No Different Than the National Rate","No Different Than the National Value","medium","58","164","1","97","99",140,-2.1,-28.1,28.7,114,29,1,"89","88","82","71","85","78","85","83","86","86",126,1.0173,20.5167,20.1674,27,0.214285714285714
"260191",1.206,NA,19237,"No Different Than the National Average Payment","3.4",NA,"No Different Than the National Rate","No Different Than the National Rate","No Different Than the National Value","medium","95","232","3","Not Available","97",240,4.2,-18.1,28.9,207,64,1,"93","93","83","76","91","83","70","83","89","89",186,1.0752,22.0893,20.5435,46,0.247311827956989
"260193",NA,NA,18098,"No Different Than the National Average Payment","4.5",NA,"No Different Than the National Rate","No Different Than the National Rate","No Different Than the National Value","medium","92","134","3","Not Available","Not Available",115,7,-20.4,38.3,102,35,1,"89","88","83","69","84","80","89","83","87","86",105,1.0009,18.9909,18.9735,20,0.19047619047619
"260195",NA,NA,19821,"No Different Than the National Average Payment","5.4",NA,"No Different Than the National Rate","No Different Than the National Rate","No Different Than the National Value","low","90","179","4","79","81",72,-27.6,-50.2,-0.5,67,20,2,"91","92","85","73","90","81","91","80","89","88",72,0.9919,18.7988,18.9521,13,0.180555555555556
"260200",1.306,NA,19547,"No Different Than the National Average Payment","3.1",NA,"No Different Than the National Rate","No Different Than the National Rate","No Different Than the National Value","medium","89","236","3","Not Available","Not Available",387,1,-16.9,22.5,312,119,1,"91","88","82","73","85","82","73","84","86","86",343,1.0328,21.8087,21.1162,77,0.224489795918367
"260214",NA,NA,17807,"No Different Than the National Average Payment","2.9",NA,"No Different Than the National Rate","No Different Than the National Rate","No Different Than the National Value","medium","60","109","1","100","100",83,-7.9,-34.5,24.3,74,22,1,"87","86","79","70","81","76","81","79","82","79",62,1.0105,21.4403,21.218,14,0.225806451612903
"260216",0.668,NA,18579,"Less Than the National Average Payment","5.1",NA,"No Different Than the National Rate","No Different Than the National Rate","No Different Than the National Value","high","88","253","6","Not Available","Not Available",794,-8.4,-22.8,6.4,631,198,1,"92","91","82","77","87","82","84","85","90","91",656,0.9841,19.9794,20.3013,130,0.198170731707317
"260219",NA,NA,19287,"No Different Than the National Average Payment","6.9",NA,"No Different Than the National Rate","No Different Than the National Rate","No Different Than the National Value","medium","95","195","5","Not Available","Not Available",121,46.1,13.7,84.2,111,28,0,"92","91","84","75","88","82","78","83","89","90",84,0.957,18.9102,19.7592,13,0.154761904761905
"270003",NA,NA,16012,"Less Than the National Average Payment","4.3",NA,"No Different Than the National Rate","No Different Than the National Rate","No Different Than the National Value","medium","54","204","3","Not Available","91",233,-17,-35.5,4.1,190,55,1,"92","92","87","79","86","80","82","84","86","83",183,0.9424,17.3984,18.4618,28,0.153005464480874
"270004",0.451,NA,20825,"Greater Than the National Average Payment","6.3",NA,"No Different Than the National Rate","No Different Than the National Rate","No Different Than the National Value","high","61","172","3","Not Available","97",471,4.7,-13.1,23.4,410,120,1,"91","91","84","76","87","81","82","84","88","89",414,0.8584,16.8897,19.6752,60,0.144927536231884
"270012",1.144,NA,17610,"Less Than the National Average Payment","7.5",NA,"No Different Than the National Rate","No Different Than the National Rate","No Different Than the National Value","medium","35","226","9","Not Available","Not Available",257,-15.7,-34.8,5.7,219,56,1,"89","89","82","75","85","79","86","82","88","85",228,0.9338,18.1881,19.477,37,0.162280701754386
"270014",0.725,NA,17402,"Less Than the National Average Payment","6.9",NA,"No Different Than the National Rate","No Different Than the National Rate","No Different Than the National Value","medium","66","157","3","Not Available","98",452,-12.4,-28.1,4.8,382,120,1,"94","93","89","80","90","83","87","86","92","92",364,0.8423,15.3826,18.2636,45,0.123626373626374
"270017",NA,NA,17902,"No Different Than the National Average Payment","10.2",NA,"No Different Than the National Rate","No Different Than the National Rate","No Different Than the National Value","low","90","143","4","92","Not Available",147,-5.9,-27.1,19.1,128,41,1,"93","92","89","80","87","82","92","84","90","90",129,0.9427,16.8778,17.9033,18,0.13953488372093
"270023",0,NA,19983,"No Different Than the National Average Payment","7.1",NA,"Worse Than the National Rate","No Different Than the National Rate","Worse Than the National Value","low","52","127","2","79","Not Available",85,2.2,-26.7,37.8,81,27,1,"90","92","82","75","87","81","80","82","87","86",76,1.0069,20.4452,20.3049,16,0.210526315789474
"270049",0.154,NA,20074,"No Different Than the National Average Payment","8.3",NA,"No Different Than the National Rate","No Different Than the National Rate","No Different Than the National Value","medium","82","154","4","93","Not Available",389,-21.7,-38.9,-3.1,326,100,2,"92","91","87","77","88","82","83","82","90","92",311,0.901,17.6118,19.5465,48,0.154340836012862
"270051",0,NA,18588,"No Different Than the National Average Payment","10.8",NA,"No Different Than the National Rate","No Different Than the National Rate","No Different Than the National Value","medium","30","202","3","85","95",311,-7.2,-26,13.4,259,76,1,"90","91","84","74","86","80","84","81","87","86",252,0.9881,19.3622,19.5962,48,0.19047619047619
"270057",NA,NA,17518,"Less Than the National Average Payment","2.7",NA,"No Different Than the National Rate","No Different Than the National Rate","No Different Than the National Value","medium","68","157","1","Not Available","Not Available",221,11.6,-11.6,37.5,192,56,1,"92","92","85","76","89","81","80","82","88","88",167,0.973,17.2233,17.702,27,0.161676646706587
"280003",0.433,NA,19933,"No Different Than the National Average Payment","13",NA,"No Different Than the National Rate","No Different Than the National Rate","No Different Than the National Value","very high","80","127","0","Not Available","Not Available",789,-23.2,-36,-8.9,696,159,2,"92","93","85","77","90","83","87","82","91","92",637,0.8131,14.6119,17.9697,80,0.125588697017268
"280009",0,NA,22090,"Greater Than the National Average Payment","5.3",NA,"No Different Than the National Rate","No Different Than the National Rate","No Different Than the National Value","low","87","130","0","98","99",176,11.1,-12.6,38.4,153,57,1,"92","91","83","78","88","81","83","84","89","89",160,1.0001,19.3709,19.3689,31,0.19375
"280013",1.169,NA,19721,"No Different Than the National Average Payment","4.6",NA,"Better Than the National Rate","No Different Than the National Rate","Better Than the National Value","very high","54","238","5","94","98",450,26.5,5.5,51.4,376,124,0,"90","91","78","75","87","81","84","83","87","88",429,1.0066,20.8754,20.7382,90,0.20979020979021
"280020",1.342,NA,21312,"No Different Than the National Average Payment","4.2",NA,"No Different Than the National Rate","No Different Than the National Rate","No Different Than the National Value","medium","93","137","1","99","100",219,-12.7,-32.5,9,193,54,1,"91","90","80","74","88","81","88","83","88","86",217,0.9781,19.104,19.5317,40,0.184331797235023
"280023",0.892,NA,19015,"No Different Than the National Average Payment","6.4",NA,"No Different Than the National Rate","No Different Than the National Rate","No Different Than the National Value","low","89","138","1","Not Available","98",190,14.8,-10.6,42.8,159,50,1,"92","91","86","78","88","81","89","87","89","88",184,0.9853,19.0044,19.2872,34,0.184782608695652
"280032",NA,NA,17413,"Less Than the National Average Payment","13.9",NA,"No Different Than the National Rate","No Different Than the National Rate","No Different Than the National Value","low","76","122","1","Not Available","Not Available",157,-22.7,-41.3,-0.1,128,41,2,"90","90","82","74","85","81","87","87","87","87",146,0.9983,18.5696,18.6015,27,0.184931506849315
"280040",0.322,NA,19187,"No Different Than the National Average Payment","3",NA,"No Different Than the National Rate","No Different Than the National Rate","No Different Than the National Value","high","73","158","2","Not Available","Not Available",534,9.5,-8.1,28.5,467,151,1,"94","93","87","80","90","85","84","85","92","93",422,0.9936,18.8202,18.9421,79,0.187203791469194
"280060",0.483,NA,20946,"No Different Than the National Average Payment","4.1",NA,"No Different Than the National Rate","Worse Than the National Rate","No Different Than the National Value","very high","91","136","4","Not Available","99",408,8,-12.8,31.6,344,104,1,"90","89","77","73","86","79","79","79","84","82",346,0.9746,20.1506,20.6767,68,0.196531791907514
"280061",NA,NA,19542,"No Different Than the National Average Payment","10.6",NA,"No Different Than the National Rate","No Different Than the National Rate","No Different Than the National Value","low","94","178","3","Not Available","Not Available",225,33.2,7.6,64.2,191,60,0,"86","86","79","67","81","76","80","75","79","74",167,0.985,17.9517,18.2249,29,0.173652694610778
"280065",NA,NA,19444,"No Different Than the National Average Payment","4.9",NA,"No Different Than the National Rate","Worse Than the National Rate","No Different Than the National Value","low","92","132","1","Not Available","Not Available",276,17,-7.4,43.1,221,76,1,"92","93","85","80","86","81","88","89","89","87",223,0.9973,20.7098,20.7665,46,0.20627802690583
"280077",NA,NA,18627,"No Different Than the National Average Payment","8.8",NA,"No Different Than the National Rate","No Different Than the National Rate","No Different Than the National Value","low","75","143","2","Not Available","Not Available",156,-11.8,-32.1,11.9,129,44,1,"91","90","86","75","88","81","88","88","88","86",134,0.9808,17.3461,17.6862,22,0.164179104477612
"280081",0.34,NA,18707,"No Different Than the National Average Payment","2.2",NA,"No Different Than the National Rate","No Different Than the National Rate","No Different Than the National Value","medium","94","151","4","98","100",117,-3.7,-26.4,25.3,106,34,1,"90","90","79","74","85","79","86","81","86","84",116,0.9674,19.1325,19.7781,20,0.172413793103448
"280111",NA,NA,19487,"No Different Than the National Average Payment","9.3",NA,"No Different Than the National Rate","No Different Than the National Rate","No Different Than the National Value","low","90","122","0","Not Available","96",97,-21.3,-42.8,4.1,84,17,1,"93","93","89","80","91","83","91","86","91","90",89,0.9484,17.3117,18.2527,12,0.134831460674157
"280125",NA,NA,19971,"No Different Than the National Average Payment","5.6",NA,"No Different Than the National Rate","No Different Than the National Rate","No Different Than the National Value","low","93","103","0","Not Available","97",204,-35,-52.3,-15,172,43,2,"93","92","85","80","89","81","90","85","89","87",173,0.8405,15.6746,18.6483,16,0.092485549132948
"280128",NA,NA,21046,"No Different Than the National Average Payment","Not Available",NA,"No Different Than the National Rate","No Different Than the National Rate","No Different Than the National Value","Not Available","92","Not Available","Not Available","95","Not Available",182,2,-20.3,28.2,158,57,1,"95","91","92","78","89","84","91","82","92","92",152,0.937,17.9095,19.1129,23,0.151315789473684
"280130",0,NA,19939,"No Different Than the National Average Payment","1.1",NA,"No Different Than the National Rate","No Different Than the National Rate","No Different Than the National Value","medium","84","179","4","99","Not Available",292,-13.4,-32.7,7.9,248,77,1,"92","91","85","76","86","82","90","85","88","87",250,0.9498,19.3605,20.3832,45,0.18
"280132",0,NA,19946,"No Different Than the National Average Payment","6",NA,"No Different Than the National Rate","No Different Than the National Rate","No Different Than the National Value","medium","66","160","3","96","99",321,-10.7,-29.3,9.9,255,85,1,"90","91","79","75","85","80","90","85","87","87",257,1.0394,19.2459,18.5168,52,0.202334630350195
"280134",NA,NA,21002,"No Different Than the National Average Payment","4.8",NA,"No Different Than the National Rate","No Different Than the National Rate","No Different Than the National Value","low","86","114","0","100","100",171,-34.8,-54.1,-11.5,144,40,2,"93","91","88","79","91","83","89","86","91","92",169,0.9133,17.0591,18.6792,23,0.136094674556213
"290001",0.291,NA,18895,"No Different Than the National Average Payment","7.4",NA,"No Different Than the National Rate","Worse Than the National Rate","No Different Than the National Value","very high","76","199","3","Not Available","Not Available",592,19.1,1.3,38.4,499,163,0,"90","89","80","74","85","79","81","78","87","88",461,0.9616,19.0006,19.7585,85,0.184381778741866
"290003",1.134,NA,24929,"Greater Than the National Average Payment","0.2",NA,"No Different Than the National Rate","No Different Than the National Rate","No Different Than the National Value","very high","38","171","0","79","94",405,22.1,-0.4,45.3,349,140,1,"83","81","75","64","77","72","79","74","77","73",329,1.1093,24.5529,22.1339,88,0.267477203647416
"290005",0,NA,20099,"No Different Than the National Average Payment","0.5",NA,"No Different Than the National Rate","No Different Than the National Rate","No Different Than the National Value","high","58","149","1","Not Available","Not Available",104,21.7,-9.2,57.3,81,36,1,"85","88","76","66","78","74","84","75","83","79",109,1.0402,22.2898,21.4277,27,0.247706422018349
"290007",0.919,NA,22401,"Greater Than the National Average Payment","0.2",NA,"No Different Than the National Rate","No Different Than the National Rate","No Different Than the National Value","very high","77","216","1","Not Available","93",185,65,32.2,102.7,169,58,0,"86","86","80","68","81","76","81","72","82","79",149,1.0882,22.9268,21.0695,40,0.268456375838926
"290009",0,NA,17362,"Less Than the National Average Payment","5.6",NA,"No Different Than the National Rate","No Different Than the National Rate","No Different Than the National Value","high","86","161","1","Not Available","Not Available",324,-15.3,-34.1,5.7,266,88,1,"89","88","76","71","86","80","87","78","87","87",286,1.072,21.7884,20.3256,67,0.234265734265734
"290019",1.881,NA,18494,"Less Than the National Average Payment","7.8",NA,"No Different Than the National Rate","No Different Than the National Rate","No Different Than the National Value","high","87","188","2","Not Available","Not Available",527,-26.6,-39.8,-12.4,456,146,2,"91","89","82","76","88","81","90","80","89","89",441,0.8056,15.3913,19.1064,54,0.122448979591837
"290021",0.751,NA,21674,"No Different Than the National Average Payment","1.3",NA,"No Different Than the National Rate","No Different Than the National Rate","No Different Than the National Value","high","81","218","1","91","99",140,41.3,7,83.2,123,42,0,"87","85","79","73","80","75","78","76","82","78",141,1.0378,23.7027,22.8397,36,0.25531914893617
"290032",NA,NA,18083,"No Different Than the National Average Payment","2.9",NA,"No Different Than the National Rate","No Different Than the National Rate","No Different Than the National Value","medium","85","119","1","98","98",208,-24.7,-41.5,-4.9,182,53,2,"91","90","83","74","88","81","85","80","89","88",181,0.9445,17.5141,18.5442,28,0.154696132596685
"290039",0.238,NA,23588,"Greater Than the National Average Payment","1",NA,"No Different Than the National Rate","No Different Than the National Rate","No Different Than the National Value","very high","34","154","1","87","99",836,-3,-18.5,13.4,680,214,1,"88","85","80","70","79","76","84","76","84","83",725,1.1023,23.081,20.9398,174,0.24
"290041",0,NA,20829,"No Different Than the National Average Payment","0.8",NA,"No Different Than the National Rate","No Different Than the National Rate","No Different Than the National Value","high","48","199","1","90","98",340,9.5,-11.3,32,292,93,1,"89","87","79","74","83","76","88","82","87","87",311,1.1376,22.2804,19.5857,78,0.2508038585209
"290045",0.496,NA,22480,"Greater Than the National Average Payment","1.1",NA,"No Different Than the National Rate","No Different Than the National Rate","No Different Than the National Value","very high","73","198","1","Not Available","95",672,8.6,-8.1,25.7,565,210,1,"90","87","83","74","85","80","85","78","87","86",562,1.0441,21.7218,20.8046,125,0.222419928825623
"290046",0.852,NA,21116,"No Different Than the National Average Payment","0.8",NA,"No Different Than the National Rate","No Different Than the National Rate","No Different Than the National Value","very high","81","178","0","96","98",294,-7.7,-28.2,13.4,254,94,1,"87","84","79","70","82","76","81","75","84","82",261,1.1074,22.9949,20.764,67,0.256704980842912
"290047",1.779,NA,21629,"Greater Than the National Average Payment","0.2",NA,"No Different Than the National Rate","No Different Than the National Rate","No Different Than the National Value","very high","41","108","0","84","99",290,-6.5,-29,18.8,249,73,1,"89","87","82","71","82","80","89","79","88","88",248,0.9925,21.9815,22.1471,54,0.217741935483871
"290049",NA,NA,19921,"No Different Than the National Average Payment","8.4",NA,"No Different Than the National Rate","No Different Than the National Rate","No Different Than the National Value","medium","74","176","2","94","Not Available",152,13.2,-11.2,43.4,140,37,1,"90","89","84","75","84","82","83","76","88","90",115,0.9366,16.6862,17.8165,15,0.130434782608696
"290053",1.127,NA,22124,"Greater Than the National Average Payment","0.6",NA,"Worse Than the National Rate","No Different Than the National Rate","Worse Than the National Value","medium","69","164","1","Not Available","99",235,-6,-28.8,19.2,207,71,1,"91","89","83","74","85","79","87","81","90","90",152,1.0143,21.733,21.4267,34,0.223684210526316
"290054",0.771,NA,20493,"No Different Than the National Average Payment","0.4",NA,"No Different Than the National Rate","No Different Than the National Rate","No Different Than the National Value","very high","74","168","1","83","95",312,22.1,-2,47.4,257,85,1,"87","84","76","67","80","75","82","81","83","82",258,1.1379,23.6835,20.8131,70,0.271317829457364
"290057",0.779,NA,20591,"No Different Than the National Average Payment","1",NA,"No Different Than the National Rate","No Different Than the National Rate","No Different Than the National Value","very high","77","186","0","79","95",336,5.2,-15.7,28,285,97,1,"85","83","76","71","83","75","85","77","82","79",278,1.0589,21.6261,20.4234,64,0.23021582733813
"300001",0.921,NA,19423,"No Different Than the National Average Payment","2.1",NA,"No Different Than the National Rate","No Different Than the National Rate","No Different Than the National Value","high","90","242","9","Not Available","Not Available",470,15,-1.7,32.9,402,152,1,"92","90","81","78","88","82","82","76","87","88",396,1.1053,21.043,19.0377,90,0.227272727272727
"300003",0.447,NA,20962,"Greater Than the National Average Payment","4.1",NA,"No Different Than the National Rate","Worse Than the National Rate","No Different Than the National Value","medium","97","296","1","Not Available","Not Available",681,25.5,7.3,46.6,570,187,0,"92","92","86","78","88","82","85","74","90","92",554,0.9694,19.5061,20.1221,106,0.191335740072202
"300005",NA,NA,18372,"No Different Than the National Average Payment","5.9",NA,"No Different Than the National Rate","No Different Than the National Rate","No Different Than the National Value","low","86","200","5","Not Available","Not Available",233,3.2,-18.2,25.8,191,70,1,"91","90","82","75","90","81","80","80","87","85",188,0.9736,18.4813,18.9818,33,0.175531914893617
"300011",1.364,NA,18645,"No Different Than the National Average Payment","3.9",NA,"No Different Than the National Rate","No Different Than the National Rate","No Different Than the National Value","medium","95","204","4","Not Available","Not Available",346,0.7,-19.6,21.4,292,94,1,"91","89","81","76","87","80","87","81","87","88",278,0.9909,18.92,19.0931,52,0.18705035971223
"300012",0,NA,18602,"No Different Than the National Average Payment","5.5",NA,"No Different Than the National Rate","No Different Than the National Rate","Worse Than the National Value","high","95","268","12","Not Available","Not Available",447,11,-7.6,30.3,356,125,1,"90","90","78","78","87","82","83","71","87","86",398,1.0754,20.8928,19.4283,88,0.221105527638191
"300014",NA,NA,18560,"No Different Than the National Average Payment","1.6",NA,"Number of Cases Too Small","No Different Than the National Rate","No Different Than the National Value","medium","72","152","1","79","85",121,11.4,-14.2,42.1,107,28,1,"92","89","83","75","87","81","91","84","86","83",121,0.979,17.6734,18.0531,20,0.165289256198347
"300017",NA,NA,19804,"No Different Than the National Average Payment","6.6",NA,"No Different Than the National Rate","No Different Than the National Rate","No Different Than the National Value","medium","56","149","1","82","95",302,-20.3,-38.1,0.3,253,76,1,"92","90","86","76","87","80","88","79","87","85",251,0.9726,20.2629,20.8344,49,0.195219123505976
"300018",1.576,NA,16369,"Less Than the National Average Payment","2.7",NA,"No Different Than the National Rate","No Different Than the National Rate","No Different Than the National Value","medium","98","245","6","Not Available","Not Available",540,14.6,-2.4,35.8,429,140,1,"93","92","85","78","89","83","86","79","90","93",416,1.0283,19.75,19.2069,84,0.201923076923077
"300019",NA,NA,19003,"No Different Than the National Average Payment","4.9",NA,"No Different Than the National Rate","No Different Than the National Rate","No Different Than the National Value","medium","94","194","5","Not Available","Not Available",302,16.7,-5.5,40.1,240,92,1,"90","91","77","77","88","80","84","72","84","85",265,0.9338,19.0738,20.4264,46,0.173584905660377
"300020",0.534,NA,18931,"No Different Than the National Average Payment","3.1",NA,"No Different Than the National Rate","No Different Than the National Rate","No Different Than the National Value","medium","97","225","8","Not Available","Not Available",406,3,-15.9,23.6,333,103,1,"91","92","82","75","87","82","86","79","87","88",356,0.9926,18.3941,18.5308,65,0.182584269662921
"300023",0,NA,17836,"Less Than the National Average Payment","8.1",NA,"No Different Than the National Rate","No Different Than the National Rate","No Different Than the National Value","medium","89","202","4","Not Available","Not Available",366,-14.9,-31,3.7,310,93,1,"93","94","83","79","89","83","86","76","89","90",318,0.9559,17.2663,18.0625,52,0.163522012578616
"300029",0,NA,20221,"No Different Than the National Average Payment","3.6",NA,"No Different Than the National Rate","No Different Than the National Rate","No Different Than the National Value","high","57","120","1","88","99",372,27.8,6.5,51.4,323,112,0,"89","90","77","75","85","80","88","76","83","82",306,1.0502,21.4724,20.4458,69,0.225490196078431
"300034",1.074,NA,18517,"Less Than the National Average Payment","6",NA,"No Different Than the National Rate","No Different Than the National Rate","No Different Than the National Value","medium","97","214","1","88","96",969,-9.1,-22,4.6,736,235,1,"92","92","84","77","89","82","87","76","89","90",830,0.9166,17.9149,19.5443,143,0.172289156626506
"310001",0.532,NA,24110,"Greater Than the National Average Payment","3.7",NA,"Better Than the National Rate","No Different Than the National Rate","Better Than the National Value","very high","94","207","1","Not Available","Not Available",1046,30.6,12.8,48.2,844,273,0,"89","90","79","73","84","80","85","78","87","87",846,0.9571,21.1571,22.1051,176,0.208037825059102
"310002",0.542,NA,21755,"Greater Than the National Average Payment","4.3",NA,"No Different Than the National Rate","No Different Than the National Rate","No Different Than the National Value","very high","93","198","5","87","Not Available",249,68.7,36.1,106.5,181,59,0,"86","89","73","70","77","76","81","79","83","82",239,1.0521,22.8068,21.6766,58,0.242677824267782
"310003",0,NA,20856,"No Different Than the National Average Payment","5.1",NA,"No Different Than the National Rate","No Different Than the National Rate","No Different Than the National Value","high","96","174","0","Not Available","Not Available",221,23.4,-3.5,52.3,171,63,1,"90","89","77","69","87","80","87","77","84","83",211,0.9966,20.4856,20.5545,43,0.203791469194313
"310005",0,NA,20283,"No Different Than the National Average Payment","5.2",NA,"No Different Than the National Rate","No Different Than the National Rate","No Different Than the National Value","medium","99","219","2","Not Available","Not Available",397,-5.9,-23.6,14,324,102,1,"91","90","82","76","85","80","80","79","86","84",285,0.9992,20.0191,20.0355,57,0.2
"310006",0,NA,21162,"No Different Than the National Average Payment","6.5",NA,"No Different Than the National Rate","No Different Than the National Rate","No Different Than the National Value","medium","80","182","1","Not Available","Not Available",232,10.4,-12.7,37.2,176,55,1,"88","89","79","69","79","74","87","81","85","83",208,1.0486,20.594,19.6404,46,0.221153846153846
"310008",0.406,NA,21052,"Greater Than the National Average Payment","5.4",NA,"No Different Than the National Rate","No Different Than the National Rate","No Different Than the National Value","high","96","189","1","Not Available","Not Available",552,18.4,-0.2,40,430,135,1,"92","92","85","78","86","82","91","76","90","91",462,0.9545,19.2846,20.2031,86,0.186147186147186
"310009",0.479,NA,22445,"Greater Than the National Average Payment","5.2",NA,"No Different Than the National Rate","No Different Than the National Rate","No Different Than the National Value","very high","82","192","3","80","Not Available",369,25.7,0.2,53.1,271,83,0,"86","86","74","69","81","75","85","74","80","79",348,1.0217,20.8502,20.4078,74,0.21264367816092
"310010",0.585,NA,18707,"No Different Than the National Average Payment","2.6",NA,"No Different Than the National Rate","No Different Than the National Rate","No Different Than the National Value","low","98","191","1","Not Available","Not Available",678,34.1,15.1,53.4,561,166,0,"91","90","83","75","84","81","89","84","89","89",526,1.1826,21.2739,17.9886,123,0.23384030418251
"310011",0.639,NA,21430,"Greater Than the National Average Payment","3.3",NA,"No Different Than the National Rate","No Different Than the National Rate","No Different Than the National Value","medium","59","188","2","Not Available","Not Available",436,9.5,-9.3,29.1,362,113,1,"91","89","81","75","79","78","84","75","83","80",369,1.1515,21.299,18.4974,88,0.238482384823848
"310012",3.417,NA,21127,"Greater Than the National Average Payment","5.6",NA,"No Different Than the National Rate","No Different Than the National Rate","No Different Than the National Value","very high","93","196","1","Not Available","Not Available",1330,-0.7,-13.9,12.5,1113,316,1,"91","91","79","73","85","81","90","78","88","88",1045,0.9496,19.3714,20.3987,199,0.190430622009569
"310014",1.498,NA,20892,"Greater Than the National Average Payment","2.3",NA,"No Different Than the National Rate","No Different Than the National Rate","No Different Than the National Value","very high","94","197","2","Not Available","Not Available",537,26.3,6.2,48.2,443,149,0,"90","89","78","73","82","79","84","78","85","84",466,1.1097,22.096,19.912,110,0.236051502145923
"310015",0.386,NA,22542,"Greater Than the National Average Payment","6",NA,"Better Than the National Rate","No Different Than the National Rate","Better Than the National Value","very high","97","261","3","Not Available","96",1825,-8.1,-19.1,3.7,1494,395,1,"91","90","80","75","87","82","87","78","90","92",1456,0.8573,17.173,20.0318,240,0.164835164835165
"310016",0,NA,20195,"No Different Than the National Average Payment","4",NA,"No Different Than the National Rate","No Different Than the National Rate","Worse Than the National Value","medium","93","171","3","Not Available","Not Available",85,49.1,10.6,94.6,69,25,0,"84","85","73","64","80","74","81","73","77","73",108,0.9744,22.0301,22.6087,22,0.203703703703704
"310017",0.469,NA,21285,"Greater Than the National Average Payment","3.7",NA,"No Different Than the National Rate","No Different Than the National Rate","No Different Than the National Value","high","97","216","3","96","99",469,-9.9,-27,9.8,386,118,1,"91","90","81","75","87","81","84","80","88","87",384,0.8754,16.8253,19.2207,56,0.145833333333333
"310019",0.754,NA,21218,"Greater Than the National Average Payment","9.4",NA,"No Different Than the National Rate","No Different Than the National Rate","No Different Than the National Value","very high","99","217","4","Not Available","Not Available",495,24.3,3,47.9,399,122,0,"87","87","74","67","81","77","85","73","82","80",472,0.9511,19.1361,20.1205,87,0.184322033898305
"310022",0.117,NA,20842,"Greater Than the National Average Payment","0.9",NA,"No Different Than the National Rate","No Different Than the National Rate","No Different Than the National Value","very high","95","139","2","Not Available","Not Available",1135,16.4,2.3,31,915,311,0,"93","92","83","75","82","81","82","81","90","89",948,1.0255,20.393,19.886,195,0.205696202531646
"310024",0,NA,22539,"Greater Than the National Average Payment","2.3",NA,"No Different Than the National Rate","No Different Than the National Rate","No Different Than the National Value","medium","90","130","2","69","Not Available",299,4.8,-17,27.6,240,67,1,"89","88","78","79","83","79","86","76","85","83",276,0.9422,17.3431,18.4064,44,0.159420289855072
"310025",0.948,NA,19737,"No Different Than the National Average Payment","3.1",NA,"No Different Than the National Rate","No Different Than the National Rate","No Different Than the National Value","medium","91","202","2","Not Available","Not Available",235,7.6,-16.6,36.3,162,58,1,"86","88","78","64","80","75","79","77","80","78",197,1.0142,21.8463,21.5408,44,0.223350253807107
"310027",0.862,NA,20877,"No Different Than the National Average Payment","2.2",NA,"No Different Than the National Rate","No Different Than the National Rate","No Different Than the National Value","high","92","208","3","Not Available","Not Available",179,20.1,-6.7,48,137,50,1,"83","86","73","66","80","75","85","75","79","75",146,1.028,20.6471,20.0843,32,0.219178082191781
"310028",1.143,NA,21108,"Greater Than the National Average Payment","1.9",NA,"No Different Than the National Rate","No Different Than the National Rate","No Different Than the National Value","medium","92","167","2","Not Available","95",524,6.1,-13.2,27.2,411,128,1,"89","86","80","71","85","77","87","76","84","82",416,0.9297,19.1909,20.6421,75,0.180288461538462
"310029",0.688,NA,21496,"Greater Than the National Average Payment","2.7",NA,"No Different Than the National Rate","No Different Than the National Rate","No Different Than the National Value","high","96","158","1","Not Available","Not Available",511,6.5,-10.7,25.3,448,140,1,"89","90","76","71","81","78","78","72","84","82",440,1.0268,19.8289,19.3108,89,0.202272727272727
"310031",NA,NA,22909,"Greater Than the National Average Payment","3.6",NA,"Worse Than the National Rate","No Different Than the National Rate","No Different Than the National Value","Not Available","99","Not Available","Not Available","49","Not Available",521,24.1,3.8,45.4,390,132,0,"94","93","87","77","88","84","82","78","91","93",439,0.9215,18.5347,20.114,76,0.173120728929385
"310032",0.678,NA,21581,"Greater Than the National Average Payment","2.7",NA,"No Different Than the National Rate","No Different Than the National Rate","No Different Than the National Value","very high","88","186","4","Not Available","Not Available",668,40.5,23.5,59.7,485,197,0,"90","89","82","75","89","79","84","80","86","82",559,1.104,22.4118,20.301,132,0.23613595706619
"310034",1.724,NA,22154,"Greater Than the National Average Payment","3",NA,"No Different Than the National Rate","No Different Than the National Rate","No Different Than the National Value","medium","93","204","1","Not Available","Not Available",475,27,5.5,50.7,388,108,0,"92","91","83","77","85","80","88","78","89","88",370,0.9986,20.5651,20.593,76,0.205405405405405
"310038",0.691,NA,22408,"Greater Than the National Average Payment","3.2",NA,"No Different Than the National Rate","No Different Than the National Rate","Worse Than the National Value","very high","92","181","1","63","Not Available",1071,-0.3,-15,15.1,847,222,1,"87","88","78","72","84","78","87","71","84","84",870,0.9938,20.0474,20.1718,174,0.2
"310039",1.294,NA,22490,"Greater Than the National Average Payment","3.2",NA,"No Different Than the National Rate","No Different Than the National Rate","No Different Than the National Value","very high","88","182","2","Not Available","Not Available",454,34.1,12,59.6,353,111,0,"90","87","79","73","83","78","84","75","84","84",404,1.1129,22.7025,20.4002,99,0.245049504950495
"310040",NA,NA,22818,"Greater Than the National Average Payment","2.1",NA,"No Different Than the National Rate","No Different Than the National Rate","No Different Than the National Value","medium","87","200","5","Not Available","Not Available",66,55.1,15.4,100.5,57,24,0,"90","87","82","70","87","81","90","76","85","84",55,1.1171,22.62,20.2494,20,0.363636363636364
"310041",0.852,NA,22452,"Greater Than the National Average Payment","3",NA,"No Different Than the National Rate","No Different Than the National Rate","Better Than the National Value","very high","96","203","1","60","Not Available",1223,48.8,33.2,65.4,953,330,0,"89","87","77","72","83","76","80","70","81","78",979,1.1635,22.3472,19.2066,229,0.23391215526047
"310044",1.01,NA,22945,"Greater Than the National Average Payment","4.2",NA,"No Different Than the National Rate","Worse Than the National Rate","No Different Than the National Value","very high","96","208","3","Not Available","Not Available",324,33.2,10.6,58.2,261,78,0,"89","89","77","72","85","79","86","79","87","87",279,1.0419,19.4595,18.6766,57,0.204301075268817
"310045",0.572,NA,21300,"Greater Than the National Average Payment","3.6",NA,"Better Than the National Rate","No Different Than the National Rate","Better Than the National Value","high","98","196","1","96","100",620,-13.4,-27,1.5,506,146,1,"91","91","80","73","82","81","87","80","90","90",501,0.9628,17.2548,17.9221,84,0.167664670658683
"310047",0.627,NA,21180,"Greater Than the National Average Payment","1.3",NA,"No Different Than the National Rate","No Different Than the National Rate","No Different Than the National Value","high","91","160","1","Not Available","Not Available",406,22.9,1.1,45.9,344,89,0,"91","89","82","75","85","79","85","80","87","87",368,1.0533,18.9214,17.9647,73,0.198369565217391
"310048",1.053,NA,20804,"Greater Than the National Average Payment","4.2",NA,"No Different Than the National Rate","No Different Than the National Rate","No Different Than the National Value","high","95","230","2","66","Not Available",776,33,14.4,52.6,600,177,0,"91","89","80","76","85","79","88","75","86","84",615,1.0703,20.4054,19.0649,130,0.211382113821138
"310050",1.617,NA,20786,"No Different Than the National Average Payment","4.6",NA,"No Different Than the National Rate","No Different Than the National Rate","No Different Than the National Value","high","93","174","1","Not Available","Not Available",514,15.8,-2.3,34.9,415,134,1,"89","88","81","70","85","78","87","80","86","85",447,1.1685,22.2623,19.0527,110,0.246085011185682
"310051",0.232,NA,20266,"No Different Than the National Average Payment","5.3",NA,"No Different Than the National Rate","No Different Than the National Rate","No Different Than the National Value","very high","95","190","2","Not Available","96",773,-8.1,-23.3,8.8,657,143,1,"89","89","78","72","85","79","86","76","86","86",648,0.9207,17.1836,18.6632,106,0.16358024691358
"310052",0.794,NA,22000,"Greater Than the National Average Payment","4.7",NA,"No Different Than the National Rate","No Different Than the National Rate","No Different Than the National Value","very high","87","165","0","Not Available","Not Available",1014,-14.9,-28.5,0.1,821,225,1,"90","88","82","71","84","79","85","76","87","86",845,0.9156,18.7987,20.5307,153,0.181065088757396
"310054",1.946,NA,21769,"Greater Than the National Average Payment","3.7",NA,"No Different Than the National Rate","No Different Than the National Rate","No Different Than the National Value","high","96","230","4","Not Available","99",444,-3.3,-21.3,17.2,337,109,1,"87","88","80","68","82","76","88","77","84","83",361,0.9886,20.1576,20.3901,72,0.199445983379501
"310057",0.262,NA,20860,"Greater Than the National Average Payment","1",NA,"No Different Than the National Rate","No Different Than the National Rate","No Different Than the National Value","high","97","221","3","Not Available","Not Available",527,8.5,-9.2,27.5,435,126,1,"88","87","73","68","80","77","82","72","81","78",470,1.0128,19.6084,19.3614,93,0.197872340425532
"310060",NA,NA,18618,"No Different Than the National Average Payment","3.5",NA,"Number of Cases Too Small","No Different Than the National Rate","No Different Than the National Value","medium","96","138","2","Not Available","Not Available",388,13.2,-7,34.6,293,114,1,"94","92","84","78","86","82","92","82","90","88",307,1.1416,22.4998,19.7085,78,0.254071661237785
"310061",1.914,NA,21873,"Greater Than the National Average Payment","1.3",NA,"Number of Cases Too Small","No Different Than the National Rate","No Different Than the National Value","medium","96","205","2","Not Available","Not Available",165,1.6,-22.4,28.3,141,49,1,"88","89","75","72","76","78","78","75","80","77",156,1.0459,20.5138,19.6137,35,0.224358974358974
"310064",0.698,NA,20039,"No Different Than the National Average Payment","0.8",NA,"No Different Than the National Rate","No Different Than the National Rate","No Different Than the National Value","very high","93","178","5","Not Available","Not Available",877,9.6,-6.1,26.4,703,225,1,"89","87","81","73","87","78","83","72","85","84",796,1.038,22.1689,21.357,179,0.224874371859296
"310069",0.488,NA,19220,"No Different Than the National Average Payment","1.6",NA,"No Different Than the National Rate","No Different Than the National Rate","No Different Than the National Value","very high","94","206","2","Not Available","Not Available",653,26.5,8.8,44.2,516,187,0,"92","90","83","77","89","82","90","87","90","89",474,1.1305,21.4801,19.001,110,0.232067510548523
"310070",0.568,NA,19963,"No Different Than the National Average Payment","0.8",NA,"No Different Than the National Rate","No Different Than the National Rate","No Different Than the National Value","very high","95","191","1","Not Available","92",327,3.5,-19,27.9,259,60,1,"91","89","82","74","82","81","86","73","88","88",278,0.9348,17.0381,18.2262,43,0.154676258992806
"310073",0.781,NA,23243,"Greater Than the National Average Payment","1.8",NA,"Better Than the National Rate","No Different Than the National Rate","No Different Than the National Value","very high","91","212","3","Not Available","Not Available",1675,32.1,18.8,46.5,1334,453,0,"89","88","80","71","81","78","83","73","85","86",1352,1.0281,21.8283,21.2324,297,0.219674556213018
"310074",0.843,NA,20924,"No Different Than the National Average Payment","3.4",NA,"No Different Than the National Rate","No Different Than the National Rate","No Different Than the National Value","very high","96","204","4","77","Not Available",197,8.6,-19.8,39.2,144,47,1,"90","88","79","72","83","78","86","77","86","86",169,1.0985,23.3606,21.2664,46,0.272189349112426
"310075",0.662,NA,20713,"No Different Than the National Average Payment","4.5",NA,"No Different Than the National Rate","No Different Than the National Rate","No Different Than the National Value","high","95","185","1","71","Not Available",243,3.9,-18.3,30,208,48,1,"90","90","80","77","85","80","87","77","87","87",217,0.9547,17.983,18.8372,36,0.165898617511521
"310076",0.155,NA,21427,"Greater Than the National Average Payment","2.7",NA,"No Different Than the National Rate","Worse Than the National Rate","No Different Than the National Value","very high","89","174","1","81","Not Available",689,17.9,-0.8,37.6,577,156,1,"89","89","76","75","83","78","84","79","85","85",579,0.9946,19.233,19.3379,111,0.191709844559585
"310083",1.953,NA,20354,"No Different Than the National Average Payment","4.6",NA,"Number of Cases Too Small","No Different Than the National Rate","No Different Than the National Value","medium","68","168","1","Not Available","Not Available",52,29.2,-3.3,67.6,41,19,1,"82","86","66","66","77","72","84","80","78","72",59,1.0712,22.5241,21.0263,18,0.305084745762712
"310084",0,NA,21549,"Greater Than the National Average Payment","3",NA,"No Different Than the National Rate","No Different Than the National Rate","No Different Than the National Value","medium","94","194","1","74","Not Available",223,37.9,9.6,69.3,184,61,0,"88","87","80","71","83","78","85","80","84","82",178,1.0866,22.1106,20.3486,45,0.252808988764045
"310086",0.601,NA,19578,"No Different Than the National Average Payment","2.4",NA,"No Different Than the National Rate","No Different Than the National Rate","No Different Than the National Value","very high","94","208","2","84","86",1225,35.9,21.4,50.7,953,358,0,"91","90","80","74","84","79","84","80","86","85",977,1.1627,22.599,19.4369,231,0.236438075742068
"310092",0.979,NA,20383,"No Different Than the National Average Payment","4",NA,"No Different Than the National Rate","No Different Than the National Rate","No Different Than the National Value","high","98","176","6","Not Available","Not Available",133,58.8,23.6,98.7,102,36,0,"87","87","76","70","80","77","79","75","81","79",112,1.1365,25.0406,22.0333,37,0.330357142857143
"310096",0.911,NA,20329,"No Different Than the National Average Payment","2.2",NA,"No Different Than the National Rate","No Different Than the National Rate","No Different Than the National Value","medium","92","232","5","Not Available","Not Available",145,7,-21.1,37.7,112,45,1,"90","92","86","73","80","78","86","81","89","88",132,0.9319,19.4598,20.8829,21,0.159090909090909
"310108",0.175,NA,24552,"Greater Than the National Average Payment","3.2",NA,"No Different Than the National Rate","No Different Than the National Rate","No Different Than the National Value","very high","93","198","2","Not Available","Not Available",725,31.4,12,51.9,593,164,0,"86","87","73","69","81","76","84","70","81","79",599,0.9843,20.0435,20.3636,119,0.198664440734558
"310110",0.563,NA,22267,"Greater Than the National Average Payment","4.3",NA,"No Different Than the National Rate","No Different Than the National Rate","No Different Than the National Value","medium","97","181","3","76","Not Available",409,18.4,-3,42,323,110,1,"91","90","82","75","82","79","82","80","85","82",369,1.0322,21.9067,21.2227,83,0.224932249322493
"310111",0.514,NA,21445,"Greater Than the National Average Payment","3.3",NA,"No Different Than the National Rate","No Different Than the National Rate","Worse Than the National Value","high","94","230","3","Not Available","98",715,24,5.6,43.8,549,169,0,"91","87","81","74","82","79","87","74","85","82",559,0.9946,20.2794,20.3893,113,0.202146690518784
"310112",0.394,NA,21729,"Greater Than the National Average Payment","4.5",NA,"No Different Than the National Rate","No Different Than the National Rate","No Different Than the National Value","medium","91","176","1","Not Available","Not Available",326,26.1,0.9,55.7,272,80,0,"91","88","81","74","83","80","86","76","86","85",288,0.9989,21.9006,21.9241,63,0.21875
"310113",1.112,NA,21857,"Greater Than the National Average Payment","2.9",NA,"No Different Than the National Rate","No Different Than the National Rate","No Different Than the National Value","high","89","185","0","Not Available","Not Available",541,3.2,-14.8,24.7,439,126,1,"92","89","82","74","84","79","84","72","86","84",421,0.9582,19.2003,20.0387,78,0.185273159144893
"310115",NA,NA,21052,"No Different Than the National Average Payment","3.8",NA,"No Different Than the National Rate","No Different Than the National Rate","No Different Than the National Value","medium","94","180","2","Not Available","92",275,-4,-25.3,19,225,65,1,"88","87","77","68","85","75","86","71","81","80",231,0.98,19.1897,19.5807,43,0.186147186147186
"310130",NA,NA,22078,"Greater Than the National Average Payment","5.8",NA,"No Different Than the National Rate","No Different Than the National Rate","No Different Than the National Value","low","87","143","0","Not Available","94",183,-23.9,-43.1,-1.3,154,44,2,"89","88","79","72","80","78","82","83","84","83",144,0.8989,16.582,18.4476,17,0.118055555555556
"320001",1.174,NA,20372,"No Different Than the National Average Payment","9.4",NA,"No Different Than the National Rate","No Different Than the National Rate","Worse Than the National Value","very high","70","320","4","Not Available","Not Available",162,21.5,-7.5,55.3,131,38,1,"87","89","76","72","85","78","76","70","82","81",143,0.9691,19.644,20.2709,26,0.181818181818182
"320002",0,NA,15843,"Less Than the National Average Payment","2.6",NA,"No Different Than the National Rate","No Different Than the National Rate","No Different Than the National Value","high","80","184","3","Not Available","Not Available",307,-40.9,-55.6,-25,281,71,2,"90","89","82","72","83","78","84","78","87","87",243,0.8609,16.3285,18.9667,30,0.123456790123457
"320004",0,NA,20405,"No Different Than the National Average Payment","3.6",NA,"No Different Than the National Rate","No Different Than the National Rate","No Different Than the National Value","medium","56","219","1","Not Available","Not Available",96,-5.6,-29.8,23.1,85,27,1,"91","89","84","72","85","79","91","81","87","85",89,0.9887,17.6771,17.8789,15,0.168539325842697
"320005",0,NA,18603,"No Different Than the National Average Payment","3",NA,"Not Available","No Different Than the National Rate","No Different Than the National Value","high","72","154","3","Not Available","Not Available",249,-2.3,-23.1,21.2,209,61,1,"87","85","82","72","83","77","84","79","85","82",217,0.9522,18.0644,18.9706,36,0.165898617511521
"320006",NA,NA,17556,"Less Than the National Average Payment","8.6",NA,"No Different Than the National Rate","No Different Than the National Rate","No Different Than the National Value","medium","55","150","1","Not Available","57",165,-4.5,-25.7,21.2,137,43,1,"86","84","77","71","82","75","87","82","82","80",149,1.0194,19.2849,18.9174,30,0.201342281879195
"320009",0.206,NA,20491,"No Different Than the National Average Payment","5.5",NA,"No Different Than the National Rate","No Different Than the National Rate","No Different Than the National Value","medium","77","200","2","Not Available","Not Available",457,15.3,-3.9,36.4,398,123,1,"89","89","83","72","80","78","83","78","85","85",365,1.006,19.0707,18.9572,70,0.191780821917808
"320017",0,NA,20054,"No Different Than the National Average Payment","10.6",NA,"No Different Than the National Rate","No Different Than the National Rate","No Different Than the National Value","medium","88","198","5","Not Available","Not Available",55,8.1,-19.8,42.4,53,18,1,"87","85","81","69","77","74","78","79","83","84",48,1.0348,18.3264,17.7093,11,0.229166666666667
"320018",0.521,NA,20337,"No Different Than the National Average Payment","17.7",NA,"No Different Than the National Rate","No Different Than the National Rate","No Different Than the National Value","high","84","207","1","98","100",154,31.2,2.9,62.7,140,47,0,"88","86","79","71","84","76","85","78","83","83",137,0.9626,17.8667,18.5602,22,0.160583941605839
"320021",0.727,NA,18405,"Less Than the National Average Payment","5.3",NA,"No Different Than the National Rate","No Different Than the National Rate","No Different Than the National Value","very high","75","317","9","Not Available","71",739,-17.4,-31.3,-1.9,648,166,2,"90","89","83","73","83","79","85","82","88","88",621,0.845,16.081,19.0306,89,0.143317230273752
"320022",NA,NA,18167,"No Different Than the National Average Payment","8.5",NA,"No Different Than the National Rate","No Different Than the National Rate","No Different Than the National Value","medium","69","206","5","83","85",80,8.3,-16.3,36.7,71,29,1,"88","87","80","73","86","77","86","81","83","79",72,1.0508,19.117,18.1927,17,0.236111111111111
"320063",NA,NA,19079,"No Different Than the National Average Payment","8.2",NA,"No Different Than the National Rate","No Different Than the National Rate","No Different Than the National Value","medium","28","190","5","Not Available","Not Available",63,7,-22.5,43.6,53,17,1,"90","87","83","73","84","77","77","82","80","75",56,1.0154,17.8666,17.5949,11,0.196428571428571
"320065",NA,NA,19182,"No Different Than the National Average Payment","4.6",NA,"Number of Cases Too Small","No Different Than the National Rate","No Different Than the National Value","low","57","148","8","Not Available","Not Available",50,-22,-47.1,7.4,41,16,1,"Not Available","Not Available","Not Available","Not Available","Not Available","Not Available","Not Available","Not Available","Not Available","Not Available",45,1.0215,21.2309,20.7834,11,0.244444444444444
"320085",1.268,NA,19479,"No Different Than the National Average Payment","5.3",NA,"No Different Than the National Rate","No Different Than the National Rate","No Different Than the National Value","medium","55","160","3","Not Available","Not Available",254,25.3,1.2,51.3,211,79,0,"88","88","84","71","81","75","83","82","84","81",217,1.1246,21.2766,18.9188,54,0.248847926267281
"330005",1.113,NA,19877,"No Different Than the National Average Payment","3.2",NA,"No Different Than the National Rate","No Different Than the National Rate","Worse Than the National Value","very high","51","228","4","Not Available","93",782,21.4,4.4,39.5,665,210,0,"89","88","80","73","86","79","77","73","86","86",708,1.0367,20.7043,19.9717,149,0.21045197740113
"330009",0.576,NA,17984,"No Different Than the National Average Payment","12.1",NA,"No Different Than the National Rate","No Different Than the National Rate","No Different Than the National Value","very high","Not Available","200","5","Not Available","Not Available",97,41.9,5.3,84.5,80,28,0,"83","86","67","66","77","74","83","71","78","76",81,1.0425,22.3677,21.4566,21,0.259259259259259
"330011",1.285,NA,16833,"Less Than the National Average Payment","10.2",NA,"No Different Than the National Rate","No Different Than the National Rate","Worse Than the National Value","medium","95","233","3","Not Available","95",352,15.9,-7.1,41.2,280,85,1,"88","85","79","72","86","79","86","78","85","86",319,1.0467,20.3684,19.4597,68,0.213166144200627
"330013",0.844,NA,20418,"No Different Than the National Average Payment","8.2",NA,"Worse Than the National Rate","Worse Than the National Rate","Worse Than the National Value","very high","99","331","7","Not Available","90",471,-9.4,-28.3,11.8,405,117,1,"86","86","74","67","79","75","75","68","79","79",429,0.9122,18.6683,20.4646,74,0.172494172494172
"330014",1.238,NA,19035,"No Different Than the National Average Payment","5",NA,"No Different Than the National Rate","No Different Than the National Rate","No Different Than the National Value","very high","59","216","4","Not Available","Not Available",205,49.6,19.1,83.9,165,62,0,"85","86","74","66","75","75","84","76","81","78",185,1.0993,22.9937,20.9159,49,0.264864864864865
"330019",NA,NA,21633,"Greater Than the National Average Payment","0",NA,"Number of Cases Too Small","Worse Than the National Rate","No Different Than the National Value","medium","36","185","1","Not Available","Not Available",385,34,9.2,61.1,302,104,0,"82","80","73","59","67","71","82","72","76","71",330,1.0214,20.7808,20.3446,70,0.212121212121212
"330023",0.266,NA,20187,"No Different Than the National Average Payment","7.1",NA,"No Different Than the National Rate","Worse Than the National Rate","No Different Than the National Value","high","56","307","2","Not Available","Not Available",1266,8,-4.8,22,996,323,1,"90","89","78","73","86","79","84","85","86","87",1046,0.9886,19.9587,20.1892,208,0.198852772466539
"330024",0.697,NA,22194,"Greater Than the National Average Payment","2.6",NA,"Better Than the National Rate","No Different Than the National Rate","No Different Than the National Value","very high","81","234","2","Not Available","Not Available",881,5.5,-10.6,22.3,712,198,1,"89","91","78","72","84","80","83","71","87","86",799,0.8967,18.4236,20.5457,140,0.175219023779725
"330027",0.69,NA,19081,"No Different Than the National Average Payment","1.4",NA,"No Different Than the National Rate","No Different Than the National Rate","No Different Than the National Value","very high","42","169","3","Not Available","Not Available",91,62.6,20.2,112.2,79,23,0,"83","87","72","64","74","71","81","72","80","78",73,1.0451,21.8898,20.9444,19,0.26027397260274
"330028",1.638,NA,20099,"No Different Than the National Average Payment","3.1",NA,"No Different Than the National Rate","No Different Than the National Rate","No Different Than the National Value","Not Available","64","252","Not Available","Not Available","Not Available",122,26.7,-6.4,63.6,105,32,1,"87","86","76","72","81","75","85","72","80","76",105,1.0556,23.0882,21.8713,28,0.266666666666667
"330030",NA,NA,18942,"No Different Than the National Average Payment","6.4",NA,"No Different Than the National Rate","No Different Than the National Rate","No Different Than the National Value","medium","65","207","4","Not Available","Not Available",127,25.7,-1.8,59,100,39,1,"91","91","82","76","84","80","82","73","86","84",111,1.1057,21.8413,19.7527,31,0.279279279279279
"330043",1.183,NA,22466,"Greater Than the National Average Payment","3.5",NA,"No Different Than the National Rate","No Different Than the National Rate","Better Than the National Value","very high","61","232","1","Not Available","98",778,5.6,-10.8,22.3,642,175,1,"90","90","77","69","83","79","84","75","85","86",689,0.9327,18.8143,20.1719,125,0.181422351233672
"330044",0.828,NA,19795,"No Different Than the National Average Payment","4.3",NA,"No Different Than the National Rate","No Different Than the National Rate","No Different Than the National Value","medium","72","215","2","Not Available","Not Available",254,23.7,-1.2,49.8,222,74,1,"90","88","78","72","79","76","78","78","82","81",224,1.0483,21.3514,20.3671,51,0.227678571428571
"330045",0.65,NA,20726,"Greater Than the National Average Payment","0.2",NA,"No Different Than the National Rate","No Different Than the National Rate","No Different Than the National Value","high","68","206","1","Not Available","95",999,-7.5,-21.9,7.6,779,231,1,"92","90","80","76","86","82","89","75","88","90",824,0.9303,18.7846,20.192,150,0.182038834951456
"330046",0.6,NA,21635,"Greater Than the National Average Payment","5.3",NA,"No Different Than the National Rate","No Different Than the National Rate","No Different Than the National Value","very high","77","257","2","Not Available","Not Available",466,29.3,7.2,53.3,364,132,0,"87","88","75","70","83","79","85","73","83","81",413,1.0798,21.988,20.3638,96,0.232445520581114
"330047",NA,NA,18076,"No Different Than the National Average Payment","6.3",NA,"No Different Than the National Rate","No Different Than the National Rate","No Different Than the National Value","medium","80","204","5","Not Available","89",208,46.6,18.7,79.9,148,46,0,"88","85","78","73","83","76","83","70","84","82",202,1.0057,20.6014,20.4837,42,0.207920792079208
"330049",0,NA,19853,"No Different Than the National Average Payment","4.4",NA,"No Different Than the National Rate","No Different Than the National Rate","No Different Than the National Value","medium","59","166","2","Not Available","Not Available",269,5.4,-17.4,30.7,233,58,1,"93","89","82","78","90","82","89","83","91","92",212,0.9645,17.6121,18.2609,35,0.165094339622642
"330055",0.514,NA,20655,"No Different Than the National Average Payment","2.7",NA,"No Different Than the National Rate","No Different Than the National Rate","No Different Than the National Value","very high","97","283","8","Not Available","99",728,20.4,1.4,40.8,581,171,0,"87","88","79","72","86","77","86","74","84","84",625,1.0096,21.0172,20.8176,132,0.2112
"330056",1.65,NA,20382,"No Different Than the National Average Payment","6.2",NA,"No Different Than the National Rate","No Different Than the National Rate","No Different Than the National Value","high","45","198","3","Not Available","Not Available",120,39.7,6.4,78.2,92,34,0,"85","91","73","72","81","76","86","75","82","78",111,1.0303,21.5852,20.9499,26,0.234234234234234
"330057",0.745,NA,20546,"No Different Than the National Average Payment","7.4",NA,"No Different Than the National Rate","Worse Than the National Rate","Worse Than the National Value","high","68","373","5","Not Available","90",795,2.8,-12.7,18.9,658,187,1,"91","90","80","71","83","80","84","74","87","88",683,0.9906,20.0039,20.193,136,0.199121522693997
"330058",NA,NA,18565,"No Different Than the National Average Payment","8.7",NA,"No Different Than the National Rate","No Different Than the National Rate","No Different Than the National Value","medium","88","167","1","91","91",116,42.6,9,81.1,95,30,0,"87","88","78","70","83","76","75","81","80","77",103,0.9843,18.4845,18.7802,18,0.174757281553398
"330059",0.81,NA,19460,"No Different Than the National Average Payment","6.3",NA,"No Different Than the National Rate","No Different Than the National Rate","Worse Than the National Value","very high","72","248","3","Not Available","Not Available",994,-6.7,-23.1,10.2,742,211,1,"87","89","77","72","80","78","83","76","84","84",854,0.9963,22.0438,22.1257,188,0.220140515222482
"330073",0.895,NA,18616,"No Different Than the National Average Payment","14.4",NA,"No Different Than the National Rate","No Different Than the National Rate","No Different Than the National Value","medium","62","172","2","Not Available","Not Available",102,-0.2,-26.9,29.1,78,34,1,"92","90","83","72","87","78","81","76","86","85",84,1.0191,19.922,19.5481,18,0.214285714285714
"330074",1.144,NA,17903,"No Different Than the National Average Payment","9.3",NA,"No Different Than the National Rate","No Different Than the National Rate","No Different Than the National Value","medium","76","186","2","Not Available","Not Available",144,89.2,54.4,130.1,124,45,0,"92","92","85","75","87","82","82","76","89","90",129,1.1931,23.2565,19.4923,42,0.325581395348837
"330078",1.739,NA,19667,"No Different Than the National Average Payment","0.5",NA,"No Different Than the National Rate","No Different Than the National Rate","Worse Than the National Value","high","64","170","3","Not Available","Not Available",150,14.5,-13,45.7,121,39,1,"91","89","82","73","86","80","79","78","87","87",138,1.0499,21.5279,20.5045,33,0.239130434782609
"330080",1.562,NA,18511,"No Different Than the National Average Payment","3.5",NA,"No Different Than the National Rate","No Different Than the National Rate","No Different Than the National Value","very high","38","243","9","92","95",80,33.2,-5.1,75.5,57,25,1,"83","87","69","63","76","75","84","72","80","76",77,1.055,22.5208,21.3464,21,0.272727272727273
"330085",NA,NA,18928,"No Different Than the National Average Payment","3.6",NA,"No Different Than the National Rate","No Different Than the National Rate","No Different Than the National Value","medium","55","126","2","Not Available","Not Available",93,17.4,-10.1,49.9,84,28,1,"88","90","77","72","86","78","91","76","83","80",86,0.9857,17.3493,17.6007,14,0.162790697674419
"330090",1.581,NA,17953,"Less Than the National Average Payment","12.9",NA,"No Different Than the National Rate","No Different Than the National Rate","Worse Than the National Value","medium","85","191","4","Not Available","Not Available",293,-12.6,-30.1,7.7,233,78,1,"90","90","82","71","83","79","82","79","84","83",283,1.0055,21.0718,20.9575,60,0.212014134275618
"330094",NA,NA,18449,"No Different Than the National Average Payment","6.4",NA,"No Different Than the National Rate","No Different Than the National Rate","Worse Than the National Value","low","96","210","3","Not Available","Not Available",154,29.4,-0.8,63.8,125,47,1,"90","87","84","69","89","78","86","78","85","82",130,0.9877,21.414,21.6809,27,0.207692307692308
"330096",NA,NA,18213,"No Different Than the National Average Payment","12.8",NA,"Number of Cases Too Small","No Different Than the National Rate","No Different Than the National Value","low","73","154","3","91","Not Available",87,-8.9,-33.2,18.3,66,26,1,"91","91","85","75","87","80","87","83","87","86",69,1.0416,20.6996,19.8723,17,0.246376811594203
"330101",0.83,NA,22758,"Greater Than the National Average Payment","9.1",NA,"No Different Than the National Rate","Better Than the National Rate","Better Than the National Value","very high","97","244","3","Not Available","99",2455,-0.7,-12.2,11.1,1997,557,1,"90","91","79","75","84","81","85","76","88","89",1876,0.937,19.4746,20.7843,361,0.192430703624733
"330102",0.563,NA,18516,"No Different Than the National Average Payment","0.8",NA,"No Different Than the National Rate","No Different Than the National Rate","No Different Than the National Value","medium","63","208","4","Not Available","Not Available",158,8,-15.2,34.2,131,50,1,"92","90","86","76","88","81","86","77","88","88",130,0.9486,18.8391,19.8598,21,0.161538461538462
"330103",0,NA,18148,"No Different Than the National Average Payment","9.6",NA,"No Different Than the National Rate","No Different Than the National Rate","No Different Than the National Value","medium","39","147","2","50","6",268,30.8,6.5,58.6,208,69,0,"88","86","73","68","84","76","79","73","77","73",257,1.1638,22.4858,19.3207,68,0.264591439688716
"330104",0.631,NA,20499,"No Different Than the National Average Payment","1.7",NA,"No Different Than the National Rate","No Different Than the National Rate","No Different Than the National Value","high","75","216","2","Not Available","100",281,26.3,1.7,54,238,79,0,"87","87","77","67","79","75","83","71","81","79",195,1.0824,21.3668,19.7394,47,0.241025641025641
"330106",0.837,NA,21786,"Greater Than the National Average Payment","3.2",NA,"No Different Than the National Rate","No Different Than the National Rate","No Different Than the National Value","very high","66","285","2","Not Available","89",1504,24,9.9,38.9,1225,361,0,"89","90","77","70","84","81","85","77","87","87",1309,1.0347,20.3763,19.6933,269,0.20550038197097
"330107",0.574,NA,22511,"Greater Than the National Average Payment","1.2",NA,"No Different Than the National Rate","No Different Than the National Rate","No Different Than the National Value","medium","74","234","4","Not Available","Not Available",496,2.1,-14.7,21.6,398,127,1,"90","89","84","74","87","81","89","79","87","87",420,1.0388,20.3449,19.5848,88,0.20952380952381
"330115",NA,NA,18970,"No Different Than the National Average Payment","6.3",NA,"No Different Than the National Rate","No Different Than the National Rate","No Different Than the National Value","medium","68","187","2","74","74",85,36.7,5.1,72.3,72,31,0,"93","93","88","80","92","82","88","84","90","90",79,1.028,19.2265,18.7034,17,0.215189873417722
"330119",0.31,NA,23933,"Greater Than the National Average Payment","2.6",NA,"No Different Than the National Rate","No Different Than the National Rate","No Different Than the National Value","very high","66","196","2","Not Available","95",494,1.4,-16.9,19.9,412,132,1,"88","90","79","72","84","78","85","74","86","87",398,1.0235,19.9632,19.5056,81,0.203517587939698
"330125",1.182,NA,18560,"No Different Than the National Average Payment","4.6",NA,"No Different Than the National Rate","No Different Than the National Rate","Worse Than the National Value","very high","55","223","1","Not Available","Not Available",474,11.6,-8.6,32.7,392,116,1,"86","88","74","68","85","78","74","69","81","80",435,1.0101,20.7645,20.5577,91,0.209195402298851
"330126",1.232,NA,20512,"No Different Than the National Average Payment","3.4",NA,"No Different Than the National Rate","No Different Than the National Rate","No Different Than the National Value","low","78","267","16","Not Available","Not Available",810,17.5,1.3,35.8,633,209,0,"91","88","82","75","84","79","84","77","85","83",576,1.0268,21.5638,21.001,126,0.21875
"330127",0.92,NA,18526,"No Different Than the National Average Payment","1.8",NA,"No Different Than the National Rate","No Different Than the National Rate","No Different Than the National Value","very high","29","210","2","Not Available","97",178,9.2,-20,41,147,40,1,"83","87","70","66","75","75","82","74","80","79",124,1.0085,22.1138,21.9282,28,0.225806451612903
"330128",0.739,NA,19192,"No Different Than the National Average Payment","8.6",NA,"No Different Than the National Rate","No Different Than the National Rate","No Different Than the National Value","very high","53","282","5","Not Available","97",162,27.9,-4.1,65.4,133,38,1,"85","88","76","69","79","78","87","72","81","80",117,0.9699,19.6885,20.2994,21,0.179487179487179
"330135",NA,NA,21167,"No Different Than the National Average Payment","4.5",NA,"Number of Cases Too Small","No Different Than the National Rate","No Different Than the National Value","medium","74","178","1","78","83",150,36.1,6.7,69.5,118,47,0,"93","84","87","79","83","78","91","80","86","82",114,1.091,21.1906,19.4236,30,0.263157894736842
"330136",0,NA,18158,"Less Than the National Average Payment","2.6",NA,"No Different Than the National Rate","No Different Than the National Rate","Worse Than the National Value","low","77","198","1","Not Available","98",297,-4.5,-26.2,19.7,251,72,1,"90","89","78","73","88","79","84","74","85","83",254,0.8813,17.8278,20.2297,37,0.145669291338583
"330140",0.509,NA,21004,"Greater Than the National Average Payment","0.2",NA,"No Different Than the National Rate","No Different Than the National Rate","No Different Than the National Value","high","72","311","5","Not Available","Not Available",631,47,28,66.5,542,201,0,"91","89","82","71","84","79","81","81","88","88",681,1.1747,23.2047,19.7534,169,0.248164464023495
"330141",0.621,NA,22074,"Greater Than the National Average Payment","0.6",NA,"No Different Than the National Rate","No Different Than the National Rate","No Different Than the National Value","high","80","259","2","Not Available","Not Available",375,26.7,2.7,52.3,310,115,0,"83","83","67","62","74","71","77","64","71","68",328,1.047,22.2163,21.2183,76,0.231707317073171
"330153",0,NA,19884,"No Different Than the National Average Payment","1.6",NA,"No Different Than the National Rate","No Different Than the National Rate","Worse Than the National Value","high","90","285","4","Not Available","Not Available",441,40.2,18.1,65.1,368,107,0,"88","89","77","72","84","77","86","74","83","81",429,1.085,20.8721,19.2369,95,0.221445221445221
"330157",0.9,NA,17385,"Less Than the National Average Payment","13.9",NA,"No Different Than the National Rate","No Different Than the National Rate","No Different Than the National Value","medium","68","245","11","Not Available","91",253,27.9,3,55.8,212,71,0,"91","91","85","77","88","80","87","79","85","80",226,1.0167,20.3048,19.9709,47,0.207964601769911
"330158",0.305,NA,22574,"Greater Than the National Average Payment","7.7",NA,"No Different Than the National Rate","No Different Than the National Rate","No Different Than the National Value","medium","76","247","2","Not Available","Not Available",590,6.8,-11.7,26.4,494,140,1,"87","85","78","66","82","77","87","74","82","79",483,0.9128,18.4337,20.1957,83,0.17184265010352
"330160",1.414,NA,21100,"Greater Than the National Average Payment","3.9",NA,"No Different Than the National Rate","Worse Than the National Rate","Worse Than the National Value","very high","59","180","1","Not Available","95",1010,4.4,-9.4,18.8,779,240,1,"88","88","77","73","82","79","82","71","82","81",845,0.9874,19.7449,19.9961,166,0.196449704142012
"330162",0.709,NA,19859,"No Different Than the National Average Payment","2",NA,"No Different Than the National Rate","No Different Than the National Rate","Better Than the National Value","medium","76","211","0","Not Available","Not Available",339,-13.6,-30.8,6.4,287,81,1,"93","92","85","79","88","82","86","79","89","91",255,0.9378,17.319,18.4681,40,0.156862745098039
"330164",1.604,NA,16317,"Less Than the National Average Payment","7",NA,"No Different Than the National Rate","No Different Than the National Rate","No Different Than the National Value","high","69","304","8","Not Available","Not Available",310,38.4,13,65.8,263,85,0,"89","90","76","74","83","79","77","74","84","86",268,1.0535,20.7223,19.6705,59,0.220149253731343
"330169",1.387,NA,20307,"No Different Than the National Average Payment","4.1",NA,"No Different Than the National Rate","No Different Than the National Rate","No Different Than the National Value","very high","77","233","2","Not Available","Not Available",597,36.1,13.3,60.4,484,152,0,"83","86","69","67","75","73","82","72","78","76",552,0.9649,20.7288,21.4838,112,0.202898550724638
"330175",NA,NA,17711,"Less Than the National Average Payment","6.7",NA,"Number of Cases Too Small","No Different Than the National Rate","No Different Than the National Value","medium","98","189","5","Not Available","Not Available",194,42.8,14.3,76,157,59,0,"87","85","80","69","83","77","84","71","80","78",115,1.074,20.2659,18.8694,28,0.243478260869565
"330180",1.572,NA,19597,"No Different Than the National Average Payment","5.2",NA,"No Different Than the National Rate","No Different Than the National Rate","No Different Than the National Value","very high","70","225","3","Not Available","91",362,10.7,-11.9,35.4,295,79,1,"90","87","80","68","83","78","78","81","85","82",312,0.9448,19.4849,20.6234,57,0.182692307692308
"330181",NA,NA,20924,"No Different Than the National Average Payment","1.4",NA,"No Different Than the National Rate","No Different Than the National Rate","No Different Than the National Value","medium","67","154","0","Not Available","Not Available",171,29.1,-1.5,61.4,147,42,1,"92","91","85","78","89","82","90","81","89","89",142,0.9871,18.9088,19.1553,26,0.183098591549296
"330182",1.171,NA,22985,"Greater Than the National Average Payment","5",NA,"No Different Than the National Rate","No Different Than the National Rate","Worse Than the National Value","high","63","218","1","Not Available","97",2020,11.4,-0.1,23.7,1647,488,1,"94","91","85","79","89","84","89","77","93","94",1624,1.0303,20.8127,20.2004,340,0.20935960591133
"330184",1.972,NA,20426,"No Different Than the National Average Payment","3.2",NA,"No Different Than the National Rate","No Different Than the National Rate","No Different Than the National Value","medium","67","180","1","Not Available","Not Available",181,21.2,-5.4,50.4,148,54,1,"82","85","72","64","79","72","76","73","76","71",165,1.0568,20.7986,19.6804,38,0.23030303030303
"330185",1.441,NA,21106,"Greater Than the National Average Payment","1",NA,"No Different Than the National Rate","No Different Than the National Rate","No Different Than the National Value","medium","72","274","1","Not Available","Not Available",515,15.5,-5.9,36.9,403,133,1,"93","92","87","78","89","84","93","83","92","91",421,1.0284,22.3475,21.7308,96,0.228028503562945
"330188",0,NA,19903,"No Different Than the National Average Payment","6.3",NA,"No Different Than the National Rate","No Different Than the National Rate","No Different Than the National Value","medium","63","173","3","Not Available","Not Available",131,29.8,0.7,63.8,107,35,0,"91","90","83","72","87","79","87","80","87","84",107,1.0049,19.326,19.2321,21,0.196261682242991
"330191",0.637,NA,17789,"Less Than the National Average Payment","4.4",NA,"No Different Than the National Rate","No Different Than the National Rate","Worse Than the National Value","high","96","254","5","Not Available","Not Available",374,1.2,-17.7,22,316,113,1,"92","91","83","77","85","79","82","73","87","85",339,0.9844,19.4808,19.7889,65,0.191740412979351
"330193",0,NA,20870,"No Different Than the National Average Payment","6.7",NA,"Number of Cases Too Small","No Different Than the National Rate","No Different Than the National Value","medium","62","204","2","Not Available","Not Available",151,-13.4,-41.1,19,130,38,1,"88","86","78","70","81","77","86","76","84","82",118,0.955,22.2034,23.2498,23,0.194915254237288
"330194",0.936,NA,21208,"Greater Than the National Average Payment","5",NA,"No Different Than the National Rate","No Different Than the National Rate","No Different Than the National Value","very high","85","232","1","Not Available","Not Available",1226,43.3,26.8,60.7,963,300,0,"86","88","74","70","82","73","79","73","83","82",1082,1.0959,21.3367,19.4688,237,0.219038817005545
"330195",0.8,NA,21012,"Greater Than the National Average Payment","1.2",NA,"No Different Than the National Rate","No Different Than the National Rate","No Different Than the National Value","very high","63","247","2","Not Available","Not Available",1100,30,12.9,47.1,916,252,0,"90","90","82","73","83","79","89","81","87","87",943,1.052,20.5305,19.516,197,0.208907741251326
"330196",1.642,NA,18383,"No Different Than the National Average Payment","1.8",NA,"No Different Than the National Rate","No Different Than the National Rate","No Different Than the National Value","very high","33","199","1","91","94",428,49,23.7,77,346,110,0,"87","88","79","72","79","78","87","79","84","81",345,1.065,23.0855,21.6763,84,0.243478260869565
"330197",NA,NA,18651,"No Different Than the National Average Payment","8",NA,"No Different Than the National Rate","No Different Than the National Rate","No Different Than the National Value","medium","74","139","1","Not Available","Not Available",169,34.7,7.1,64.6,139,57,0,"89","90","84","78","87","80","84","75","85","85",141,1.0657,21.0979,19.7979,34,0.24113475177305
"330198",0.716,NA,21862,"Greater Than the National Average Payment","1.4",NA,"No Different Than the National Rate","No Different Than the National Rate","No Different Than the National Value","very high","72","271","6","Not Available","Not Available",694,20,1.8,39.4,571,165,0,"88","88","73","67","77","77","82","75","84","83",616,0.9568,18.9814,19.8381,114,0.185064935064935
"330202",1.597,NA,17896,"No Different Than the National Average Payment","2.1",NA,"No Different Than the National Rate","No Different Than the National Rate","No Different Than the National Value","very high","27","274","9","94","98",126,20.3,-9.5,54.8,106,33,1,"84","88","71","69","76","76","87","75","84","85",101,1.059,20.0153,18.9004,24,0.237623762376238
"330203",0.434,NA,18845,"No Different Than the National Average Payment","3.1",NA,"No Different Than the National Rate","No Different Than the National Rate","No Different Than the National Value","high","68","200","1","Not Available","Not Available",510,29.9,9.8,51.6,416,115,0,"89","87","76","69","84","77","79","71","84","84",440,1.08,19.5328,18.0859,91,0.206818181818182
"330204",1.107,NA,19442,"No Different Than the National Average Payment","4.2",NA,"No Different Than the National Rate","No Different Than the National Rate","No Different Than the National Value","very high","30","202","1","Not Available","96",90,0,-30.3,36.5,79,26,1,"85","88","72","69","79","77","80","66","83","82",76,1.0502,21.9252,20.8778,20,0.263157894736842
"330205",NA,NA,19707,"No Different Than the National Average Payment","5.4",NA,"No Different Than the National Rate","No Different Than the National Rate","No Different Than the National Value","low","76","165","1","Not Available","Not Available",104,-26.6,-49.9,1.3,83,19,1,"94","91","88","78","87","83","88","81","90","90",101,0.909,18.0511,19.858,12,0.118811881188119
"330208",0.488,NA,21126,"Greater Than the National Average Payment","12.2",NA,"No Different Than the National Rate","No Different Than the National Rate","No Different Than the National Value","high","38","238","2","Not Available","Not Available",373,49.8,22.4,79.5,299,88,0,"88","87","78","69","82","78","88","73","82","82",335,1.2015,24.0105,19.9838,93,0.277611940298507
"330211",NA,NA,17604,"No Different Than the National Average Payment","5.6",NA,"Number of Cases Too Small","No Different Than the National Rate","No Different Than the National Value","low","66","142","1","84","83",79,-25.9,-48.1,1.8,65,20,1,"90","89","84","74","84","78","86","81","83","82",65,0.9938,19.0947,19.2136,12,0.184615384615385
"330214",0.566,NA,22395,"Greater Than the National Average Payment","1.4",NA,"Better Than the National Rate","No Different Than the National Rate","Better Than the National Value","very high","99","211","1","Not Available","Not Available",3131,-14.8,-24.3,-5,2515,703,2,"92","91","81","76","86","81","87","77","89","89",2475,0.8989,19.561,21.7619,477,0.192727272727273
"330215",NA,NA,19523,"No Different Than the National Average Payment","2.9",NA,"No Different Than the National Rate","No Different Than the National Rate","No Different Than the National Value","medium","49","164","2","87","93",105,39.5,6.4,76.8,87,28,0,"89","87","79","71","86","79","81","78","85","84",104,1.1223,21.4295,19.0938,30,0.288461538461538
"330218",NA,NA,20557,"No Different Than the National Average Payment","6.4",NA,"Number of Cases Too Small","No Different Than the National Rate","No Different Than the National Value","medium","74","189","9","94","97",182,-18.4,-40,8.3,137,48,1,"91","93","83","74","90","81","89","82","87","84",159,0.9336,19.1974,20.5637,26,0.163522012578616
"330219",0.462,NA,20073,"No Different Than the National Average Payment","3.4",NA,"No Different Than the National Rate","Worse Than the National Rate","Worse Than the National Value","very high","88","346","10","86","91",115,29.9,-5.6,69.4,100,34,1,"89","88","80","74","88","78","83","76","85","85",97,0.975,21.3683,21.9158,19,0.195876288659794
"330221",0.871,NA,19155,"No Different Than the National Average Payment","4.7",NA,"No Different Than the National Rate","No Different Than the National Rate","No Different Than the National Value","very high","47","232","2","83","98",90,1.5,-31.1,40.5,67,23,1,"85","87","73","68","80","72","85","76","83","80",87,1.0295,22.952,22.2936,22,0.252873563218391
"330222",0,NA,18277,"No Different Than the National Average Payment","4.4",NA,"No Different Than the National Rate","No Different Than the National Rate","No Different Than the National Value","medium","96","276","5","Not Available","Not Available",355,-5.1,-23.5,16.8,304,90,1,"93","93","86","79","86","82","89","77","89","89",302,0.9038,17.7595,19.6501,47,0.155629139072848
"330224",0.495,NA,21114,"No Different Than the National Average Payment","2.4",NA,"No Different Than the National Rate","No Different Than the National Rate","No Different Than the National Value","medium","73","204","3","Not Available","90",307,-0.3,-21.3,22.3,249,81,1,"85","84","67","65","74","72","77","73","76","71",193,1.0357,21.0516,20.3267,43,0.22279792746114
"330226",0.831,NA,18390,"No Different Than the National Average Payment","0.7",NA,"No Different Than the National Rate","No Different Than the National Rate","No Different Than the National Value","high","53","293","2","Not Available","Not Available",328,32.7,6.9,60.1,264,78,0,"88","88","78","70","83","78","76","73","82","82",283,0.9968,20.5717,20.6383,58,0.204946996466431
"330229",NA,NA,20815,"No Different Than the National Average Payment","3.4",NA,"Number of Cases Too Small","No Different Than the National Rate","No Different Than the National Value","low","83","154","3","77","80",51,49.2,15,90.7,42,23,0,"91","90","84","73","91","78","89","83","82","79",46,1.1078,20.1472,18.1874,16,0.347826086956522
"330231",1.376,NA,19790,"No Different Than the National Average Payment","6.2",NA,"Number of Cases Too Small","No Different Than the National Rate","No Different Than the National Value","very high","56","259","1","Not Available","96",92,8.5,-27.7,50.4,76,13,1,"87","90","77","73","77","77","89","77","86","86",86,0.942,19.749,20.965,13,0.151162790697674
"330233",1.023,NA,18568,"No Different Than the National Average Payment","2",NA,"No Different Than the National Rate","No Different Than the National Rate","Worse Than the National Value","very high","29","199","5","Not Available","Not Available",214,47.4,17.7,83,174,60,0,"81","86","63","64","73","72","81","75","75","71",165,1.0235,21.4654,20.9717,37,0.224242424242424
"330234",0.62,NA,22511,"Greater Than the National Average Payment","8.5",NA,"No Different Than the National Rate","Worse Than the National Rate","Worse Than the National Value","very high","78","248","4","Not Available","94",341,35.9,10.6,64.8,302,84,0,"85","86","70","67","80","75","78","65","79","78",291,0.9998,19.9353,19.9389,58,0.199312714776632
"330235",1.608,NA,16976,"Less Than the National Average Payment","8.6",NA,"No Different Than the National Rate","No Different Than the National Rate","No Different Than the National Value","medium","53","233","5","Not Available","Not Available",264,47.5,19.1,77,205,78,0,"88","87","78","67","86","78","82","71","80","77",232,1.0942,23.6214,21.5869,61,0.262931034482759
"330239",NA,NA,19475,"No Different Than the National Average Payment","23.1",NA,"No Different Than the National Rate","No Different Than the National Rate","No Different Than the National Value","medium","97","154","3","Not Available","82",201,7.2,-16.7,35.1,164,56,1,"93","90","84","75","90","79","83","78","86","83",172,0.9147,17.9109,19.582,25,0.145348837209302
"330240",1.405,NA,20025,"No Different Than the National Average Payment","1.4",NA,"No Different Than the National Rate","No Different Than the National Rate","No Different Than the National Value","very high","38","136","4","92","Not Available",54,61.7,17.9,111.9,47,19,0,"86","88","69","68","76","76","89","74","82","79",43,1.0597,21.0836,19.8956,13,0.302325581395349
"330241",1.756,NA,20075,"No Different Than the National Average Payment","5.9",NA,"No Different Than the National Rate","No Different Than the National Rate","Worse Than the National Value","very high","51","291","3","Not Available","Not Available",479,30.5,8.5,53.8,397,122,0,"91","89","83","75","89","80","83","77","86","86",410,0.9602,18.2095,18.9646,72,0.175609756097561
"330245",0.374,NA,19272,"No Different Than the National Average Payment","1.8",NA,"No Different Than the National Rate","No Different Than the National Rate","No Different Than the National Value","medium","Not Available","197","2","84","Not Available",529,34.4,13.7,57.4,447,131,0,"88","86","76","67","84","77","75","71","80","79",430,1.0157,19.2963,18.9975,84,0.195348837209302
"330246",0.395,NA,21011,"No Different Than the National Average Payment","1.1",NA,"No Different Than the National Rate","No Different Than the National Rate","No Different Than the National Value","medium","73","220","2","Not Available","Not Available",132,47.2,16.3,84.6,111,42,0,"91","90","80","76","86","81","87","78","88","89",119,1.0434,19.5089,18.6968,26,0.218487394957983
"330250",0.67,NA,18659,"No Different Than the National Average Payment","4.8",NA,"No Different Than the National Rate","No Different Than the National Rate","Worse Than the National Value","medium","72","257","5","Not Available","Not Available",487,44.4,22.1,68.9,369,138,0,"89","89","82","72","83","79","85","78","82","82",414,1.0086,21.3577,21.1754,89,0.214975845410628
"330259",0,NA,22179,"Greater Than the National Average Payment","3.5",NA,"No Different Than the National Rate","No Different Than the National Rate","No Different Than the National Value","medium","67","236","2","Not Available","99",227,12.3,-12.1,39.4,200,60,1,"88","88","76","72","82","78","86","80","85","84",198,0.9871,19.6298,19.8871,38,0.191919191919192
"330261",0,NA,21957,"Greater Than the National Average Payment","4.3",NA,"No Different Than the National Rate","No Different Than the National Rate","No Different Than the National Value","medium","74","203","0","Not Available","Not Available",268,20,-3.8,46.1,225,73,1,"89","90","79","73","86","79","82","72","84","85",221,0.9792,19.1786,19.5858,41,0.18552036199095
"330264",1.454,NA,20790,"No Different Than the National Average Payment","1",NA,"No Different Than the National Rate","No Different Than the National Rate","No Different Than the National Value","high","54","194","1","100","100",407,9.1,-10.3,31.8,330,103,1,"91","89","80","73","85","78","86","75","84","82",368,1.0836,20.8263,19.2203,82,0.222826086956522
"330265",NA,NA,18672,"No Different Than the National Average Payment","17",NA,"No Different Than the National Rate","No Different Than the National Rate","No Different Than the National Value","low","58","170","2","Not Available","Not Available",60,14,-16.5,50.3,51,20,1,"92","93","89","82","89","83","80","80","89","89",52,1.0428,19.7298,18.9206,13,0.25
"330267",1.613,NA,19902,"No Different Than the National Average Payment","3.6",NA,"No Different Than the National Rate","No Different Than the National Rate","No Different Than the National Value","medium","97","190","2","97","98",433,-21.2,-39,-2.2,346,100,2,"91","91","82","76","88","81","88","78","88","86",357,0.8795,17.7736,20.208,55,0.15406162464986
"330273",NA,NA,19452,"No Different Than the National Average Payment","3",NA,"No Different Than the National Rate","No Different Than the National Rate","No Different Than the National Value","medium","62","187","5","Not Available","Not Available",269,12.5,-10.2,37.6,229,74,1,"92","91","81","75","88","79","86","78","88","86",228,1.0472,19.7186,18.8294,48,0.210526315789474
"330277",NA,NA,17947,"Less Than the National Average Payment","4.4",NA,"No Different Than the National Rate","No Different Than the National Rate","No Different Than the National Value","medium","97","212","4","Not Available","Not Available",198,27.4,3.1,54.8,164,59,0,"91","89","83","71","87","80","77","79","87","86",133,0.9901,17.779,17.9576,23,0.172932330827068
"330279",0.377,NA,18905,"No Different Than the National Average Payment","0.8",NA,"No Different Than the National Rate","No Different Than the National Rate","No Different Than the National Value","high","63","272","4","Not Available","Not Available",315,27.5,4.5,52.9,270,97,0,"90","89","85","72","87","78","81","72","85","84",257,1.0945,22.1378,20.2266,63,0.245136186770428
"330285",0.784,NA,17416,"Less Than the National Average Payment","20.3",NA,"No Different Than the National Rate","No Different Than the National Rate","Worse Than the National Value","very high","71","247","7","Not Available","Not Available",473,29.8,5.2,55.8,377,121,0,"90","91","81","76","87","81","78","71","87","88",427,1.0312,22.9261,22.2323,100,0.234192037470726
"330286",0.748,NA,22733,"Greater Than the National Average Payment","2.4",NA,"No Different Than the National Rate","No Different Than the National Rate","Worse Than the National Value","very high","73","244","2","Not Available","99",694,43.5,24.2,65.4,577,184,0,"89","87","79","72","82","77","86","71","83","82",646,1.034,20.8596,20.1736,137,0.212074303405573
"330304",0,NA,21417,"Greater Than the National Average Payment","5.3",NA,"No Different Than the National Rate","No Different Than the National Rate","Better Than the National Value","very high","100","172","0","Not Available","Not Available",634,18.2,-0.7,38.7,540,165,1,"92","91","80","77","86","82","91","75","89","90",482,0.9574,17.5989,18.3829,82,0.170124481327801
"330307",0.617,NA,20784,"No Different Than the National Average Payment","5.3",NA,"No Different Than the National Rate","No Different Than the National Rate","No Different Than the National Value","medium","65","226","3","Not Available","87",152,32.5,4.4,63.7,135,45,0,"92","91","86","76","89","82","87","78","87","88",143,1.0245,19.8553,19.3802,30,0.20979020979021
"330331",0.449,NA,21767,"Greater Than the National Average Payment","0.3",NA,"No Different Than the National Rate","No Different Than the National Rate","No Different Than the National Value","medium","63","224","1","Not Available","Not Available",519,5.9,-13,26.5,427,122,1,"90","89","83","72","83","79","88","75","86","84",400,1.0642,20.9623,19.6982,88,0.22
"330332",1.044,NA,21853,"Greater Than the National Average Payment","0.6",NA,"No Different Than the National Rate","No Different Than the National Rate","Worse Than the National Value","medium","72","254","1","Not Available","99",438,6.3,-13,27.4,358,105,1,"92","91","80","76","87","80","85","74","86","84",379,1.0663,19.726,18.4989,79,0.20844327176781
"330350",0.516,NA,22437,"Greater Than the National Average Payment","15.2",NA,"No Different Than the National Rate","No Different Than the National Rate","No Different Than the National Value","high","38","179","1","Not Available","90",113,52.5,17.8,91.8,103,39,0,"85","89","76","74","78","77","84","80","81","82",108,1.0289,20.4675,19.892,24,0.222222222222222
"330386",NA,NA,20825,"No Different Than the National Average Payment","1.8",NA,"No Different Than the National Rate","No Different Than the National Rate","No Different Than the National Value","medium","74","204","2","Not Available","Not Available",126,23.5,-6.9,58.5,103,40,1,"88","88","78","72","81","78","87","74","82","79",110,1.0335,20.7285,20.0571,25,0.227272727272727
"330393",0.838,NA,21305,"Greater Than the National Average Payment","4.2",NA,"No Different Than the National Rate","No Different Than the National Rate","No Different Than the National Value","very high","63","233","2","98","99",1519,27.3,13.5,41.5,1212,417,0,"90","89","82","73","87","80","83","74","86","86",1263,1.0444,21.7785,20.8527,278,0.220110847189232
"330394",0.696,NA,17343,"Less Than the National Average Payment","5.5",NA,"No Different Than the National Rate","No Different Than the National Rate","Worse Than the National Value","high","78","220","4","98","100",417,14.3,-4.2,34.9,362,113,1,"90","88","82","70","86","78","83","67","84","83",394,0.9912,19.1825,19.3519,75,0.190355329949239
"330395",1.801,NA,21121,"No Different Than the National Average Payment","5.2",NA,"Number of Cases Too Small","No Different Than the National Rate","No Different Than the National Value","high","61","233","2","Not Available","97",89,101.8,56.9,156.9,72,22,0,"82","86","68","64","77","73","82","69","79","75",65,1.0574,21.8272,20.6421,18,0.276923076923077
"330399",0.595,NA,19776,"No Different Than the National Average Payment","9.9",NA,"No Different Than the National Rate","No Different Than the National Rate","Worse Than the National Value","very high","69","304","10","Not Available","Not Available",70,31.5,-8.4,74.4,52,19,1,"81","85","67","62","76","72","82","74","77","74",65,1.0856,23.5671,21.7085,21,0.323076923076923
"330401",0.726,NA,19755,"No Different Than the National Average Payment","2.3",NA,"No Different Than the National Rate","No Different Than the National Rate","No Different Than the National Value","medium","70","217","1","Not Available","96",445,16.4,-2.6,37.9,370,137,1,"91","89","81","74","84","80","90","76","86","84",408,0.9386,19.4232,20.6948,75,0.183823529411765
"340001",0.519,NA,17260,"Less Than the National Average Payment","8.3",NA,"No Different Than the National Rate","No Different Than the National Rate","No Different Than the National Value","very high","82","200","6","Not Available","95",768,-4.6,-19.2,11.6,615,201,1,"90","91","80","74","86","81","82","83","87","87",607,0.9075,17.6792,19.4804,101,0.166392092257002
"340002",0.761,NA,20842,"Greater Than the National Average Payment","1.4",NA,"No Different Than the National Rate","No Different Than the National Rate","Better Than the National Value","very high","71","224","0","85","96",1264,-18.9,-30.3,-6.5,1066,305,2,"86","87","69","67","80","75","69","78","77","74",1192,0.8826,18.2243,20.6489,209,0.175335570469799
"340003",0,NA,17265,"Less Than the National Average Payment","5",NA,"No Different Than the National Rate","No Different Than the National Rate","No Different Than the National Value","medium","92","206","5","Not Available","96",169,0.9,-20.9,27.9,147,48,1,"93","94","88","80","90","83","92","83","91","89",171,0.9522,17.6458,18.5315,27,0.157894736842105
"340004",1.2,NA,19060,"No Different Than the National Average Payment","2.4",NA,"No Different Than the National Rate","No Different Than the National Rate","No Different Than the National Value","high","80","238","3","Not Available","Not Available",373,3,-17.5,24.9,296,100,1,"89","89","78","70","81","79","78","76","85","84",322,0.9965,21.1925,21.2672,68,0.211180124223602
"340008",1.207,NA,17177,"Less Than the National Average Payment","4.1",NA,"No Different Than the National Rate","No Different Than the National Rate","No Different Than the National Value","high","99","232","5","97","96",222,-3.6,-24.5,19.8,170,60,1,"92","92","84","77","81","77","87","82","88","87",212,0.948,18.163,19.1594,35,0.165094339622642
"340010",0.726,NA,19010,"No Different Than the National Average Payment","1.6",NA,"No Different Than the National Rate","No Different Than the National Rate","No Different Than the National Value","very high","100","232","5","Not Available","Not Available",403,17.7,-5.1,41.8,335,109,1,"90","90","81","77","88","80","86","81","85","82",362,0.9308,19.8381,21.3121,67,0.185082872928177
"340013",NA,NA,19085,"No Different Than the National Average Payment","3.4",NA,"No Different Than the National Rate","No Different Than the National Rate","No Different Than the National Value","medium","73","147","4","85","92",109,14,-11.4,44.5,93,31,1,"90","90","83","77","86","80","87","84","84","81",97,0.9977,19.742,19.7866,19,0.195876288659794
"340014",0.549,NA,19508,"No Different Than the National Average Payment","7.3",NA,"No Different Than the National Rate","No Different Than the National Rate","No Different Than the National Value","very high","96","211","5","87","93",837,17.5,1.9,34.7,684,209,0,"90","92","78","74","86","81","81","82","87","88",737,1.0853,21.9125,20.1895,167,0.226594301221167
"340015",1.394,NA,18478,"No Different Than the National Average Payment","4.4",NA,"No Different Than the National Rate","No Different Than the National Rate","No Different Than the National Value","high","90","207","5","92","96",213,30,3.1,62.3,181,39,0,"91","92","82","72","85","80","83","82","85","82",190,1.0321,18.9152,18.3276,38,0.2
"340016",NA,NA,22119,"No Different Than the National Average Payment","8.2",NA,"No Different Than the National Rate","No Different Than the National Rate","No Different Than the National Value","medium","70","197","6","91","97",85,29.8,-4.4,66.5,71,26,1,"91","92","82","77","85","79","84","79","85","83",79,1.0779,21.4648,19.9144,22,0.278481012658228
"340017",0.929,NA,19839,"No Different Than the National Average Payment","7.7",NA,"No Different Than the National Rate","No Different Than the National Rate","No Different Than the National Value","Not Available","83","229","Not Available","Not Available","Not Available",279,-34.9,-51,-16.5,248,64,2,"94","93","84","79","87","83","93","83","90","92",225,0.9501,18.3781,19.3439,38,0.168888888888889
"340020",NA,NA,18644,"No Different Than the National Average Payment","3.7",NA,"No Different Than the National Rate","No Different Than the National Rate","No Different Than the National Value","medium","59","195","7","91","95",169,5.6,-19.1,33.4,147,51,1,"87","87","74","71","84","76","86","76","79","73",167,1.0375,20.0969,19.3711,36,0.215568862275449
"340021",0.723,NA,18229,"Less Than the National Average Payment","8.8",NA,"No Different Than the National Rate","No Different Than the National Rate","No Different Than the National Value","very high","82","136","6","Not Available","92",432,5.4,-12.1,24.7,361,120,1,"90","89","80","73","86","78","79","81","86","85",379,0.9603,18.1108,18.8603,66,0.174142480211082
"340023",NA,NA,18949,"No Different Than the National Average Payment","9.6",NA,"No Different Than the National Rate","No Different Than the National Rate","No Different Than the National Value","medium","75","207","3","87","95",135,9.1,-16.1,36.7,121,32,1,"94","93","85","77","89","84","91","87","92","94",105,0.971,18.0108,18.5488,17,0.161904761904762
"340024",NA,NA,18672,"No Different Than the National Average Payment","6.9",NA,"Number of Cases Too Small","No Different Than the National Rate","No Different Than the National Value","medium","100","152","3","Not Available","96",109,9.5,-15.8,39.7,86,34,1,"91","94","84","78","87","81","80","86","84","79",99,1.0613,20.2761,19.1051,24,0.242424242424242
"340027",1.459,NA,19185,"No Different Than the National Average Payment","2.5",NA,"No Different Than the National Rate","No Different Than the National Rate","No Different Than the National Value","high","96","192","3","Not Available","Not Available",349,11,-9.5,33.4,275,96,1,"90","89","79","70","85","78","81","79","84","80",359,1.0187,20.2664,19.8936,74,0.206128133704735
"340028",0.952,NA,17470,"Less Than the National Average Payment","2.4",NA,"No Different Than the National Rate","No Different Than the National Rate","Worse Than the National Value","very high","74","215","14","Not Available","98",830,1.6,-13.1,18.2,636,217,1,"89","89","79","75","83","78","81","82","83","79",789,1.0921,23.0627,21.1173,188,0.238276299112801
"340030",0.915,NA,19115,"No Different Than the National Average Payment","9.1",NA,"No Different Than the National Rate","Worse Than the National Rate","No Different Than the National Value","very high","97","442","2","93","Not Available",864,-2.1,-17.2,15,701,212,1,"94","94","85","80","90","85","85","85","92","94",739,0.9557,20.4389,21.3865,148,0.200270635994587
"340032",0.407,NA,18836,"No Different Than the National Average Payment","5.7",NA,"No Different Than the National Rate","No Different Than the National Rate","No Different Than the National Value","very high","94","212","3","92","89",794,-1,-15.8,14.9,617,217,1,"90","90","82","73","87","79","81","74","86","85",682,0.9576,19.4848,20.3477,130,0.190615835777126
"340039",2.335,NA,17936,"Less Than the National Average Payment","0.6",NA,"No Different Than the National Rate","No Different Than the National Rate","No Different Than the National Value","medium","89","177","4","Not Available","Not Available",242,8.1,-14.3,33.5,199,66,1,"91","90","83","74","89","80","85","84","89","88",212,1.0254,19.9739,19.4795,44,0.207547169811321
"340040",0.551,NA,18579,"Less Than the National Average Payment","1.5",NA,"Better Than the National Rate","No Different Than the National Rate","No Different Than the National Value","very high","97","282","6","Not Available","Not Available",1523,41.9,27.9,56.7,1201,405,0,"90","91","81","75","86","80","82","81","88","88",1314,1.0843,21.7322,20.0435,291,0.221461187214612
"340041",2.705,NA,18001,"No Different Than the National Average Payment","4.5",NA,"No Different Than the National Rate","No Different Than the National Rate","No Different Than the National Value","medium","92","168","6","Not Available","Not Available",103,-27.4,-48.7,-0.5,88,28,2,"88","89","82","72","85","76","86","81","83","81",93,0.9133,18.1873,19.9147,11,0.118279569892473
"340042",4.515,NA,16302,"Less Than the National Average Payment","1.9",NA,"No Different Than the National Rate","No Different Than the National Rate","No Different Than the National Value","high","84","228","5","Not Available","96",215,29.5,4.4,56.6,191,69,0,"90","89","83","75","86","79","83","79","83","80",178,0.9986,19.1542,19.1816,34,0.191011235955056
"340047",1.202,NA,17818,"Less Than the National Average Payment","5.2",NA,"No Different Than the National Rate","No Different Than the National Rate","No Different Than the National Value","very high","95","229","2","Not Available","Not Available",626,0.4,-17.3,19.8,509,154,1,"90","90","80","75","84","81","82","82","88","88",527,0.9022,19.1415,21.2162,94,0.178368121442125
"340050",1.089,NA,17599,"Less Than the National Average Payment","6.5",NA,"No Different Than the National Rate","No Different Than the National Rate","No Different Than the National Value","high","99","258","5","Not Available","Not Available",341,56.9,31.9,85.7,253,106,0,"91","89","81","79","82","79","78","86","85","80",336,1.1733,24.6922,21.0447,94,0.279761904761905
"340051",0.578,NA,17728,"Less Than the National Average Payment","1.1",NA,"No Different Than the National Rate","No Different Than the National Rate","No Different Than the National Value","medium","84","197","3","Not Available","Not Available",166,-7,-30,20.5,135,47,1,"94","94","86","81","88","83","86","85","90","90",139,1.056,21.8047,20.6485,34,0.244604316546763
"340053",0.443,NA,19376,"No Different Than the National Average Payment","4.1",NA,"No Different Than the National Rate","No Different Than the National Rate","No Different Than the National Value","very high","95","175","8","91","99",396,21.4,-0.1,44.8,324,104,1,"92","92","81","75","88","82","79","85","88","89",366,1.0375,21.9958,21.2016,83,0.226775956284153
"340060",NA,NA,18257,"No Different Than the National Average Payment","0.7",NA,"Number of Cases Too Small","No Different Than the National Rate","No Different Than the National Value","Not Available","97","194","Not Available","Not Available","Not Available",72,6.5,-20.3,38.4,62,20,1,"92","93","84","79","89","84","84","81","87","87",74,1.0248,16.8247,16.4176,14,0.189189189189189
"340061",0.709,NA,17490,"Less Than the National Average Payment","4.2",NA,"No Different Than the National Rate","No Different Than the National Rate","No Different Than the National Value","very high","97","262","6","Not Available","Not Available",458,6,-13.7,28.8,401,116,1,"91","92","81","77","88","83","85","84","90","91",405,0.9085,18.6035,20.4762,69,0.17037037037037
"340064",1.665,NA,18254,"No Different Than the National Average Payment","5.5",NA,"Number of Cases Too Small","No Different Than the National Rate","No Different Than the National Value","medium","83","172","5","Not Available","Not Available",101,-32.8,-53,-7,87,25,2,"92","91","84","77","86","81","86","83","87","84",84,0.9475,18.5479,19.575,12,0.142857142857143
"340068",0,NA,20500,"No Different Than the National Average Payment","10.7",NA,"No Different Than the National Rate","No Different Than the National Rate","No Different Than the National Value","low","95","176","13","93","99",141,60,24.3,97.5,110,55,0,"93","90","80","74","85","80","79","79","86","83",149,1.0661,21.9296,20.5701,37,0.248322147651007
"340069",0.4,NA,19070,"No Different Than the National Average Payment","3",NA,"No Different Than the National Rate","No Different Than the National Rate","No Different Than the National Value","very high","97","220","3","91","99",1020,15.8,1.1,30.7,813,251,0,"92","92","85","78","88","81","84","82","90","91",824,0.9907,18.8851,19.0627,155,0.188106796116505
"340070",0.32,NA,18482,"No Different Than the National Average Payment","3.7",NA,"No Different Than the National Rate","No Different Than the National Rate","No Different Than the National Value","high","90","206","6","96","99",376,33.5,11.1,56.7,287,101,0,"90","91","80","72","87","78","83","78","85","81",339,1.0631,21.7876,20.4946,78,0.230088495575221
"340071",NA,NA,17719,"Less Than the National Average Payment","2.2",NA,"No Different Than the National Rate","No Different Than the National Rate","No Different Than the National Value","low","72","204","5","Not Available","94",182,19.2,-4.4,47,141,66,1,"91","92","85","77","85","79","83","87","85","82",172,1.0479,20.8465,19.8938,39,0.226744186046512
"340073",0.918,NA,18963,"No Different Than the National Average Payment","5.7",NA,"No Different Than the National Rate","No Different Than the National Rate","No Different Than the National Value","high","97","259","2","97","Not Available",371,3.3,-17.2,26.9,296,89,1,"92","93","85","79","91","84","89","87","91","92",307,0.9779,19.701,20.1459,59,0.192182410423453
"340075",0,NA,18406,"No Different Than the National Average Payment","6.8",NA,"No Different Than the National Rate","No Different Than the National Rate","No Different Than the National Value","high","87","158","5","Not Available","Not Available",161,21.1,-5.8,52.6,139,49,1,"91","90","79","74","85","80","84","79","85","83",147,0.9778,20.0663,20.5216,28,0.19047619047619
"340085",NA,NA,17074,"Less Than the National Average Payment","5.2",NA,"No Different Than the National Rate","No Different Than the National Rate","No Different Than the National Value","medium","88","185","6","95","95",75,54.8,17.1,99.6,65,20,0,"91","92","81","74","88","81","88","84","88","86",78,1.0448,20.615,19.731,19,0.243589743589744
"340087",NA,NA,19083,"No Different Than the National Average Payment","3.1",NA,"No Different Than the National Rate","No Different Than the National Rate","No Different Than the National Value","medium","71","148","1","93","Not Available",89,15.4,-14.9,52.5,81,20,1,"93","93","83","76","84","83","89","88","90","88",81,0.995,18.927,19.0228,15,0.185185185185185
"340090",2.11,NA,18743,"No Different Than the National Average Payment","8.3",NA,"No Different Than the National Rate","No Different Than the National Rate","No Different Than the National Value","very high","97","208","5","Not Available","Not Available",479,10.5,-7.7,30.4,390,145,1,"92","91","85","78","89","82","88","87","89","87",403,1.1773,24.2599,20.6056,109,0.270471464019851
"340091",0.723,NA,17600,"Less Than the National Average Payment","2.4",NA,"No Different Than the National Rate","No Different Than the National Rate","Worse Than the National Value","very high","94","221","5","96","99",908,-12.4,-26.2,3.5,759,196,1,"91","92","82","74","86","81","86","83","89","90",832,0.8583,17.0567,19.8719,132,0.158653846153846
"340096",NA,NA,17214,"Less Than the National Average Payment","4.6",NA,"No Different Than the National Rate","No Different Than the National Rate","No Different Than the National Value","medium","90","162","3","Not Available","Not Available",131,11.5,-17.6,43.8,100,34,1,"91","91","83","74","85","81","82","80","88","85",104,1.0599,21.2606,20.0583,26,0.25
"340097",NA,NA,18700,"No Different Than the National Average Payment","1.7",NA,"Number of Cases Too Small","No Different Than the National Rate","No Different Than the National Value","medium","93","168","1","Not Available","Not Available",93,31.5,1.7,66.8,76,35,0,"94","92","85","75","90","83","92","86","91","89",81,1.0044,19.394,19.3094,16,0.197530864197531
"340098",1.085,NA,17513,"Less Than the National Average Payment","3.3",NA,"No Different Than the National Rate","No Different Than the National Rate","No Different Than the National Value","very high","82","178","4","Not Available","97",841,-10.6,-22.6,3.6,701,212,1,"91","91","79","72","82","81","86","82","89","88",681,0.9702,17.6141,18.1552,118,0.173274596182085
"340099",0,NA,16925,"Less Than the National Average Payment","2.4",NA,"No Different Than the National Rate","No Different Than the National Rate","No Different Than the National Value","medium","99","135","2","Not Available","Not Available",193,45.5,16.4,77.3,148,58,0,"90","92","81","77","83","76","88","74","84","79",184,1.2019,23.6499,19.677,56,0.304347826086957
"340107",NA,NA,19041,"No Different Than the National Average Payment","1.6",NA,"No Different Than the National Rate","No Different Than the National Rate","No Different Than the National Value","medium","98","216","6","Not Available","Not Available",155,35.8,9.1,65.7,138,59,0,"91","92","84","77","83","81","87","83","88","86",148,1.1588,22.3416,19.2804,43,0.290540540540541
"340109",0,NA,20540,"No Different Than the National Average Payment","5.4",NA,"No Different Than the National Rate","No Different Than the National Rate","No Different Than the National Value","high","82","150","2","Not Available","Not Available",398,1.5,-17.2,21.8,315,122,1,"92","90","81","78","88","81","89","85","87","86",346,0.9676,20.0039,20.6734,67,0.19364161849711
"340113",0.813,NA,17597,"Less Than the National Average Payment","7.6",NA,"No Different Than the National Rate","No Different Than the National Rate","No Different Than the National Value","very high","84","226","5","Not Available","97",561,21.6,2.6,42.4,472,147,0,"91","90","79","73","86","81","82","79","88","88",514,1.001,19.831,19.8106,102,0.198443579766537
"340114",1.064,NA,18470,"Less Than the National Average Payment","2.2",NA,"No Different Than the National Rate","No Different Than the National Rate","No Different Than the National Value","very high","98","194","2","Not Available","Not Available",1342,-9.6,-21.7,3.2,1093,315,1,"92","92","85","77","86","83","88","84","91","92",1097,0.9685,19.519,20.1538,212,0.193254329990884
"340115",0.532,NA,17305,"Less Than the National Average Payment","2.2",NA,"Better Than the National Rate","No Different Than the National Rate","Better Than the National Value","very high","95","205","5","95","97",983,-3.6,-16.9,10.8,807,240,1,"93","93","86","78","86","83","86","85","91","92",929,0.9447,18.377,19.4537,167,0.179763186221744
"340116",1.125,NA,20559,"No Different Than the National Average Payment","6.6",NA,"No Different Than the National Rate","No Different Than the National Rate","No Different Than the National Value","medium","51","184","1","93","94",273,6.1,-14.9,30.1,222,65,1,"88","89","78","71","83","77","79","79","83","82",230,0.9586,18.5956,19.3992,40,0.173913043478261
"340119",NA,NA,17770,"Less Than the National Average Payment","15.7",NA,"No Different Than the National Rate","No Different Than the National Rate","No Different Than the National Value","low","75","144","2","Not Available","95",207,-10.3,-29.7,13.4,159,58,1,"92","92","87","78","90","82","93","84","89","87",194,1.0285,20.6867,20.1133,42,0.216494845360825
"340120",NA,NA,16791,"Less Than the National Average Payment","1.3",NA,"Number of Cases Too Small","No Different Than the National Rate","No Different Than the National Value","medium","97","183","5","Not Available","Not Available",206,40.1,14.9,69.2,152,63,0,"94","97","89","82","91","84","87","87","90","88",171,1.0819,21.4613,19.8371,42,0.245614035087719
"340123",NA,NA,17350,"Less Than the National Average Payment","6.3",NA,"Number of Cases Too Small","No Different Than the National Rate","No Different Than the National Value","medium","94","205","8","79","83",100,25.7,-8,64.7,86,27,1,"93","92","85","74","87","80","82","84","87","83",86,1.0615,20.9258,19.7134,22,0.255813953488372
"340126",1.733,NA,18653,"No Different Than the National Average Payment","8.3",NA,"No Different Than the National Rate","No Different Than the National Rate","No Different Than the National Value","medium","91","230","10","88","92",362,16,-5,37.9,288,98,1,"88","90","77","69","83","77","74","83","80","74",370,1.0341,19.9401,19.2817,76,0.205405405405405
"340129",NA,NA,19495,"No Different Than the National Average Payment","4",NA,"No Different Than the National Rate","No Different Than the National Rate","No Different Than the National Value","medium","54","169","3","39","47",156,3.6,-19.1,30.3,135,47,1,"88","89","78","72","84","77","74","80","82","79",142,1.011,19.2161,19.0078,28,0.197183098591549
"340130",0.307,NA,18082,"Less Than the National Average Payment","3.7",NA,"No Different Than the National Rate","No Different Than the National Rate","No Different Than the National Value","very high","81","131","2","Not Available","98",447,30.6,10.7,52.7,366,134,0,"92","93","81","76","84","82","85","84","90","89",343,1.0028,19.1882,19.1344,66,0.192419825072886
"340131",0.479,NA,18603,"Less Than the National Average Payment","8",NA,"No Different Than the National Rate","No Different Than the National Rate","No Different Than the National Value","high","97","204","4","Not Available","Not Available",767,7.8,-8.9,25.1,627,201,1,"91","91","86","76","86","81","83","84","89","90",634,0.9205,18.845,20.4734,114,0.17981072555205
"340132",0,NA,17307,"Less Than the National Average Payment","2.9",NA,"No Different Than the National Rate","No Different Than the National Rate","No Different Than the National Value","medium","99","183","3","95","100",98,11.7,-18.5,45.4,83,37,1,"87","89","74","70","80","76","82","79","80","76",112,1.1077,22.3948,20.2166,32,0.285714285714286
"340141",0.77,NA,19235,"No Different Than the National Average Payment","6.6",NA,"Worse Than the National Rate","No Different Than the National Rate","No Different Than the National Value","very high","90","172","4","Not Available","Not Available",1445,-1.6,-12.9,10.6,1199,362,1,"89","90","76","74","87","80","76","81","82","81",1249,0.9189,17.7343,19.2992,216,0.172938350680544
"340142",1.835,NA,16983,"Less Than the National Average Payment","3.9",NA,"No Different Than the National Rate","No Different Than the National Rate","No Different Than the National Value","medium","94","208","3","Not Available","100",383,12.4,-5.8,31.6,317,122,1,"93","92","85","78","90","82","89","84","90","89",345,1.1128,20.2765,18.2207,77,0.223188405797101
"340143",1.076,NA,19198,"No Different Than the National Average Payment","4.4",NA,"No Different Than the National Rate","No Different Than the National Rate","No Different Than the National Value","high","91","231","7","97","Not Available",240,-37.1,-53.7,-18.8,207,63,2,"93","92","85","76","87","82","86","85","90","90",218,0.851,16.2385,19.0825,25,0.114678899082569
"340144",NA,NA,NA,"Number of Cases Too Small","Not Available",NA,"Not Available","No Different Than the National Rate","No Different Than the National Value","low","Not Available","Not Available","3","Not Available","Not Available",36,6,-19.2,37.9,30,14,1,"Not Available","Not Available","Not Available","Not Available","Not Available","Not Available","Not Available","Not Available","Not Available","Not Available",46,1.0307,19.6128,19.0278,11,0.239130434782609
"340145",0.805,NA,18113,"No Different Than the National Average Payment","5.1",NA,"Number of Cases Too Small","No Different Than the National Rate","No Different Than the National Value","high","83","158","2","Not Available","96",207,3.6,-18.8,27.9,175,61,1,"94","93","85","79","87","84","91","88","92","92",173,1.0078,19.3598,19.2109,34,0.196531791907514
"340147",0.996,NA,18776,"No Different Than the National Average Payment","3.4",NA,"No Different Than the National Rate","No Different Than the National Rate","No Different Than the National Value","very high","86","194","2","Not Available","Not Available",555,9.3,-7.8,27.3,430,155,1,"91","90","83","75","87","81","86","80","87","84",502,1.0437,20.7435,19.8751,107,0.213147410358566
"340151",0,NA,19943,"No Different Than the National Average Payment","3.9",NA,"No Different Than the National Rate","No Different Than the National Rate","No Different Than the National Value","medium","96","222","9","Not Available","Not Available",233,31.3,5.8,60.8,179,74,0,"88","91","77","71","82","77","79","80","82","77",219,1.2188,25.2173,20.6904,69,0.315068493150685
"340155",0.838,NA,17532,"Less Than the National Average Payment","5.4",NA,"No Different Than the National Rate","No Different Than the National Rate","No Different Than the National Value","high","97","289","14","92","Not Available",428,-8.2,-26.7,10.2,335,100,1,"92","93","83","77","87","83","84","82","88","89",405,0.9925,20.1237,20.2753,81,0.2
"340158",NA,NA,17834,"Less Than the National Average Payment","11.7",NA,"No Different Than the National Rate","No Different Than the National Rate","No Different Than the National Value","medium","95","157","4","92","91",331,0.8,-18.9,20.7,260,95,1,"91","92","79","77","88","82","88","87","89","89",254,1.0011,18.8702,18.8502,48,0.188976377952756
"340159",NA,NA,19980,"No Different Than the National Average Payment","4.7",NA,"Number of Cases Too Small","Number of Cases Too Small","No Different Than the National Value","low","69","191","5","94","99",47,8.2,-18.7,40.8,37,21,1,"Not Available","Not Available","Not Available","Not Available","Not Available","Not Available","Not Available","Not Available","Not Available","Not Available",43,1.0858,19.9993,18.4194,14,0.325581395348837
"340166",1.068,NA,17354,"Less Than the National Average Payment","3.7",NA,"No Different Than the National Rate","No Different Than the National Rate","No Different Than the National Value","very high","82","173","3","Not Available","94",173,2,-23.2,31.2,145,43,1,"88","86","75","71","80","76","78","80","81","78",138,0.934,18.4593,19.7633,21,0.152173913043478
"340171",0.449,NA,18836,"No Different Than the National Average Payment","4.8",NA,"No Different Than the National Rate","No Different Than the National Rate","No Different Than the National Value","medium","92","224","4","94","96",520,0.1,-18.5,19.8,421,112,1,"91","92","78","73","87","83","83","83","88","88",463,0.9227,17.7591,19.2479,77,0.166306695464363
"340173",0,NA,17778,"Less Than the National Average Payment","3.9",NA,"No Different Than the National Rate","No Different Than the National Rate","No Different Than the National Value","very high","98","194","2","94","99",479,-10.4,-27,7.9,404,103,1,"93","92","86","79","88","83","81","83","90","91",418,0.8865,16.6938,18.8316,62,0.148325358851675
"340183",0,NA,17918,"Less Than the National Average Payment","3.4",NA,"No Different Than the National Rate","No Different Than the National Rate","No Different Than the National Value","medium","93","226","5","98","100",321,18.9,-2.4,44.3,281,97,1,"90","92","78","74","85","82","84","83","87","86",239,1.1348,20.7726,18.3045,58,0.242677824267782
"340184",1.871,NA,17702,"Less Than the National Average Payment","9.1",NA,"No Different Than the National Rate","No Different Than the National Rate","No Different Than the National Value","medium","71","173","3","94","95",233,-7.3,-25.9,12.3,210,61,1,"91","91","82","76","85","79","73","74","85","85",186,1.013,17.8289,17.5994,34,0.182795698924731
"340187",NA,NA,16914,"Less Than the National Average Payment","3.5",NA,"No Different Than the National Rate","No Different Than the National Rate","No Different Than the National Value","medium","85","156","1","Not Available","Not Available",114,-23.7,-48.1,5,87,25,1,"94","94","89","84","89","85","89","93","95","97",88,0.9678,19.5303,20.181,15,0.170454545454545
"340188",NA,NA,19215,"No Different Than the National Average Payment","1.1",NA,"No Different Than the National Rate","No Different Than the National Rate","No Different Than the National Value","high","63","210","6","Not Available","Not Available",82,31.4,-2.4,69.9,74,23,1,"93","91","91","80","85","83","93","92","93","92",63,1.0048,18.5497,18.4602,12,0.19047619047619
"340190",NA,NA,17415,"Less Than the National Average Payment","5.9",NA,"No Different Than the National Rate","No Different Than the National Rate","No Different Than the National Value","medium","90","188","4","93","96",120,-3.4,-29.4,27.4,100,29,1,"93","93","87","78","89","85","92","92","93","94",100,0.9951,19.32,19.4146,19,0.19
"350002",1.099,NA,19074,"No Different Than the National Average Payment","21.2",NA,"Worse Than the National Rate","No Different Than the National Rate","No Different Than the National Value","low","80","153","3","Not Available","100",251,-11.7,-32.6,12,204,61,1,"90","90","81","75","85","79","78","82","84","84",216,0.8576,17.6315,20.5602,28,0.12962962962963
"350006",0,NA,17835,"Less Than the National Average Payment","6.6",NA,"No Different Than the National Rate","No Different Than the National Rate","No Different Than the National Value","medium","53","253","5","Not Available","Not Available",294,3,-20.3,28,237,85,1,"88","89","80","72","81","77","82","80","82","80",232,1.0477,21.9141,20.9172,54,0.232758620689655
"350011",0.494,NA,20334,"No Different Than the National Average Payment","7.4",NA,"No Different Than the National Rate","No Different Than the National Rate","No Different Than the National Value","very high","94","200","3","Not Available","Not Available",798,-22.3,-36,-8.4,656,208,2,"90","90","82","73","87","81","82","86","88","88",660,0.8988,18.6484,20.747,116,0.175757575757576
"350015",0.765,NA,18219,"Less Than the National Average Payment","5.8",NA,"No Different Than the National Rate","No Different Than the National Rate","No Different Than the National Value","medium","91","156","6","Not Available","Not Available",486,-21.3,-37.7,-2.4,409,118,2,"90","91","83","76","85","82","78","80","88","89",390,0.8235,17.099,20.7634,54,0.138461538461538
"350019",0.622,NA,20905,"Greater Than the National Average Payment","7.6",NA,"No Different Than the National Rate","No Different Than the National Rate","No Different Than the National Value","medium","97","154","2","Not Available","Not Available",440,-2,-19.8,17,370,118,1,"90","90","78","73","83","79","83","78","84","83",354,1.0032,19.715,19.653,70,0.19774011299435
"350070",0.332,NA,22617,"Greater Than the National Average Payment","6.4",NA,"No Different Than the National Rate","No Different Than the National Rate","Better Than the National Value","medium","95","116","1","Not Available","Not Available",408,-0.8,-18.9,18.8,340,121,1,"92","91","84","75","85","81","83","84","90","91",301,0.9511,19.0408,20.0202,54,0.179401993355482
"360001",1.512,NA,19264,"No Different Than the National Average Payment","2.8",NA,"No Different Than the National Rate","No Different Than the National Rate","No Different Than the National Value","medium","90","171","1","Not Available","Not Available",419,-7.8,-26.2,13.2,340,101,1,"90","88","82","73","84","80","77","83","86","84",389,0.9965,20.3681,20.4389,79,0.203084832904884
"360002",NA,NA,20203,"No Different Than the National Average Payment","4.4",NA,"Number of Cases Too Small","No Different Than the National Rate","No Different Than the National Value","low","78","159","1","87","94",115,8.4,-17.1,38,98,34,1,"94","89","89","78","89","82","91","85","90","86",101,0.9704,18.7696,19.3414,17,0.168316831683168
"360003",1.472,NA,18800,"No Different Than the National Average Payment","5.7",NA,"No Different Than the National Rate","Worse Than the National Rate","No Different Than the National Value","high","97","304","0","87","Not Available",185,24.6,-7.9,63.3,156,36,1,"89","90","76","73","87","80","81","81","86","86",160,0.8954,19.661,21.9574,24,0.15
"360006",1.075,NA,19552,"No Different Than the National Average Payment","4.4",NA,"No Different Than the National Rate","No Different Than the National Rate","No Different Than the National Value","very high","81","215","2","Not Available","94",1182,-16.5,-28.9,-3.6,1006,290,2,"90","91","79","75","88","83","87","81","89","89",1070,0.8679,17.9752,20.7107,183,0.171028037383178
"360008",0.39,NA,20697,"No Different Than the National Average Payment","7.2",NA,"No Different Than the National Rate","No Different Than the National Rate","No Different Than the National Value","medium","92","244","4","95","96",511,3.9,-12.8,22.9,392,155,1,"94","90","88","81","89","82","88","85","89","88",369,1.0108,21.752,21.52,81,0.219512195121951
"360009",0.847,NA,19946,"No Different Than the National Average Payment","2.3",NA,"No Different Than the National Rate","No Different Than the National Rate","No Different Than the National Value","medium","57","162","2","Not Available","Not Available",357,9.3,-10.8,31.5,287,107,1,"91","91","84","74","91","82","88","80","88","90",307,1.0442,21.5212,20.6096,69,0.224755700325733
"360010",NA,NA,20961,"No Different Than the National Average Payment","2.8",NA,"Number of Cases Too Small","No Different Than the National Rate","No Different Than the National Value","medium","71","205","2","Not Available","92",234,-22.9,-39.7,-3.6,200,70,2,"89","89","82","71","87","79","91","71","85","82",198,0.9409,18.1677,19.3091,32,0.161616161616162
"360011",2.397,NA,18575,"No Different Than the National Average Payment","7.6",NA,"No Different Than the National Rate","Worse Than the National Rate","No Different Than the National Value","high","71","185","3","Not Available","92",471,20.6,1.2,41.3,370,147,0,"91","90","81","75","84","80","89","83","86","84",434,1.0196,21.5865,21.1717,95,0.21889400921659
"360012",0.354,NA,19398,"No Different Than the National Average Payment","3.4",NA,"No Different Than the National Rate","No Different Than the National Rate","No Different Than the National Value","high","55","179","2","82","91",329,-36.8,-53.2,-17.3,276,65,2,"91","91","84","74","86","81","83","79","89","87",271,0.8909,18.6963,20.987,43,0.158671586715867
"360014",NA,NA,19642,"No Different Than the National Average Payment","2.8",NA,"Number of Cases Too Small","No Different Than the National Rate","No Different Than the National Value","medium","66","217","2","Not Available","90",162,-16.1,-39.1,9.4,126,50,1,"91","90","85","76","85","80","89","81","86","83",137,1.0183,20.2912,19.9271,29,0.211678832116788
"360016",0.567,NA,19702,"No Different Than the National Average Payment","4.2",NA,"No Different Than the National Rate","No Different Than the National Rate","No Different Than the National Value","high","89","164","2","Not Available","Not Available",372,-16.9,-34.4,2.4,305,95,1,"91","90","84","76","86","81","84","83","87","86",322,0.9759,18.8226,19.2867,59,0.183229813664596
"360017",1.815,NA,17597,"Less Than the National Average Payment","2.6",NA,"No Different Than the National Rate","No Different Than the National Rate","No Different Than the National Value","very high","77","146","5","Not Available","97",309,15.9,-7.8,42.2,256,80,1,"89","89","75","73","84","78","84","79","84","83",276,0.9859,20.6373,20.9328,56,0.202898550724638
"360020",0.949,NA,19783,"No Different Than the National Average Payment","4.8",NA,"No Different Than the National Rate","No Different Than the National Rate","No Different Than the National Value","very high","97","257","4","Not Available","95",707,-5.1,-20.7,11.5,550,170,1,"91","90","81","74","86","80","83","80","88","87",632,0.8773,17.9792,20.4948,105,0.166139240506329
"360025",0.552,NA,19168,"No Different Than the National Average Payment","4",NA,"No Different Than the National Rate","No Different Than the National Rate","No Different Than the National Value","high","96","158","3","Not Available","Not Available",368,-15.6,-31.3,1,304,95,1,"92","92","87","76","89","80","91","83","89","87",312,0.9653,18.6973,19.3701,56,0.179487179487179
"360026",NA,NA,19033,"No Different Than the National Average Payment","5.5",NA,"Not Available","Not Available","Not Available","low","90","153","2","Not Available","Not Available",52,6.7,-24,44.2,40,19,1,"Not Available","Not Available","Not Available","Not Available","Not Available","Not Available","Not Available","Not Available","Not Available","Not Available",52,1.0377,20.2718,19.5357,13,0.25
"360027",0,NA,17853,"Less Than the National Average Payment","4.4",NA,"No Different Than the National Rate","No Different Than the National Rate","No Different Than the National Value","very high","82","157","2","Not Available","Not Available",588,8.8,-8.5,27.3,486,161,1,"90","88","79","69","84","78","78","72","84","83",487,1.0616,21.1489,19.9224,107,0.219712525667351
"360029",NA,NA,18903,"No Different Than the National Average Payment","3.2",NA,"No Different Than the National Rate","No Different Than the National Rate","No Different Than the National Value","medium","78","169","1","Not Available","Not Available",97,-10.9,-32.1,13,81,29,1,"93","91","87","80","89","81","93","87","90","89",79,1.0907,20.5827,18.8713,22,0.278481012658228
"360032",NA,NA,19026,"No Different Than the National Average Payment","2.2",NA,"No Different Than the National Rate","No Different Than the National Rate","No Different Than the National Value","low","61","138","0","97","100",127,-11.3,-34.1,16.3,101,40,1,"94","93","88","78","92","84","92","88","90","88",114,1.018,20.0188,19.6644,24,0.210526315789474
"360035",1.064,NA,20928,"Greater Than the National Average Payment","2.7",NA,"No Different Than the National Rate","No Different Than the National Rate","No Different Than the National Value","very high","54","152","1","77","89",716,4.9,-10.9,21.7,576,200,1,"89","90","76","70","86","79","78","81","86","85",621,1.0172,20.9108,20.5574,131,0.210950080515298
"360036",NA,NA,17933,"Less Than the National Average Payment","2.7",NA,"No Different Than the National Rate","No Different Than the National Rate","No Different Than the National Value","medium","88","171","1","96","98",233,-30.6,-47,-12.1,182,58,2,"92","89","82","75","87","81","88","80","89","89",201,0.9767,18.6802,19.1264,36,0.17910447761194
"360039",1.22,NA,20781,"Greater Than the National Average Payment","7.9",NA,"No Different Than the National Rate","No Different Than the National Rate","No Different Than the National Value","very high","85","198","3","Not Available","Not Available",601,-4.9,-21.7,13.3,498,175,1,"92","91","86","78","91","82","87","84","89","87",503,0.933,20.0095,21.4454,96,0.190854870775348
"360040",NA,NA,19385,"No Different Than the National Average Payment","6.8",NA,"No Different Than the National Rate","No Different Than the National Rate","No Different Than the National Value","medium","86","180","4","83","80",196,1.3,-20.4,26.2,157,58,1,"92","88","85","76","89","81","87","81","88","86",174,0.9859,19.5078,19.7866,33,0.189655172413793
"360041",0.445,NA,19486,"No Different Than the National Average Payment","3.2",NA,"No Different Than the National Rate","No Different Than the National Rate","No Different Than the National Value","medium","77","213","4","87","93",488,-16.2,-32.1,0.3,391,116,1,"92","91","86","76","89","82","90","80","89","86",403,0.9975,19.8926,19.9425,80,0.198511166253102
"360044",NA,NA,20447,"No Different Than the National Average Payment","3.2",NA,"Number of Cases Too Small","No Different Than the National Rate","No Different Than the National Value","low","88","137","3","78","93",97,-18,-36.3,4.1,78,42,1,"92","89","88","80","87","82","90","87","87","83",85,0.9751,18.4012,18.8719,14,0.164705882352941
"360046",NA,NA,20280,"No Different Than the National Average Payment","5.4",NA,"No Different Than the National Rate","No Different Than the National Rate","No Different Than the National Value","Not Available","69","105","Not Available","91","Not Available",74,-9.3,-33.3,19.2,54,18,1,"95","93","90","83","90","85","94","87","93","93",65,1.0249,17.5831,17.1557,13,0.2
"360048",0.851,NA,20565,"No Different Than the National Average Payment","5.2",NA,"Worse Than the National Rate","No Different Than the National Rate","No Different Than the National Value","medium","95","168","3","96","98",155,-0.8,-26,29.8,130,39,1,"90","89","80","75","86","79","81","81","86","84",142,0.9619,19.4187,20.1877,25,0.176056338028169
"360051",0.918,NA,19252,"No Different Than the National Average Payment","6.5",NA,"Better Than the National Rate","No Different Than the National Rate","Better Than the National Value","very high","95","150","3","88","93",1025,10.2,-3.5,24.3,837,288,1,"86","89","72","70","86","79","76","80","82","81",890,1.0401,20.1556,19.3783,182,0.204494382022472
"360054",NA,NA,21895,"Greater Than the National Average Payment","8.2",NA,"Number of Cases Too Small","No Different Than the National Rate","No Different Than the National Value","medium","79","129","2","87","94",211,13.1,-11.6,40.3,177,63,1,"92","92","88","78","88","82","88","85","88","86",212,0.9389,20.403,21.7296,39,0.183962264150943
"360055",0.477,NA,21460,"Greater Than the National Average Payment","11",NA,"No Different Than the National Rate","No Different Than the National Rate","No Different Than the National Value","medium","58","224","7","Not Available","Not Available",256,34.5,10.3,62.8,205,67,0,"88","88","75","71","83","75","78","69","78","73",243,0.9577,18.4442,19.2592,42,0.172839506172839
"360056",0.388,NA,20212,"No Different Than the National Average Payment","5.3",NA,"No Different Than the National Rate","No Different Than the National Rate","No Different Than the National Value","high","88","176","1","Not Available","Not Available",466,-9.2,-26.6,8.6,377,117,1,"90","90","81","73","85","80","79","82","85","83",389,0.9706,19.7906,20.3904,75,0.19280205655527
"360058",NA,NA,20612,"No Different Than the National Average Payment","4.5",NA,"No Different Than the National Rate","No Different Than the National Rate","No Different Than the National Value","low","81","117","0","100","100",169,-23.7,-43.1,-0.1,136,41,2,"93","92","88","80","89","82","89","89","91","90",126,0.9399,16.6414,17.7058,17,0.134920634920635
"360059",1.441,NA,18851,"No Different Than the National Average Payment","4.7",NA,"Worse Than the National Rate","No Different Than the National Rate","Worse Than the National Value","very high","94","174","5","Not Available","Not Available",320,26.6,2,53.2,253,88,0,"91","89","82","74","84","80","86","83","88","86",282,0.9634,20.0315,20.7915,54,0.191489361702128
"360064",0.579,NA,19727,"No Different Than the National Average Payment","4",NA,"Worse Than the National Rate","No Different Than the National Rate","No Different Than the National Value","very high","88","201","1","Not Available","Not Available",576,34.3,13.9,55.7,480,165,0,"88","87","76","70","82","76","79","71","80","77",492,1.1636,23.7059,20.3732,127,0.258130081300813
"360065",NA,NA,19620,"No Different Than the National Average Payment","3.9",NA,"No Different Than the National Rate","No Different Than the National Rate","No Different Than the National Value","medium","90","127","1","Not Available","Not Available",171,-9.3,-30.3,14.8,139,51,1,"91","91","84","75","90","79","91","81","87","85",154,1.1135,21.313,19.1412,40,0.25974025974026
"360066",0.593,NA,19552,"No Different Than the National Average Payment","6.4",NA,"No Different Than the National Rate","No Different Than the National Rate","No Different Than the National Value","very high","82","150","1","Not Available","Not Available",720,-26,-40.3,-9.9,578,167,2,"91","89","82","78","89","82","84","82","88","87",611,0.8747,19.3151,22.0832,109,0.178396072013093
"360068",1.152,NA,20190,"No Different Than the National Average Payment","4",NA,"Worse Than the National Rate","No Different Than the National Rate","Worse Than the National Value","very high","85","172","3","Not Available","Not Available",867,-10,-23.6,4.9,730,235,1,"92","89","84","77","88","81","87","82","89","90",729,0.9731,20.6914,21.264,149,0.204389574759945
"360070",0.868,NA,20499,"No Different Than the National Average Payment","3.3",NA,"No Different Than the National Rate","No Different Than the National Rate","No Different Than the National Value","high","78","270","11","Not Available","Not Available",344,20.7,0.2,44.5,282,93,0,"90","88","79","70","82","78","87","73","83","83",295,1.0609,20.6988,19.511,65,0.220338983050847
"360072",0.428,NA,19632,"No Different Than the National Average Payment","4",NA,"No Different Than the National Rate","No Different Than the National Rate","Worse Than the National Value","Not Available","94","155","Not Available","Not Available","Not Available",369,17.1,-1.8,39.2,292,105,1,"92","91","85","78","88","82","89","80","89","89",345,1.016,19.9824,19.667,70,0.202898550724638
"360075",1.739,NA,18955,"No Different Than the National Average Payment","4.6",NA,"No Different Than the National Rate","No Different Than the National Rate","No Different Than the National Value","low","70","198","0","89","95",285,33.2,9.3,60.7,240,82,0,"93","91","87","76","88","82","87","79","89","89",230,1.0575,22.2494,21.0398,55,0.239130434782609
"360076",0.447,NA,21880,"Greater Than the National Average Payment","11.7",NA,"No Different Than the National Rate","No Different Than the National Rate","No Different Than the National Value","medium","97","170","2","88","92",298,21.2,0,44.5,239,91,1,"90","90","77","72","88","81","86","85","86","84",261,1.0389,20.4816,19.7141,56,0.21455938697318
"360077",0.461,NA,18264,"Less Than the National Average Payment","1.9",NA,"No Different Than the National Rate","No Different Than the National Rate","No Different Than the National Value","very high","86","237","7","Not Available","Not Available",781,-8.1,-23.9,9,624,186,1,"92","90","86","75","87","82","90","80","89","89",634,1.0144,20.6686,20.3744,132,0.20820189274448
"360078",3.745,NA,20285,"No Different Than the National Average Payment","3.7",NA,"No Different Than the National Rate","No Different Than the National Rate","No Different Than the National Value","medium","84","232","7","89","95",221,2.3,-19.3,28.6,184,67,1,"91","91","83","74","87","81","92","79","88","86",188,1.0019,20.1447,20.1063,38,0.202127659574468
"360079",0.19,NA,20355,"No Different Than the National Average Payment","3.3",NA,"No Different Than the National Rate","No Different Than the National Rate","No Different Than the National Value","very high","95","164","3","Not Available","Not Available",682,33.5,15.1,53,568,215,0,"92","91","81","75","88","81","86","84","90","91",559,1.1537,24.0055,20.8073,144,0.257602862254025
"360082",0.701,NA,18193,"No Different Than the National Average Payment","1.8",NA,"No Different Than the National Rate","No Different Than the National Rate","No Different Than the National Value","high","88","151","3","Not Available","Not Available",170,16.9,-8,46,139,43,1,"89","90","81","72","82","79","87","76","84","83",155,1.0504,20.4682,19.4858,35,0.225806451612903
"360084",0,NA,20685,"No Different Than the National Average Payment","5.8",NA,"Better Than the National Rate","No Different Than the National Rate","Worse Than the National Value","high","57","176","4","94","99",592,-11.9,-27,4,491,149,1,"90","88","82","71","85","78","84","75","87","86",491,0.9244,17.9488,19.4176,83,0.169042769857434
"360085",1.505,NA,19940,"No Different Than the National Average Payment","9.3",NA,"No Different Than the National Rate","No Different Than the National Rate","No Different Than the National Value","very high","85","285","7","99","100",907,9.1,-7.6,26.3,716,255,1,"91","91","82","74","88","82","83","80","89","89",852,0.9012,20.1921,22.4068,165,0.193661971830986
"360086",1.155,NA,20558,"No Different Than the National Average Payment","2.4",NA,"No Different Than the National Rate","No Different Than the National Rate","No Different Than the National Value","high","84","147","3","Not Available","Not Available",350,-3.9,-23.2,19.1,286,95,1,"88","88","76","68","84","76","85","76","82","79",293,0.9462,20.0364,21.1749,55,0.187713310580205
"360087",NA,NA,18654,"No Different Than the National Average Payment","3.4",NA,"No Different Than the National Rate","No Different Than the National Rate","No Different Than the National Value","medium","87","163","5","Not Available","Not Available",40,23.2,-13.6,70.3,36,11,1,"89","87","78","70","86","78","85","77","84","83",36,1.0562,20.4708,19.3808,11,0.305555555555556
"360089",NA,NA,20166,"No Different Than the National Average Payment","4.7",NA,"No Different Than the National Rate","No Different Than the National Rate","No Different Than the National Value","low","85","134","2","Not Available","Not Available",204,-25.1,-43.8,-2.9,151,52,2,"93","93","89","78","91","83","82","83","90","87",178,0.995,19.289,19.3868,34,0.191011235955056
"360091",1.044,NA,19410,"No Different Than the National Average Payment","1.6",NA,"No Different Than the National Rate","No Different Than the National Rate","No Different Than the National Value","medium","87","192","2","Not Available","Not Available",436,3.2,-16.1,24.5,343,111,1,"92","92","83","74","87","81","91","73","87","86",386,0.9541,19.2006,20.1248,71,0.183937823834197
"360092",NA,NA,17998,"No Different Than the National Average Payment","4.3",NA,"No Different Than the National Rate","No Different Than the National Rate","No Different Than the National Value","low","92","176","0","100","100",132,-27.3,-50,-0.9,116,29,2,"94","93","88","80","89","83","88","90","92","91",102,0.9142,18.5843,20.3294,13,0.127450980392157
"360095",2.011,NA,17870,"Less Than the National Average Payment","7.9",NA,"No Different Than the National Rate","No Different Than the National Rate","No Different Than the National Value","medium","79","164","1","Not Available","Not Available",321,-42.7,-56.8,-26.4,271,64,2,"92","92","86","80","91","83","88","85","90","89",260,0.8832,16.5387,18.7248,35,0.134615384615385
"360096",NA,NA,17489,"Less Than the National Average Payment","9",NA,"Number of Cases Too Small","No Different Than the National Rate","No Different Than the National Value","medium","73","138","4","Not Available","Not Available",165,-24.1,-46.8,0.2,132,51,1,"92","90","86","76","86","80","85","87","87","85",142,0.9703,20.4358,21.0617,27,0.190140845070423
"360098",0,NA,19314,"No Different Than the National Average Payment","2.5",NA,"No Different Than the National Rate","No Different Than the National Rate","No Different Than the National Value","high","77","220","3","74","77",684,8.2,-7.2,25.1,573,193,1,"89","87","82","70","86","78","86","79","83","80",567,1.0384,19.6686,18.9412,114,0.201058201058201
"360109",NA,NA,19724,"No Different Than the National Average Payment","1",NA,"Number of Cases Too Small","No Different Than the National Rate","No Different Than the National Value","low","86","150","4","Not Available","Not Available",93,-26.5,-48.9,-0.4,76,29,2,"90","90","90","74","87","81","91","80","89","84",84,1.0123,20.4524,20.2036,18,0.214285714285714
"360112",0,NA,21364,"Greater Than the National Average Payment","2.8",NA,"No Different Than the National Rate","No Different Than the National Rate","No Different Than the National Value","very high","89","152","2","Not Available","Not Available",547,6.9,-10.8,25.5,455,158,1,"91","89","84","74","87","80","84","81","88","86",351,1.063,21.6175,20.3357,80,0.227920227920228
"360118",1.481,NA,19613,"No Different Than the National Average Payment","2.2",NA,"No Different Than the National Rate","No Different Than the National Rate","No Different Than the National Value","high","74","120","2","Not Available","82",597,10.6,-7.7,29.5,491,156,1,"92","91","86","77","85","81","91","79","89","86",532,0.9474,19.6641,20.7564,101,0.18984962406015
"360121",NA,NA,23377,"Greater Than the National Average Payment","0.9",NA,"No Different Than the National Rate","No Different Than the National Rate","No Different Than the National Value","low","94","104","0","99","Not Available",89,2.3,-24.1,31.6,78,25,1,"95","93","93","83","93","85","92","87","92","91",82,0.98,18.6941,19.0746,14,0.170731707317073
"360123",2.115,NA,20782,"No Different Than the National Average Payment","4.3",NA,"No Different Than the National Rate","No Different Than the National Rate","No Different Than the National Value","medium","69","209","2","89","95",343,4,-17.2,26.1,288,92,1,"91","91","85","76","87","81","84","80","87","87",286,1.084,22.2122,20.4915,69,0.241258741258741
"360125",NA,NA,20962,"No Different Than the National Average Payment","2",NA,"No Different Than the National Rate","No Different Than the National Rate","No Different Than the National Value","medium","84","150","2","91","Not Available",248,15,-7.3,39.2,194,86,1,"92","89","85","75","87","81","91","73","85","82",220,1.0719,21.0709,19.6568,51,0.231818181818182
"360132",0,NA,18595,"No Different Than the National Average Payment","2.1",NA,"No Different Than the National Rate","No Different Than the National Rate","No Different Than the National Value","medium","93","135","2","Not Available","Not Available",293,-14.2,-33.1,7.9,234,83,1,"91","87","83","75","86","79","87","78","86","85",248,1.0084,21.1433,20.9675,53,0.213709677419355
"360133",0.658,NA,18618,"No Different Than the National Average Payment","4.3",NA,"No Different Than the National Rate","No Different Than the National Rate","No Different Than the National Value","very high","95","140","3","Not Available","Not Available",344,-13.7,-32.2,8.2,294,88,1,"89","89","78","73","85","79","84","78","86","84",299,0.9568,20.0544,20.96,57,0.190635451505017
"360134",0.2,NA,19531,"No Different Than the National Average Payment","2.7",NA,"No Different Than the National Rate","No Different Than the National Rate","No Different Than the National Value","high","75","146","6","89","Not Available",367,-24.4,-40.8,-6.3,304,81,2,"91","91","78","72","87","81","83","82","87","87",341,0.9408,17.5838,18.6893,56,0.164222873900293
"360137",0.66,NA,20246,"No Different Than the National Average Payment","4.5",NA,"No Different Than the National Rate","No Different Than the National Rate","No Different Than the National Value","very high","77","258","3","80","95",291,18.2,-5.7,44.1,249,82,1,"90","90","80","74","88","80","83","77","86","86",282,0.9779,20.7463,21.2141,57,0.202127659574468
"360143",0.742,NA,18971,"No Different Than the National Average Payment","3.5",NA,"No Different Than the National Rate","No Different Than the National Rate","No Different Than the National Value","high","87","212","6","Not Available","Not Available",425,-8.9,-25.9,10.7,346,116,1,"92","92","83","73","86","80","85","76","86","84",375,0.912,18.149,19.8992,62,0.165333333333333
"360144",0.479,NA,19357,"No Different Than the National Average Payment","3",NA,"No Different Than the National Rate","No Different Than the National Rate","No Different Than the National Value","medium","88","197","6","Not Available","Not Available",218,27.9,-0.3,59.5,169,53,1,"91","89","80","72","84","80","88","79","86","84",186,1.005,20.787,20.6836,39,0.209677419354839
"360145",1.083,NA,20682,"No Different Than the National Average Payment","3.5",NA,"No Different Than the National Rate","No Different Than the National Rate","No Different Than the National Value","high","76","176","1","82","90",348,7.9,-13.2,29.9,263,105,1,"91","89","85","74","86","80","89","79","87","85",300,1.0183,21.5911,21.2041,66,0.22
"360147",0,NA,20037,"No Different Than the National Average Payment","7.9",NA,"No Different Than the National Rate","No Different Than the National Rate","No Different Than the National Value","very high","63","138","1","Not Available","Not Available",542,5.1,-12,24.3,424,171,1,"91","90","86","76","90","81","87","78","87","85",371,0.9408,20.2449,21.5199,71,0.191374663072776
"360152",1.631,NA,18533,"No Different Than the National Average Payment","6.3",NA,"No Different Than the National Rate","No Different Than the National Rate","No Different Than the National Value","very high","68","186","2","Not Available","96",209,-24,-44,0.5,181,60,1,"91","92","83","76","87","82","88","83","88","86",180,1.0264,20.6998,20.1676,39,0.216666666666667
"360155",1.04,NA,19766,"No Different Than the National Average Payment","6.3",NA,"Worse Than the National Rate","No Different Than the National Rate","Worse Than the National Value","medium","52","202","4","Not Available","Not Available",485,17,-2,38.3,388,136,1,"92","89","84","74","88","80","82","84","89","89",335,1.0482,20.8524,19.8938,73,0.217910447761194
"360156",NA,NA,18799,"No Different Than the National Average Payment","1.6",NA,"Number of Cases Too Small","No Different Than the National Rate","No Different Than the National Value","low","82","132","2","Not Available","99",100,-25.4,-46.1,-1.7,90,25,2,"93","89","86","74","90","79","89","83","87","83",82,1.0056,19.0695,18.9638,16,0.195121951219512
"360159",0.356,NA,20032,"No Different Than the National Average Payment","2",NA,"No Different Than the National Rate","No Different Than the National Rate","Worse Than the National Value","high","80","198","7","100","100",406,4.6,-17.2,28,323,109,1,"89","88","79","73","80","78","76","73","82","78",385,1.0476,24.6045,23.4869,98,0.254545454545455
"360161",1.021,NA,19515,"No Different Than the National Average Payment","2.4",NA,"No Different Than the National Rate","No Different Than the National Rate","No Different Than the National Value","medium","88","143","2","Not Available","Not Available",277,-6.8,-27.5,15.6,226,70,1,"90","89","78","75","87","80","78","75","86","86",230,0.9737,19.4705,19.9969,43,0.18695652173913
"360163",0.657,NA,21275,"Greater Than the National Average Payment","7",NA,"No Different Than the National Rate","No Different Than the National Rate","No Different Than the National Value","very high","96","191","4","Not Available","Not Available",882,-11.7,-25.4,3,731,213,1,"93","92","83","77","88","84","84","84","92","94",771,0.9308,18.3775,19.7435,137,0.17769130998703
"360170",NA,NA,17635,"No Different Than the National Average Payment","5.3",NA,"No Different Than the National Rate","No Different Than the National Rate","No Different Than the National Value","medium","61","166","1","Not Available","94",99,-9.2,-34,20.4,75,30,1,"91","92","87","76","85","79","87","84","88","86",92,1.0341,21.4514,20.7433,22,0.239130434782609
"360172",1.664,NA,22759,"Greater Than the National Average Payment","3.8",NA,"No Different Than the National Rate","No Different Than the National Rate","No Different Than the National Value","high","82","158","1","Not Available","Not Available",273,-18.8,-37.5,2.2,221,75,1,"87","89","76","70","86","79","83","79","83","80",236,1.0846,22.6504,20.8834,59,0.25
"360174",0,NA,18454,"No Different Than the National Average Payment","6",NA,"No Different Than the National Rate","No Different Than the National Rate","No Different Than the National Value","medium","91","163","1","92","94",259,3.9,-16.6,27,209,69,1,"92","91","85","77","88","82","89","83","88","87",210,1.0081,19.2709,19.1161,41,0.195238095238095
"360175",NA,NA,19215,"No Different Than the National Average Payment","8.6",NA,"No Different Than the National Rate","No Different Than the National Rate","No Different Than the National Value","medium","46","142","3","95","97",65,2.7,-26.6,40.1,58,25,1,"92","89","82","71","85","77","82","83","85","81",54,1.0439,20.5844,19.7195,14,0.259259259259259
"360179",0.31,NA,21994,"Greater Than the National Average Payment","3.7",NA,"No Different Than the National Rate","Better Than the National Rate","Better Than the National Value","high","70","156","1","87","Not Available",844,-3.9,-17.7,10.9,695,207,1,"88","89","76","71","85","80","77","78","86","85",714,1.0655,20.0014,18.7719,147,0.205882352941176
"360180",0.821,NA,20657,"Greater Than the National Average Payment","3.1",NA,"Better Than the National Rate","No Different Than the National Rate","Worse Than the National Value","very high","90","182","7","Not Available","Not Available",1384,13.8,-0.1,29,1112,384,1,"91","92","82","75","89","83","88","78","90","92",1175,0.9453,20.4076,21.5886,236,0.200851063829787
"360185",NA,NA,19812,"No Different Than the National Average Payment","4.9",NA,"Number of Cases Too Small","No Different Than the National Rate","No Different Than the National Value","low","47","218","4","98","98",110,13.9,-14.2,47.3,91,31,1,"90","85","82","72","87","78","91","80","85","82",99,1.0456,20.2519,19.3681,23,0.232323232323232
"360197",NA,NA,16926,"Less Than the National Average Payment","5.1",NA,"No Different Than the National Rate","No Different Than the National Rate","No Different Than the National Value","low","70","173","2","63","79",75,-7.7,-33.4,22.2,64,24,1,"94","95","88","82","90","85","93","87","92","89",76,1.043,18.7445,17.971,17,0.223684210526316
"360203",NA,NA,18848,"No Different Than the National Average Payment","7.7",NA,"No Different Than the National Rate","No Different Than the National Rate","No Different Than the National Value","medium","92","152","0","95","97",98,-14.4,-40.5,16.4,87,24,1,"91","91","83","77","89","81","86","79","86","83",100,0.947,19.6257,20.7241,16,0.16
"360210",NA,NA,20193,"No Different Than the National Average Payment","7.1",NA,"No Different Than the National Rate","No Different Than the National Rate","No Different Than the National Value","medium","63","145","3","Not Available","93",109,-0.7,-25.7,29.5,98,26,1,"93","90","83","79","84","81","92","85","88","87",86,0.9835,18.7074,19.0216,15,0.174418604651163
"360211",0.479,NA,20864,"No Different Than the National Average Payment","6.3",NA,"No Different Than the National Rate","No Different Than the National Rate","No Different Than the National Value","medium","83","209","5","91","98",269,6.6,-14.6,29.2,235,92,1,"90","89","78","72","84","75","79","76","80","77",247,1.0138,21.4862,21.1935,54,0.218623481781377
"360218",3.487,NA,17983,"Less Than the National Average Payment","6.1",NA,"No Different Than the National Rate","No Different Than the National Rate","No Different Than the National Value","high","85","206","4","96","98",328,-3.4,-20.6,16.2,259,98,1,"92","90","83","74","86","80","86","79","87","84",276,1.0555,20.4377,19.3637,60,0.217391304347826
"360230",0.302,NA,19209,"No Different Than the National Average Payment","3.6",NA,"No Different Than the National Rate","No Different Than the National Rate","Better Than the National Value","very high","86","210","4","Not Available","Not Available",1099,8.4,-5.5,23.4,900,296,1,"89","89","81","71","85","80","87","73","86","86",922,1.061,21.4769,20.2425,202,0.219088937093275
"360234",1.135,NA,20365,"No Different Than the National Average Payment","4.1",NA,"No Different Than the National Rate","No Different Than the National Rate","No Different Than the National Value","very high","88","154","2","Not Available","Not Available",414,-7.3,-25,11.2,335,117,1,"91","89","81","75","85","80","86","83","88","86",344,0.9681,19.2287,19.8619,64,0.186046511627907
"360236",0,NA,19304,"No Different Than the National Average Payment","4.1",NA,"No Different Than the National Rate","No Different Than the National Rate","No Different Than the National Value","high","85","140","2","Not Available","Not Available",169,4.2,-22.2,36.3,141,37,1,"92","91","82","74","88","81","83","80","87","85",150,0.9951,20.22,20.3203,30,0.2
"360239",NA,NA,19491,"No Different Than the National Average Payment","3.7",NA,"No Different Than the National Rate","No Different Than the National Rate","No Different Than the National Value","high","95","124","3","Not Available","Not Available",306,11,-10.2,36.5,240,89,1,"92","92","83","79","90","83","86","83","90","90",267,1.0496,21.9906,20.9515,62,0.232209737827715
"360259",NA,NA,19217,"No Different Than the National Average Payment","2",NA,"Number of Cases Too Small","No Different Than the National Rate","No Different Than the National Value","medium","64","113","2","Not Available","Not Available",158,23.6,-4.2,57.9,129,42,1,"93","90","84","80","89","81","86","83","90","89",142,0.9923,20.0816,20.2365,28,0.197183098591549
"360270",NA,NA,19741,"No Different Than the National Average Payment","1.5",NA,"No Different Than the National Rate","No Different Than the National Rate","No Different Than the National Value","low","79","130","0","Not Available","Not Available",127,-8,-31.5,18.8,108,45,1,"95","94","92","81","86","84","94","90","93","91",110,1.0179,21.6393,21.258,25,0.227272727272727
"360276",1.393,NA,19682,"No Different Than the National Average Payment","4.3",NA,"No Different Than the National Rate","No Different Than the National Rate","No Different Than the National Value","high","91","236","2","Not Available","Not Available",527,-18.5,-33.9,-1.5,431,144,2,"91","90","82","74","84","80","86","81","87","87",430,1.0596,20.7279,19.5621,93,0.216279069767442
"360348",1.875,NA,17597,"Less Than the National Average Payment","8.7",NA,"No Different Than the National Rate","No Different Than the National Rate","No Different Than the National Value","medium","63","209","4","Not Available","95",253,23.4,-0.2,48.4,230,74,1,"91","92","82","73","86","82","86","84","90","91",179,1.1262,20.2167,17.9507,44,0.245810055865922
"360354",2.373,NA,19519,"No Different Than the National Average Payment","6.1",NA,"No Different Than the National Rate","No Different Than the National Rate","No Different Than the National Value","medium","95","224","0","89","Not Available",372,31.3,10.2,56.1,285,102,0,"90","90","79","72","85","80","82","85","88","88",321,1.1289,21.7673,19.2811,78,0.242990654205607
"360359",0.456,NA,18457,"Less Than the National Average Payment","7",NA,"No Different Than the National Rate","No Different Than the National Rate","No Different Than the National Value","high","66","242","3","89","98",521,6.7,-10.7,26.2,407,142,1,"88","90","76","69","83","78","81","81","86","86",414,1.06,20.5609,19.3973,89,0.214975845410628
"360360",0.499,NA,19912,"No Different Than the National Average Payment","3.2",NA,"No Different Than the National Rate","No Different Than the National Rate","No Different Than the National Value","very high","96","176","3","Not Available","Not Available",370,29.7,7.4,53.6,304,120,0,"92","91","82","78","89","83","89","85","90","91",294,1.0912,23.138,21.2037,74,0.251700680272109
"360364",0.617,NA,18206,"Less Than the National Average Payment","2.3",NA,"No Different Than the National Rate","No Different Than the National Rate","No Different Than the National Value","high","85","225","3","Not Available","Not Available",544,-10.9,-27.5,8.3,421,148,1,"93","91","84","76","87","83","90","87","91","93",469,1.0358,21.4534,20.7113,103,0.219616204690832
"360365",NA,NA,20037,"No Different Than the National Average Payment","5.9",NA,"No Different Than the National Rate","No Different Than the National Rate","No Different Than the National Value","medium","81","122","2","100","Not Available",53,-4.8,-34.5,32.7,44,24,1,"93","91","87","78","87","82","90","82","90","90",43,1.0196,22.5087,22.0764,11,0.255813953488372
"360368",NA,NA,20251,"No Different Than the National Average Payment","2",NA,"Number of Cases Too Small","No Different Than the National Rate","No Different Than the National Value","medium","95","135","1","Not Available","Not Available",122,-4.6,-27.5,23.8,106,34,1,"95","94","90","80","91","83","92","87","94","95",88,0.9754,18.9167,19.3948,15,0.170454545454545
"370001",0.907,NA,20982,"Greater Than the National Average Payment","15.8",NA,"No Different Than the National Rate","No Different Than the National Rate","No Different Than the National Value","high","95","196","7","92","97",583,-0.6,-18.7,18.9,485,162,1,"90","90","83","74","81","79","81","83","86","86",549,0.9576,21.67,22.6305,116,0.211293260473588
"370006",NA,NA,21771,"No Different Than the National Average Payment","5.8",NA,"No Different Than the National Rate","No Different Than the National Rate","No Different Than the National Value","low","60","152","2","85","91",78,-2.8,-27.2,25.3,71,27,1,"90","89","86","76","84","78","89","84","85","80",73,1.0015,19.0472,19.0196,14,0.191780821917808
"370008",1.248,NA,19322,"No Different Than the National Average Payment","2.6",NA,"No Different Than the National Rate","No Different Than the National Rate","No Different Than the National Value","very high","86","136","4","Not Available","Not Available",299,-10.9,-29.1,9.7,255,103,1,"90","89","85","73","85","80","82","86","89","87",221,1.0345,20.2481,19.5736,47,0.212669683257919
"370013",0.487,NA,22355,"Greater Than the National Average Payment","7.5",NA,"No Different Than the National Rate","Better Than the National Rate","Better Than the National Value","very high","94","134","2","99","100",220,-26.4,-46,-3.5,205,56,2,"90","93","82","74","88","83","82","83","88","89",164,0.963,19.2031,19.9412,29,0.176829268292683
"370014",1.965,NA,20343,"No Different Than the National Average Payment","5.1",NA,"No Different Than the National Rate","No Different Than the National Rate","No Different Than the National Value","medium","53","138","3","Not Available","55",198,31.8,5.9,59.5,159,75,0,"89","88","83","72","80","76","77","83","83","79",175,1.1589,22.8602,19.7255,50,0.285714285714286
"370018",NA,NA,19842,"No Different Than the National Average Payment","6.9",NA,"No Different Than the National Rate","No Different Than the National Rate","No Different Than the National Value","medium","Not Available","180","6","100","Not Available",240,-11.3,-30.4,9.6,208,68,1,"91","90","85","78","82","80","93","88","88","86",199,1.0099,20.2754,20.0776,41,0.206030150753769
"370019",NA,NA,18192,"No Different Than the National Average Payment","7.6",NA,"No Different Than the National Rate","No Different Than the National Rate","No Different Than the National Value","low","83","92","0","Not Available","Not Available",66,-14.7,-40.7,16.8,61,15,1,"91","93","89","75","90","81","85","88","88","86",64,0.9996,20.3543,20.3625,13,0.203125
"370020",NA,NA,19393,"No Different Than the National Average Payment","5.7",NA,"No Different Than the National Rate","No Different Than the National Rate","No Different Than the National Value","medium","91","151","1","Not Available","100",212,-9.7,-30,12.8,189,50,1,"91","90","85","76","88","80","79","79","86","84",186,1.0298,18.3314,17.8008,36,0.193548387096774
"370022",NA,NA,19112,"No Different Than the National Average Payment","8",NA,"No Different Than the National Rate","No Different Than the National Rate","No Different Than the National Value","low","86","98","2","Not Available","Not Available",86,7.1,-17.8,35.8,78,25,1,"93","93","87","78","87","81","88","84","88","85",82,0.9641,17.5117,18.1641,12,0.146341463414634
"370023",NA,NA,18021,"No Different Than the National Average Payment","4.4",NA,"No Different Than the National Rate","No Different Than the National Rate","No Different Than the National Value","medium","91","148","1","98","100",244,-31.3,-48.2,-13.6,190,63,2,"93","92","89","79","91","82","87","85","91","89",185,0.9635,19.1628,19.8883,33,0.178378378378378
"370025",0.381,NA,21022,"Greater Than the National Average Payment","11.1",NA,"No Different Than the National Rate","No Different Than the National Rate","No Different Than the National Value","medium","87","186","2","Not Available","Not Available",447,-17.5,-35.3,2.1,359,122,1,"90","90","86","76","88","80","87","84","88","86",342,1.0079,22.6474,22.4689,78,0.228070175438596
"370026",NA,NA,20044,"No Different Than the National Average Payment","16.3",NA,"No Different Than the National Rate","No Different Than the National Rate","No Different Than the National Value","low","70","130","2","88","95",186,-29.6,-49.1,-6.9,167,48,2,"92","92","88","74","87","82","88","83","89","90",193,0.971,20.1846,20.787,37,0.191709844559585
"370028",1.444,NA,21356,"Greater Than the National Average Payment","5.8",NA,"No Different Than the National Rate","No Different Than the National Rate","No Different Than the National Value","very high","67","151","2","Not Available","94",625,-6,-21.8,11.6,531,178,1,"91","92","80","75","85","82","88","84","89","89",535,0.9457,19.5734,20.6973,101,0.188785046728972
"370034",NA,NA,18140,"No Different Than the National Average Payment","7.7",NA,"No Different Than the National Rate","No Different Than the National Rate","No Different Than the National Value","medium","94","158","2","92","98",157,-16.3,-37.1,7.5,142,50,1,"92","92","85","77","85","80","88","83","86","82",159,0.9853,18.2139,18.4848,28,0.176100628930818
"370037",2.055,NA,19415,"No Different Than the National Average Payment","2.8",NA,"No Different Than the National Rate","No Different Than the National Rate","Worse Than the National Value","very high","85","130","2","Not Available","Not Available",406,17.9,-2.6,40.7,345,118,1,"90","91","83","75","84","80","85","83","88","87",359,1.0512,21.0707,20.0443,79,0.220055710306407
"370039",NA,NA,17674,"No Different Than the National Average Payment","8.2",NA,"No Different Than the National Rate","No Different Than the National Rate","No Different Than the National Value","low","93","137","1","92","Not Available",119,-3.3,-29.2,28.2,105,27,1,"91","92","87","74","79","79","81","86","86","85",102,0.9118,17.6843,19.3951,12,0.117647058823529
"370047",NA,NA,21994,"Greater Than the National Average Payment","5.1",NA,"No Different Than the National Rate","No Different Than the National Rate","No Different Than the National Value","medium","90","143","1","100","100",284,2.2,-18.9,24.9,243,84,1,"91","90","87","75","82","79","81","84","87","85",255,0.8918,18.6635,20.9279,40,0.156862745098039
"370049",NA,NA,20886,"No Different Than the National Average Payment","12.8",NA,"No Different Than the National Rate","No Different Than the National Rate","No Different Than the National Value","medium","95","149","4","92","98",219,27.6,4.1,53.6,188,76,0,"94","94","87","79","88","84","85","86","91","92",173,0.9932,18.1734,18.2973,31,0.179190751445087
"370056",2.061,NA,17561,"Less Than the National Average Payment","8.3",NA,"No Different Than the National Rate","No Different Than the National Rate","Worse Than the National Value","high","59","146","1","Not Available","Not Available",577,17.3,0.2,35.5,468,172,0,"91","91","84","75","88","79","78","82","86","83",472,1.0142,20.1403,19.8593,96,0.203389830508475
"370078",0.472,NA,21480,"No Different Than the National Average Payment","5",NA,"No Different Than the National Rate","No Different Than the National Rate","No Different Than the National Value","high","86","100","3","Not Available","Not Available",164,11.2,-14,39.6,141,51,1,"88","89","80","72","82","78","81","83","86","85",113,1.0363,20.897,20.1646,26,0.230088495575221
"370083",NA,NA,18923,"No Different Than the National Average Payment","8.6",NA,"Not Available","Not Available","Not Available","low","26","150","2","18","Not Available",50,29,-11.7,76.8,39,13,1,"Not Available","Not Available","Not Available","Not Available","Not Available","Not Available","Not Available","Not Available","Not Available","Not Available",40,1.0306,22.3545,21.6914,11,0.275
"370089",NA,NA,20440,"No Different Than the National Average Payment","3.9",NA,"No Different Than the National Rate","No Different Than the National Rate","No Different Than the National Value","low","63","118","2","97","100",180,12.5,-11.4,41.2,161,62,1,"91","90","86","74","85","79","79","79","86","85",135,1.0428,20.8694,20.0124,31,0.22962962962963
"370091",0.468,NA,21106,"Greater Than the National Average Payment","6.2",NA,"No Different Than the National Rate","No Different Than the National Rate","No Different Than the National Value","very high","91","257","8","Not Available","Not Available",988,5.4,-9.6,21.4,832,246,1,"92","92","84","77","89","82","88","86","91","93",869,0.986,20.4775,20.7688,177,0.203682393555811
"370093",0.633,NA,21416,"Greater Than the National Average Payment","6.5",NA,"Worse Than the National Rate","Worse Than the National Rate","Worse Than the National Value","high","78","208","3","67","73",274,-2.1,-23.5,21.7,242,85,1,"87","90","77","72","80","79","79","80","83","82",203,1.0111,20.8197,20.592,43,0.211822660098522
"370094",0.556,NA,19910,"No Different Than the National Average Payment","6",NA,"No Different Than the National Rate","No Different Than the National Rate","No Different Than the National Value","medium","81","151","3","Not Available","Not Available",150,0.3,-25.3,28.3,136,54,1,"88","86","77","66","82","76","77","84","82","80",142,1.0425,22.636,21.7138,35,0.246478873239437
"370097",NA,NA,18725,"No Different Than the National Average Payment","7.9",NA,"No Different Than the National Rate","No Different Than the National Rate","No Different Than the National Value","medium","89","168","4","Not Available","92",89,18.3,-12.3,52.6,71,28,1,"87","88","82","71","85","78","86","84","85","84",90,1.0338,20.8446,20.1626,21,0.233333333333333
"370100",NA,NA,19191,"No Different Than the National Average Payment","20.6",NA,"Not Available","Not Available","Not Available","low","44","148","8","29","Not Available",68,10.3,-14.6,39.7,52,23,1,"Not Available","Not Available","Not Available","Not Available","Not Available","Not Available","Not Available","Not Available","Not Available","Not Available",62,1.045,19.493,18.6537,15,0.241935483870968
"370106",0,NA,21198,"No Different Than the National Average Payment","7.7",NA,"No Different Than the National Rate","No Different Than the National Rate","No Different Than the National Value","very high","89","97","3","Not Available","Not Available",273,2.1,-20.6,27.2,235,75,1,"86","89","74","67","87","78","84","82","83","82",221,0.9299,18.9145,20.3399,37,0.167420814479638
"370114",1.177,NA,20667,"No Different Than the National Average Payment","6.5",NA,"No Different Than the National Rate","No Different Than the National Rate","No Different Than the National Value","high","Not Available","205","2","96","Not Available",724,-7.5,-22.7,8.5,591,183,1,"88","90","79","72","82","78","85","79","84","84",684,0.9168,19.2703,21.0189,126,0.184210526315789
"370149",NA,NA,19946,"No Different Than the National Average Payment","7.1",NA,"No Different Than the National Rate","No Different Than the National Rate","No Different Than the National Value","high","85","115","3","Not Available","Not Available",103,-31.5,-52.8,-6.2,94,25,2,"91","93","84","80","84","81","89","87","89","88",94,0.9429,19.0204,20.1714,14,0.148936170212766
"370171",NA,NA,18477,"No Different Than the National Average Payment","Not Available",NA,"Not Available","No Different Than the National Rate","No Different Than the National Value","Not Available","84","Not Available","Not Available","Not Available","91",99,-22.4,-44.9,3.4,82,28,1,"93","93","87","80","89","81","81","82","90","90",68,1.0301,19.2186,18.6574,15,0.220588235294118
"370202",0.271,NA,18657,"No Different Than the National Average Payment","14.3",NA,"No Different Than the National Rate","No Different Than the National Rate","No Different Than the National Value","medium","96","203","4","92","Not Available",398,-12.6,-31.8,8.9,338,106,1,"90","89","84","76","82","80","83","81","87","87",330,1.0437,22.7489,21.7954,78,0.236363636363636
"370211",NA,NA,19430,"No Different Than the National Average Payment","7.2",NA,"No Different Than the National Rate","No Different Than the National Rate","No Different Than the National Value","medium","87","150","1","Not Available","99",107,-7.4,-30.1,18.3,97,36,1,"93","91","84","74","87","82","87","90","90","89",75,1.0492,19.7479,18.8212,18,0.24
"370215",0,NA,19258,"No Different Than the National Average Payment","3.7",NA,"Better Than the National Rate","No Different Than the National Rate","No Different Than the National Value","low","98","136","1","Not Available","Not Available",1082,8.5,-3.4,21.5,939,344,1,"95","94","94","85","91","87","94","92","96","97",888,0.968,18.5951,19.2101,163,0.183558558558559
"370218",0,NA,18055,"Less Than the National Average Payment","6.3",NA,"No Different Than the National Rate","No Different Than the National Rate","No Different Than the National Value","high","91","208","6","Not Available","Not Available",252,-18.7,-39,4,214,49,1,"93","92","88","80","89","83","91","87","92","93",213,0.9183,17.6287,19.1979,32,0.150234741784038
"370234",NA,NA,19238,"No Different Than the National Average Payment","2.3",NA,"No Different Than the National Rate","No Different Than the National Rate","No Different Than the National Value","low","96","134","3","Not Available","Not Available",619,-31.6,-45,-16.3,538,174,2,"96","94","94","87","92","87","94","91","96","97",477,0.9198,19.4034,21.0945,87,0.182389937106918
"370236",NA,NA,19997,"No Different Than the National Average Payment","5.7",NA,"No Different Than the National Rate","No Different Than the National Rate","No Different Than the National Value","medium","90","136","1","Not Available","100",115,-7.7,-29.8,18.5,102,33,1,"91","92","84","76","85","81","88","88","91","91",86,0.9693,18.6623,19.2536,14,0.162790697674419
"380002",0.667,NA,15127,"Less Than the National Average Payment","7.1",NA,"No Different Than the National Rate","No Different Than the National Rate","No Different Than the National Value","high","68","195","9","Not Available","Not Available",186,-25,-43.5,-3,162,41,2,"92","91","85","78","88","82","89","80","89","88",165,0.8488,15.4487,18.1996,15,0.0909090909090909
"380004",0.493,NA,19078,"No Different Than the National Average Payment","5.7",NA,"No Different Than the National Rate","No Different Than the National Rate","No Different Than the National Value","very high","76","216","6","Not Available","Not Available",760,6.1,-9.6,22.8,644,185,1,"92","92","84","78","87","82","86","82","90","92",617,0.8434,16.0336,19.0104,88,0.142625607779579
"380007",1.574,NA,17468,"Less Than the National Average Payment","5.4",NA,"No Different Than the National Rate","No Different Than the National Rate","No Different Than the National Value","very high","63","166","5","Not Available","Not Available",162,5.8,-21.5,36.6,129,40,1,"92","91","86","76","87","81","88","82","89","89",139,1.0408,21.7937,20.9392,33,0.237410071942446
"380009",1.225,NA,19403,"No Different Than the National Average Payment","17.9",NA,"No Different Than the National Rate","Worse Than the National Rate","No Different Than the National Value","high","74","291","7","Not Available","Not Available",244,-8.2,-30.1,16.3,216,68,1,"92","90","82","76","87","81","78","78","88","88",217,0.9257,19.4156,20.9739,37,0.170506912442396
"380014",0,NA,15934,"Less Than the National Average Payment","4.9",NA,"No Different Than the National Rate","No Different Than the National Rate","No Different Than the National Value","medium","60","237","4","Not Available","Not Available",284,-1.8,-21.1,20.3,243,73,1,"92","91","87","78","89","82","83","72","87","88",227,0.9037,16.5258,18.2868,31,0.136563876651982
"380017",0.311,NA,19334,"No Different Than the National Average Payment","8.8",NA,"No Different Than the National Rate","No Different Than the National Rate","No Different Than the National Value","medium","68","195","8","Not Available","Not Available",213,-10.5,-31,14.8,171,60,1,"91","92","83","77","86","81","91","84","89","90",183,1.0598,21.3663,20.1605,43,0.234972677595628
"380018",0.397,NA,15748,"Less Than the National Average Payment","5.6",NA,"No Different Than the National Rate","No Different Than the National Rate","No Different Than the National Value","high","65","182","1","Not Available","Not Available",374,-28.9,-44.4,-11.4,319,73,2,"91","90","80","76","88","81","87","78","88","90",281,0.7739,14.3183,18.5005,24,0.0854092526690391
"380020",NA,NA,16770,"Less Than the National Average Payment","1.4",NA,"No Different Than the National Rate","No Different Than the National Rate","No Different Than the National Value","high","71","152","1","Not Available","87",156,-6.9,-27.4,16.6,131,41,1,"92","90","86","79","88","81","83","81","88","90",160,1.0235,17.8144,17.4055,30,0.1875
"380021",1.029,NA,18991,"No Different Than the National Average Payment","9.5",NA,"No Different Than the National Rate","No Different Than the National Rate","No Different Than the National Value","medium","76","527","6","Not Available","Not Available",123,-17.5,-39.6,6.3,111,35,1,"89","90","81","74","88","79","79","81","86","84",100,0.9503,18.3568,19.3171,15,0.15
"380025",0.928,NA,17271,"Less Than the National Average Payment","5.1",NA,"No Different Than the National Rate","No Different Than the National Rate","No Different Than the National Value","high","52","178","4","Not Available","Not Available",205,22.2,-5.3,52.4,160,45,1,"90","91","84","78","85","80","85","78","87","87",171,0.9842,19.332,19.6425,32,0.187134502923977
"380027",1.124,NA,16159,"Less Than the National Average Payment","5.3",NA,"No Different Than the National Rate","No Different Than the National Rate","No Different Than the National Value","high","69","178","3","Not Available","Not Available",297,-17.5,-33.3,-0.2,244,94,2,"91","90","85","74","84","77","84","79","84","81",253,0.8439,16.1761,19.1677,30,0.118577075098814
"380037",NA,NA,16280,"Less Than the National Average Payment","7.4",NA,"Number of Cases Too Small","No Different Than the National Rate","No Different Than the National Value","medium","71","180","4","Not Available","Not Available",123,-3.3,-28.5,26.4,109,31,1,"92","94","82","80","90","83","86","81","92","93",104,1.0177,19.0845,18.7523,21,0.201923076923077
"380038",NA,NA,18121,"No Different Than the National Average Payment","7.3",NA,"No Different Than the National Rate","No Different Than the National Rate","No Different Than the National Value","medium","66","240","7","Not Available","Not Available",125,-13.7,-35.9,14.6,114,26,1,"92","92","83","76","89","82","80","79","89","88",91,0.9737,17.2743,17.7406,14,0.153846153846154
"380047",0.769,NA,18157,"Less Than the National Average Payment","1.1",NA,"No Different Than the National Rate","No Different Than the National Rate","No Different Than the National Value","very high","38","185","4","Not Available","Not Available",573,-34.6,-47,-21.1,497,122,2,"92","91","87","78","88","81","87","83","89","89",437,0.8265,15.1357,18.314,54,0.123569794050343
"380050",0,NA,16460,"Less Than the National Average Payment","25.1",NA,"No Different Than the National Rate","No Different Than the National Rate","Worse Than the National Value","medium","46","199","7","Not Available","Not Available",239,20.3,-5.1,48,199,67,1,"91","91","87","80","87","82","89","80","88","86",190,0.9319,18.2149,19.5461,30,0.157894736842105
"380051",0.467,NA,18191,"Less Than the National Average Payment","4.1",NA,"No Different Than the National Rate","No Different Than the National Rate","Worse Than the National Value","very high","75","274","6","Not Available","Not Available",535,13.5,-4.3,32.4,433,158,1,"91","91","81","75","87","81","86","82","89","88",486,1.0409,20.8479,20.0294,104,0.213991769547325
"380060",0.55,NA,17379,"Less Than the National Average Payment","8.9",NA,"No Different Than the National Rate","No Different Than the National Rate","No Different Than the National Value","high","79","230","5","Not Available","Not Available",238,-13.2,-32.9,10.8,211,68,1,"91","91","81","75","87","80","87","77","89","89",206,0.9587,19.3194,20.151,37,0.179611650485437
"380061",0.48,NA,18650,"No Different Than the National Average Payment","6.5",NA,"No Different Than the National Rate","No Different Than the National Rate","No Different Than the National Value","high","75","204","8","Not Available","Not Available",380,-19.1,-37.4,0.7,314,91,1,"92","93","84","79","89","83","84","82","90","91",341,0.8671,17.6987,20.4107,51,0.149560117302053
"380071",NA,NA,16796,"Less Than the National Average Payment","4.8",NA,"No Different Than the National Rate","No Different Than the National Rate","No Different Than the National Value","medium","77","177","5","92","96",155,13,-9.7,38.3,132,47,1,"90","92","86","76","81","79","84","83","85","83",121,1.0903,20.0826,18.42,30,0.247933884297521
"380075",1.511,NA,17259,"Less Than the National Average Payment","9.5",NA,"No Different Than the National Rate","No Different Than the National Rate","No Different Than the National Value","medium","51","197","9","Not Available","Not Available",233,32.4,8.8,59.7,196,73,0,"91","91","82","75","88","80","85","78","88","88",202,1.0489,19.2451,18.348,42,0.207920792079208
"380082",NA,NA,17984,"No Different Than the National Average Payment","8.3",NA,"Number of Cases Too Small","No Different Than the National Rate","No Different Than the National Value","medium","74","160","6","Not Available","Not Available",114,-24.9,-45.4,-1,104,25,2,"91","93","81","76","90","80","87","78","88","89",99,0.9543,17.1786,18.0008,14,0.141414141414141
"380089",0,NA,17938,"Less Than the National Average Payment","9.3",NA,"No Different Than the National Rate","No Different Than the National Rate","No Different Than the National Value","high","54","175","3","Not Available","Not Available",218,48.7,20.3,78.6,193,61,0,"92","92","86","79","86","82","84","80","89","89",186,0.9735,17.0549,17.5191,30,0.161290322580645
"380090",NA,NA,17179,"Less Than the National Average Payment","4.3",NA,"No Different Than the National Rate","No Different Than the National Rate","No Different Than the National Value","medium","54","171","4","Not Available","Not Available",386,18.7,-1.9,40.9,315,133,1,"91","89","83","77","87","79","88","82","87","86",349,0.9825,20.1083,20.466,69,0.197707736389685
"380102",1.033,NA,16736,"Less Than the National Average Payment","0",NA,"No Different Than the National Rate","No Different Than the National Rate","Better Than the National Value","very high","79","254","4","99","97",645,-8.9,-22.9,7.2,533,175,1,"91","89","81","76","88","80","88","84","89","90",559,0.8978,17.9082,19.947,93,0.166368515205725
"390001",1.401,NA,17443,"Less Than the National Average Payment","6.3",NA,"No Different Than the National Rate","No Different Than the National Rate","No Different Than the National Value","high","97","215","1","Not Available","100",553,-11.1,-27.7,6.6,463,132,1,"91","89","81","73","84","78","85","72","85","84",483,0.8465,17.161,20.2721,72,0.149068322981366
"390002",0,NA,20146,"No Different Than the National Average Payment","7.2",NA,"Number of Cases Too Small","No Different Than the National Rate","No Different Than the National Value","medium","93","201","7","Not Available","Not Available",93,-10.3,-39,22.9,65,19,1,"90","90","78","72","85","79","83","82","85","82",82,0.9395,21.0854,22.4443,13,0.158536585365854
"390004",0.908,NA,20194,"No Different Than the National Average Payment","7.4",NA,"No Different Than the National Rate","No Different Than the National Rate","No Different Than the National Value","medium","34","232","5","Not Available","Not Available",389,10.6,-8.9,33.4,317,106,1,"89","86","79","68","84","77","83","74","84","82",312,0.9758,18.783,19.2483,57,0.182692307692308
"390006",0.333,NA,18275,"Less Than the National Average Payment","4",NA,"No Different Than the National Rate","No Different Than the National Rate","No Different Than the National Value","very high","96","177","1","Not Available","99",682,16.1,-0.6,33.6,556,192,1,"92","91","85","76","87","82","89","78","89","89",609,0.9685,19.8903,20.5379,119,0.195402298850575
"390009",1.161,NA,19798,"No Different Than the National Average Payment","4.4",NA,"No Different Than the National Rate","No Different Than the National Rate","No Different Than the National Value","high","62","201","2","Not Available","Not Available",502,4.3,-13.4,24.5,406,147,1,"91","90","84","75","86","81","87","79","88","89",425,1.0051,20.3909,20.2881,87,0.204705882352941
"390012",2.715,NA,20487,"No Different Than the National Average Payment","4.1",NA,"No Different Than the National Rate","No Different Than the National Rate","No Different Than the National Value","medium","87","194","2","84","84",410,9.6,-9.2,31.1,326,98,1,"90","88","76","73","79","77","79","75","82","80",324,1.1101,20.7055,18.6515,74,0.228395061728395
"390013",NA,NA,18665,"No Different Than the National Average Payment","5.2",NA,"No Different Than the National Rate","No Different Than the National Rate","Worse Than the National Value","medium","75","255","3","Not Available","Not Available",241,-26,-42.6,-5.5,203,49,2,"94","93","89","79","87","84","94","86","94","94",199,0.9296,16.4152,17.6575,28,0.14070351758794
"390016",0,NA,20665,"No Different Than the National Average Payment","8.9",NA,"No Different Than the National Rate","No Different Than the National Rate","No Different Than the National Value","medium","86","217","7","Not Available","89",219,-25.9,-47.9,0.1,170,54,1,"92","90","82","74","89","80","88","77","86","82",191,0.9636,21.2242,22.026,38,0.198952879581152
"390026",0,NA,19940,"No Different Than the National Average Payment","7.7",NA,"No Different Than the National Rate","No Different Than the National Rate","No Different Than the National Value","medium","87","177","1","Not Available","Not Available",364,-7.7,-28.1,15.7,300,77,1,"87","90","72","72","78","75","81","74","82","81",285,0.9838,20.0321,20.3612,56,0.196491228070175
"390027",1.014,NA,19366,"No Different Than the National Average Payment","6.2",NA,"No Different Than the National Rate","No Different Than the National Rate","No Different Than the National Value","very high","65","218","9","Not Available","Not Available",762,8.2,-9.5,26.4,553,195,1,"89","90","77","76","83","79","83","75","86","83",591,1.0142,21.834,21.5286,130,0.219966159052453
"390028",0.724,NA,17856,"No Different Than the National Average Payment","3.5",NA,"No Different Than the National Rate","No Different Than the National Rate","No Different Than the National Value","high","93","208","3","Not Available","87",146,-4.6,-32.3,27.9,110,30,1,"91","90","84","77","88","82","85","79","87","87",143,0.9953,21.906,22.0099,31,0.216783216783217
"390030",0,NA,18818,"No Different Than the National Average Payment","3.5",NA,"No Different Than the National Rate","No Different Than the National Rate","No Different Than the National Value","medium","72","194","1","99","100",245,1.2,-20.8,26.9,207,66,1,"91","89","84","76","85","79","89","79","85","82",238,1.0184,20.4984,20.1278,50,0.210084033613445
"390032",NA,NA,21789,"Greater Than the National Average Payment","4.1",NA,"No Different Than the National Rate","No Different Than the National Rate","No Different Than the National Value","medium","56","206","4","Not Available","Not Available",156,7.4,-18,36.9,125,44,1,"92","92","88","77","88","81","90","78","88","86",147,0.939,18.462,19.6611,23,0.156462585034014
"390035",0,NA,18519,"No Different Than the National Average Payment","5",NA,"Number of Cases Too Small","No Different Than the National Rate","No Different Than the National Value","medium","95","180","3","Not Available","Not Available",233,7.2,-16.2,33.2,190,58,1,"94","92","84","77","88","83","91","83","92","92",195,0.9928,19.2198,19.3599,37,0.18974358974359
"390036",1.662,NA,24452,"Greater Than the National Average Payment","5.4",NA,"No Different Than the National Rate","No Different Than the National Rate","No Different Than the National Value","medium","65","190","4","Not Available","Not Available",301,4.5,-14.1,26.1,251,87,1,"92","91","82","74","90","81","89","79","86","84",265,1.09,20.838,19.1173,61,0.230188679245283
"390037",NA,NA,22455,"Greater Than the National Average Payment","3.4",NA,"No Different Than the National Rate","No Different Than the National Rate","No Different Than the National Value","medium","71","172","2","Not Available","Not Available",119,-14,-37.3,14.8,106,23,1,"92","90","85","74","86","81","87","81","88","86",85,0.9937,18.1314,18.2465,15,0.176470588235294
"390041",0.96,NA,18301,"No Different Than the National Average Payment","10.7",NA,"No Different Than the National Rate","No Different Than the National Rate","No Different Than the National Value","high","89","184","3","Not Available","Not Available",156,13.9,-13,43.5,133,49,1,"91","90","81","75","85","79","81","81","86","82",122,1.0872,21.6265,19.892,32,0.262295081967213
"390042",2.602,NA,19836,"No Different Than the National Average Payment","13.7",NA,"No Different Than the National Rate","No Different Than the National Rate","No Different Than the National Value","medium","95","248","6","84","Not Available",222,-5.6,-24.6,15.9,174,60,1,"93","91","84","77","85","81","88","81","89","86",189,1,17.9881,17.9873,34,0.17989417989418
"390044",0.58,NA,20241,"No Different Than the National Average Payment","6.5",NA,"Worse Than the National Rate","No Different Than the National Rate","No Different Than the National Value","very high","94","230","6","92","Not Available",1350,-2.5,-15.3,11.7,999,291,1,"89","89","80","74","84","80","87","77","87","86",1110,0.9641,19.6777,20.4099,216,0.194594594594595
"390045",0.789,NA,19466,"No Different Than the National Average Payment","8.6",NA,"No Different Than the National Rate","No Different Than the National Rate","Worse Than the National Value","medium","93","155","0","Not Available","83",380,29,7,54.4,319,102,0,"92","90","82","76","90","82","90","79","89","87",347,1.0219,20.621,20.1788,73,0.210374639769452
"390046",0.956,NA,19786,"No Different Than the National Average Payment","6.1",NA,"Better Than the National Rate","No Different Than the National Rate","No Different Than the National Value","very high","96","240","2","Not Available","Not Available",1092,-10.9,-24,2.7,886,231,1,"92","89","84","74","87","80","83","73","87","87",902,0.8538,16.8819,19.7717,142,0.157427937915743
"390048",0,NA,18782,"No Different Than the National Average Payment","4.6",NA,"No Different Than the National Rate","No Different Than the National Rate","No Different Than the National Value","medium","97","180","1","Not Available","95",232,-23.7,-41.8,-3.8,176,64,2,"93","90","87","76","88","81","89","78","87","84",175,0.9307,17.4975,18.8006,26,0.148571428571429
"390049",0.673,NA,18556,"Less Than the National Average Payment","5.2",NA,"No Different Than the National Rate","Better Than the National Rate","Better Than the National Value","very high","97","135","3","Not Available","Not Available",1177,5.3,-7.6,18.9,920,283,1,"92","92","81","77","88","80","90","80","90","90",949,0.9599,18.2999,19.0634,171,0.180189673340358
"390050",1.086,NA,23729,"Greater Than the National Average Payment","2.1",NA,"No Different Than the National Rate","Worse Than the National Rate","No Different Than the National Value","high","45","248","2","Not Available","Not Available",391,30.1,6.8,55.2,319,118,0,"91","90","81","76","90","82","87","77","88","89",329,1.1762,25.142,21.3753,94,0.285714285714286
"390056",NA,NA,17407,"Less Than the National Average Payment","4.5",NA,"No Different Than the National Rate","No Different Than the National Rate","No Different Than the National Value","low","63","177","1","82","Not Available",109,10.1,-16.8,42.2,89,27,1,"89","88","82","71","82","79","89","75","82","78",100,0.973,17.7717,18.2651,16,0.16
"390057",0,NA,20758,"No Different Than the National Average Payment","3.2",NA,"No Different Than the National Rate","No Different Than the National Rate","No Different Than the National Value","medium","95","223","3","97","99",324,-16.3,-32.9,3.5,263,79,1,"92","91","85","75","90","83","89","81","89","88",209,1.0212,19.4338,19.0297,42,0.200956937799043
"390058",NA,NA,19584,"No Different Than the National Average Payment","7.2",NA,"No Different Than the National Rate","No Different Than the National Rate","No Different Than the National Value","medium","92","197","1","Not Available","Not Available",246,-21.1,-40.6,0.8,202,58,1,"91","89","86","74","88","79","87","77","87","86",188,0.9531,18.7036,19.6232,32,0.170212765957447
"390063",0.91,NA,21153,"Greater Than the National Average Payment","10.6",NA,"No Different Than the National Rate","No Different Than the National Rate","No Different Than the National Value","very high","90","194","3","Not Available","88",627,3.1,-13.3,19.3,501,179,1,"92","91","86","75","88","81","85","75","89","89",586,1.117,22.6058,20.2382,140,0.238907849829352
"390065",1.704,NA,20324,"No Different Than the National Average Payment","10.9",NA,"No Different Than the National Rate","No Different Than the National Rate","No Different Than the National Value","medium","94","134","1","Not Available","Not Available",317,-24.4,-42.5,-3.8,269,68,2,"93","90","86","74","89","82","87","72","88","88",255,0.9108,18.4999,20.3118,41,0.16078431372549
"390066",0,NA,19835,"No Different Than the National Average Payment","11.6",NA,"No Different Than the National Rate","No Different Than the National Rate","No Different Than the National Value","high","95","200","6","Not Available","Not Available",434,14.3,-6.4,38.8,335,101,1,"91","91","80","71","90","81","87","75","87","86",353,1.0497,21.175,20.1732,78,0.220963172804533
"390067",0.916,NA,20027,"No Different Than the National Average Payment","8",NA,"No Different Than the National Rate","No Different Than the National Rate","No Different Than the National Value","very high","92","204","1","Not Available","Not Available",1153,-8.8,-21.2,5.1,903,272,1,"92","90","84","74","88","82","90","84","89","89",933,0.9112,18.2318,20.0087,164,0.17577706323687
"390068",NA,NA,18896,"No Different Than the National Average Payment","5.5",NA,"No Different Than the National Rate","No Different Than the National Rate","No Different Than the National Value","low","93","170","2","Not Available","Not Available",125,-9.1,-31.4,18.4,113,29,1,"92","91","87","73","86","81","83","80","90","91",86,0.9988,17.5318,17.5529,15,0.174418604651163
"390070",NA,NA,20782,"No Different Than the National Average Payment","1.9",NA,"No Different Than the National Rate","No Different Than the National Rate","No Different Than the National Value","low","81","150","1","Not Available","Not Available",63,20.8,-10.6,59.3,52,23,1,"88","85","83","70","83","76","85","75","84","82",50,1.062,21.8331,20.5594,15,0.3
"390073",0.545,NA,22993,"Greater Than the National Average Payment","10.5",NA,"No Different Than the National Rate","No Different Than the National Rate","No Different Than the National Value","high","92","192","2","Not Available","81",450,-9.5,-28.5,12.1,359,121,1,"89","88","77","72","86","79","83","70","81","77",426,1.0586,23.7229,22.4105,105,0.246478873239437
"390079",0.696,NA,18714,"No Different Than the National Average Payment","4.1",NA,"No Different Than the National Rate","No Different Than the National Rate","No Different Than the National Value","high","91","182","3","Not Available","Not Available",483,13.5,-5.2,35.1,395,129,1,"92","89","85","73","84","81","85","78","88","87",348,0.9908,20.0045,20.1898,69,0.198275862068966
"390081",NA,NA,20944,"No Different Than the National Average Payment","2.7",NA,"No Different Than the National Rate","No Different Than the National Rate","No Different Than the National Value","low","100","Not Available","2","Not Available","Not Available",72,25.4,-8.3,66.4,64,17,1,"Not Available","Not Available","Not Available","Not Available","Not Available","Not Available","Not Available","Not Available","Not Available","Not Available",90,1.0097,19.2901,19.1047,18,0.2
"390086",1.197,NA,19741,"No Different Than the National Average Payment","8.6",NA,"No Different Than the National Rate","No Different Than the National Rate","No Different Than the National Value","high","72","190","4","91","Not Available",384,-2.2,-22,18.7,307,109,1,"89","89","79","74","89","78","81","73","82","80",326,0.9268,18.7135,20.1914,56,0.171779141104294
"390090",1.358,NA,22353,"Greater Than the National Average Payment","1.4",NA,"No Different Than the National Rate","No Different Than the National Rate","No Different Than the National Value","medium","46","178","3","Not Available","Not Available",74,-9,-39.8,27.4,60,21,1,"93","93","83","80","87","83","88","85","91","92",64,0.9888,21.5214,21.7649,13,0.203125
"390091",1.19,NA,19440,"No Different Than the National Average Payment","8.6",NA,"No Different Than the National Rate","No Different Than the National Rate","No Different Than the National Value","medium","90","131","2","Not Available","80",219,-27.5,-48.3,-4.6,161,46,2,"93","89","87","77","88","81","92","78","89","85",203,0.8929,18.4639,20.6778,30,0.147783251231527
"390093",NA,NA,19983,"No Different Than the National Average Payment","5.8",NA,"Number of Cases Too Small","No Different Than the National Rate","No Different Than the National Value","low","85","142","1","87","94",69,28.9,-2.8,64.3,59,22,1,"93","91","89","81","91","80","87","83","89","85",65,0.9876,18.1671,18.3944,11,0.169230769230769
"390096",0,NA,20959,"Greater Than the National Average Payment","8.2",NA,"No Different Than the National Rate","No Different Than the National Rate","No Different Than the National Value","high","33","223","2","Not Available","Not Available",508,-14.8,-30.7,2.7,406,112,1,"90","89","84","74","89","81","84","77","88","89",431,0.8768,17.5375,20.0007,67,0.155452436194896
"390097",0.566,NA,19586,"No Different Than the National Average Payment","2.7",NA,"No Different Than the National Rate","No Different Than the National Rate","No Different Than the National Value","medium","99","203","3","Not Available","Not Available",452,4,-13.5,22.3,376,116,1,"90","89","81","69","79","79","79","78","86","87",364,0.9871,18.9167,19.1642,68,0.186813186813187
"390100",0.3,NA,20246,"No Different Than the National Average Payment","4.6",NA,"Better Than the National Rate","No Different Than the National Rate","Better Than the National Value","very high","96","228","2","Not Available","Not Available",1259,-38.3,-49.1,-26.7,1037,249,2,"91","90","82","75","87","82","85","79","87","89",1058,0.7105,14.1531,19.9192,128,0.120982986767486
"390101",0,NA,20277,"No Different Than the National Average Payment","5.5",NA,"No Different Than the National Rate","No Different Than the National Rate","No Different Than the National Value","medium","94","241","2","Not Available","Not Available",244,-11.8,-31,9.3,194,55,1,"90","90","83","74","87","81","87","85","89","89",185,0.9126,17.261,18.915,26,0.140540540540541
"390102",1.114,NA,20413,"No Different Than the National Average Payment","9",NA,"No Different Than the National Rate","No Different Than the National Rate","No Different Than the National Value","medium","93","232","3","Not Available","89",285,19.7,-3.5,45.7,223,76,1,"93","92","83","78","88","82","86","79","90","90",242,0.9986,19.0475,19.075,46,0.190082644628099
"390107",1.294,NA,19918,"No Different Than the National Average Payment","6.8",NA,"No Different Than the National Rate","No Different Than the National Rate","Better Than the National Value","high","89","182","2","Not Available","85",452,-5.9,-24,13.6,368,121,1,"93","92","85","75","90","83","87","83","91","91",388,0.9212,18.4051,19.9798,66,0.170103092783505
"390110",0.238,NA,20806,"No Different Than the National Average Payment","3.4",NA,"No Different Than the National Rate","No Different Than the National Rate","No Different Than the National Value","medium","93","178","2","97","100",242,5.5,-17.9,31.1,190,61,1,"88","88","79","70","85","76","79","69","77","73",242,1.1428,22.7357,19.8952,64,0.264462809917355
"390111",0.585,NA,21995,"Greater Than the National Average Payment","6.1",NA,"Better Than the National Rate","No Different Than the National Rate","Better Than the National Value","very high","99","271","6","Not Available","Not Available",592,36,12.4,62.9,480,143,0,"94","94","87","83","92","86","89","87","94","95",493,0.9172,20.2455,22.0739,94,0.190669371196755
"390113",0,NA,19697,"No Different Than the National Average Payment","3.4",NA,"No Different Than the National Rate","No Different Than the National Rate","No Different Than the National Value","medium","79","183","4","Not Available","Not Available",236,1.2,-19,24.7,197,74,1,"91","91","84","74","88","80","84","76","86","84",199,1.0023,19.0195,18.9759,38,0.190954773869347
"390115",1.202,NA,20472,"No Different Than the National Average Payment","3.8",NA,"No Different Than the National Rate","No Different Than the National Rate","No Different Than the National Value","very high","79","261","8","89","84",849,40.7,22.9,58.9,654,243,0,"90","90","81","73","82","79","80","75","84","83",682,1.1163,22.6585,20.2975,162,0.237536656891496
"390116",NA,NA,20372,"No Different Than the National Average Payment","6.1",NA,"Number of Cases Too Small","No Different Than the National Rate","No Different Than the National Value","low","95","201","2","Not Available","Not Available",46,3.6,-27.8,45.2,45,15,1,"90","89","80","75","82","77","83","77","85","79",48,1.0147,20.8754,20.5721,11,0.229166666666667
"390123",0.514,NA,19197,"No Different Than the National Average Payment","9.5",NA,"No Different Than the National Rate","No Different Than the National Rate","No Different Than the National Value","medium","93","196","2","Not Available","95",225,7.3,-17.2,34.4,196,64,1,"88","87","80","71","80","77","88","77","83","77",187,1.0034,19.6654,19.5984,37,0.197860962566845
"390125",NA,NA,18384,"No Different Than the National Average Payment","5.1",NA,"No Different Than the National Rate","No Different Than the National Rate","No Different Than the National Value","medium","52","175","2","99","99",202,-21,-36.9,-2.3,174,56,2,"92","91","87","75","89","80","93","86","89","86",174,0.9746,16.4557,16.8837,27,0.155172413793103
"390127",1.35,NA,18959,"No Different Than the National Average Payment","5.9",NA,"No Different Than the National Rate","No Different Than the National Rate","No Different Than the National Value","medium","93","186","1","88","Not Available",355,25.3,3.8,49.5,293,93,0,"92","89","86","77","87","81","89","80","88","86",284,1.0509,20.3183,19.3334,61,0.214788732394366
"390133",0.748,NA,18864,"Less Than the National Average Payment","10.4",NA,"Better Than the National Rate","No Different Than the National Rate","No Different Than the National Value","very high","74","208","4","95","100",2550,2.7,-6.7,12.4,1994,633,1,"92","92","84","74","87","82","85","82","89","88",2148,1.0821,21.0312,19.4362,457,0.212756052141527
"390137",0.749,NA,24415,"Greater Than the National Average Payment","11.6",NA,"No Different Than the National Rate","No Different Than the National Rate","No Different Than the National Value","medium","46","214","2","88","94",617,6.3,-11.1,24.9,502,151,1,"90","89","79","73","84","78","82","79","82","79",539,0.9372,18.6023,19.8485,96,0.178107606679035
"390138",NA,NA,17796,"No Different Than the National Average Payment","5",NA,"Not Available","No Different Than the National Rate","No Different Than the National Value","low","90","138","1","Not Available","Not Available",140,-20.3,-40.2,3.3,112,34,1,"94","91","89","80","93","84","92","86","90","91",128,0.9642,18.2535,18.9315,21,0.1640625
"390139",1.292,NA,21231,"Greater Than the National Average Payment","6.2",NA,"No Different Than the National Rate","No Different Than the National Rate","No Different Than the National Value","high","98","197","2","Not Available","Not Available",651,8.6,-7.8,27.1,532,177,1,"93","90","85","78","88","83","83","84","91","92",495,1.0753,20.8406,19.3815,108,0.218181818181818
"390142",0.766,NA,19837,"No Different Than the National Average Payment","8.5",NA,"No Different Than the National Rate","No Different Than the National Rate","No Different Than the National Value","very high","98","230","6","92","86",378,7.5,-15.2,33.4,272,105,1,"90","89","78","74","85","79","79","78","85","83",354,1.1146,26.3502,23.6415,101,0.285310734463277
"390145",0.285,NA,21100,"No Different Than the National Average Payment","7.9",NA,"No Different Than the National Rate","No Different Than the National Rate","Worse Than the National Value","medium","97","170","2","Not Available","Not Available",249,42.6,15.1,74,205,75,0,"90","90","81","74","89","79","80","78","84","82",205,1.1581,24.3071,20.9891,60,0.292682926829268
"390146",NA,NA,18020,"No Different Than the National Average Payment","4.1",NA,"No Different Than the National Rate","No Different Than the National Rate","No Different Than the National Value","low","76","192","2","88","91",75,-4,-26.1,22.7,67,22,1,"91","88","85","72","83","79","87","76","84","81",64,1.0217,18.1487,17.763,13,0.203125
"390147",0,NA,20765,"No Different Than the National Average Payment","8",NA,"No Different Than the National Rate","No Different Than the National Rate","No Different Than the National Value","medium","75","211","7","95","98",99,49.6,18.6,86,88,27,0,"87","89","75","72","82","77","74","78","80","76",91,1.1462,19.8944,17.3566,27,0.296703296703297
"390151",1.829,NA,17510,"Less Than the National Average Payment","5.5",NA,"No Different Than the National Rate","No Different Than the National Rate","No Different Than the National Value","high","90","185","2","Not Available","Not Available",647,-20.3,-33.5,-4.6,518,166,2,"92","89","83","73","86","79","86","85","87","84",513,0.9056,17.6331,19.4713,84,0.16374269005848
"390153",0.37,NA,21103,"Greater Than the National Average Payment","4.9",NA,"No Different Than the National Rate","No Different Than the National Rate","No Different Than the National Value","high","99","213","0","Not Available","Not Available",680,-0.8,-17.2,17.5,551,164,1,"92","91","85","77","87","82","86","78","90","92",520,0.9545,19.0514,19.9589,96,0.184615384615385
"390156",2.226,NA,19393,"No Different Than the National Average Payment","8.7",NA,"No Different Than the National Rate","No Different Than the National Rate","No Different Than the National Value","medium","70","191","6","Not Available","94",195,14.9,-10.3,44.3,156,55,1,"87","89","73","69","84","78","80","79","83","80",159,1.0758,24.4381,22.7163,44,0.276729559748428
"390157",NA,NA,NA,"Not Available","6.2",NA,"Not Available","Not Available","Not Available","low","Not Available","136","1",NA,NA,NA,NA,NA,NA,NA,NA,NA,"Not Available","Not Available","Not Available","Not Available","Not Available","Not Available","Not Available","Not Available","Not Available","Not Available",50,1.0619,18.2424,17.1794,13,0.26
"390162",NA,NA,17655,"No Different Than the National Average Payment","4.3",NA,"Number of Cases Too Small","No Different Than the National Rate","No Different Than the National Value","medium","96","119","1","Not Available","Not Available",97,-14.2,-39.7,16.6,85,20,1,"90","92","81","72","85","80","88","84","87","85",117,0.9854,19.6317,19.9216,22,0.188034188034188
"390164",0.881,NA,18391,"Less Than the National Average Payment","10.9",NA,"No Different Than the National Rate","No Different Than the National Rate","Worse Than the National Value","very high","93","240","2","Not Available","85",552,-20.2,-37.4,-2.5,453,133,2,"92","91","83","78","90","83","85","78","90","90",465,0.9374,20.2942,21.6491,90,0.193548387096774
"390168",0.526,NA,19696,"No Different Than the National Average Payment","10.1",NA,"No Different Than the National Rate","No Different Than the National Rate","No Different Than the National Value","medium","87","189","3","Not Available","93",233,27.2,3.2,55.1,194,69,0,"93","91","84","78","89","81","88","76","89","89",196,1.0949,21.3936,19.5384,48,0.244897959183673
"390173",0,NA,19213,"No Different Than the National Average Payment","6.5",NA,"No Different Than the National Rate","No Different Than the National Rate","No Different Than the National Value","medium","64","152","1","Not Available","Not Available",148,-8.7,-28,14.1,123,43,1,"90","89","83","73","87","79","90","76","86","83",124,1.0073,17.364,17.2383,22,0.17741935483871
"390174",1.103,NA,20987,"Greater Than the National Average Payment","8",NA,"No Different Than the National Rate","No Different Than the National Rate","No Different Than the National Value","very high","90","222","3","91","84",716,48.6,28.4,70.5,583,207,0,"92","91","85","76","86","82","79","78","87","88",629,1.1203,23.8734,21.3097,158,0.251192368839428
"390178",NA,NA,18360,"No Different Than the National Average Payment","9.1",NA,"No Different Than the National Rate","No Different Than the National Rate","No Different Than the National Value","medium","90","188","8","Not Available","Not Available",92,-3.1,-30.5,29,77,22,1,"92","90","85","76","89","81","87","83","87","85",93,0.9887,19.0776,19.2948,17,0.182795698924731
"390179",1.154,NA,18385,"Less Than the National Average Payment","5.1",NA,"No Different Than the National Rate","No Different Than the National Rate","Better Than the National Value","high","99","250","5","Not Available","Not Available",920,-13.9,-27,0.4,708,192,1,"93","91","87","77","87","83","88","86","92","93",673,0.9411,18.5733,19.7349,121,0.179791976225854
"390180",0.159,NA,20669,"No Different Than the National Average Payment","5.6",NA,"Worse Than the National Rate","No Different Than the National Rate","Worse Than the National Value","high","98","211","2","Not Available","Not Available",316,2,-19.7,26.2,259,85,1,"88","87","78","71","87","77","84","74","82","78",288,1.0581,21.9373,20.7323,67,0.232638888888889
"390183",NA,NA,18955,"No Different Than the National Average Payment","3.1",NA,"Number of Cases Too Small","No Different Than the National Rate","No Different Than the National Value","low","97","140","1","Not Available","Not Available",235,-6.9,-29.3,18.8,172,56,1,"92","94","85","79","90","82","91","81","90","89",216,1.0678,22.0231,20.6256,52,0.240740740740741
"390185",NA,NA,19385,"No Different Than the National Average Payment","7.5",NA,"No Different Than the National Rate","No Different Than the National Rate","No Different Than the National Value","medium","73","206","2","98","100",340,-4.3,-23.7,18.1,279,88,1,"89","89","81","71","83","77","86","77","82","78",343,1.0218,19.9912,19.5644,70,0.204081632653061
"390195",0.516,NA,19557,"No Different Than the National Average Payment","5.7",NA,"No Different Than the National Rate","No Different Than the National Rate","No Different Than the National Value","very high","99","278","2","Not Available","Not Available",1042,-10.1,-23.6,3.9,804,250,1,"92","91","82","77","88","81","85","80","89","89",859,0.9818,20.1659,20.5389,172,0.20023282887078
"390201",0,NA,16990,"Less Than the National Average Payment","9",NA,"No Different Than the National Rate","No Different Than the National Rate","No Different Than the National Value","high","68","225","3","99","100",365,-7.8,-26.2,12.9,288,90,1,"89","89","82","71","86","79","86","81","86","85",322,0.9752,18.5223,18.9938,58,0.180124223602484
"390203",0.349,NA,19118,"No Different Than the National Average Payment","6.6",NA,"No Different Than the National Rate","No Different Than the National Rate","Better Than the National Value","high","99","199","2","Not Available","Not Available",1012,-10.7,-23.5,2.1,784,248,1,"93","91","85","74","88","82","85","79","90","92",771,1.0128,19.9942,19.7416,155,0.201037613488975
"390204",0.376,NA,20788,"No Different Than the National Average Payment","6.7",NA,"No Different Than the National Rate","No Different Than the National Rate","No Different Than the National Value","high","57","224","8","Not Available","95",265,3.1,-20.7,29.1,212,73,1,"87","87","76","67","83","77","76","74","79","77",255,1.065,23.7628,22.3132,65,0.254901960784314
"390211",2.07,NA,18905,"No Different Than the National Average Payment","4.8",NA,"No Different Than the National Rate","No Different Than the National Rate","No Different Than the National Value","medium","61","158","8","Not Available","Not Available",203,-6.8,-29.5,18.6,163,52,1,"88","88","79","71","84","77","83","75","81","78",183,1.0204,20.0328,19.6333,38,0.207650273224044
"390217",NA,NA,19782,"No Different Than the National Average Payment","7.4",NA,"Not Available","Number of Cases Too Small","Not Available","medium","94","121","1","Not Available","Not Available",73,-0.5,-29.4,33.5,61,23,1,"92","91","84","77","91","79","85","76","86","81",63,0.9835,20.8318,21.1817,12,0.19047619047619
"390219",0.66,NA,19410,"No Different Than the National Average Payment","8.1",NA,"No Different Than the National Rate","No Different Than the National Rate","No Different Than the National Value","medium","96","173","2","Not Available","Not Available",113,2,-27,36.5,93,28,1,"91","91","85","74","88","80","77","78","86","84",117,0.9493,20.1099,21.1839,20,0.170940170940171
"390222",2.045,NA,19586,"No Different Than the National Average Payment","6",NA,"No Different Than the National Rate","No Different Than the National Rate","No Different Than the National Value","high","99","275","7","Not Available","Not Available",598,-33.8,-46.9,-19.1,484,125,2,"91","91","83","77","89","81","83","71","86","86",451,0.9359,17.807,19.0267,76,0.168514412416851
"390223",0.263,NA,19023,"No Different Than the National Average Payment","7.3",NA,"No Different Than the National Rate","No Different Than the National Rate","No Different Than the National Value","high","100","268","3","Not Available","Not Available",496,8.3,-13.2,29.7,416,113,1,"93","92","83","78","89","82","85","80","89","89",439,0.9912,21.0925,21.2795,92,0.209567198177677
"390225",NA,NA,19448,"No Different Than the National Average Payment","8.3",NA,"No Different Than the National Rate","No Different Than the National Rate","No Different Than the National Value","medium","97","196","2","Not Available","Not Available",242,-7.2,-29.9,17.7,209,42,1,"90","89","84","72","89","81","84","73","87","85",197,0.9003,17.6853,19.6432,28,0.142131979695431
"390226",0.935,NA,19492,"No Different Than the National Average Payment","4.3",NA,"No Different Than the National Rate","No Different Than the National Rate","No Different Than the National Value","high","99","202","2","Not Available","Not Available",323,24,-0.7,53.4,243,74,1,"93","93","80","77","89","84","87","85","89","90",266,0.9049,17.8722,19.7515,41,0.154135338345865
"390228",0.509,NA,20949,"Greater Than the National Average Payment","6",NA,"No Different Than the National Rate","No Different Than the National Rate","No Different Than the National Value","high","84","186","5","Not Available","Not Available",531,-12.1,-25.9,3.2,415,123,1,"92","92","84","76","86","82","86","73","89","90",424,0.9977,17.724,17.765,75,0.17688679245283
"390231",0.568,NA,19224,"No Different Than the National Average Payment","5.8",NA,"No Different Than the National Rate","No Different Than the National Rate","No Different Than the National Value","very high","80","277","11","86","77",1241,11.9,-1.6,26.7,953,278,1,"89","88","79","72","83","77","74","74","83","82",985,1.0555,19.6397,18.6076,197,0.2
"390233",NA,NA,20731,"No Different Than the National Average Payment","8.3",NA,"No Different Than the National Rate","No Different Than the National Rate","No Different Than the National Value","medium","87","198","3","Not Available","Not Available",347,-3.4,-21.5,16.3,280,96,1,"92","91","84","76","87","80","90","80","88","87",268,1.0682,20.3891,19.0882,59,0.220149253731343
"390237",1.154,NA,20100,"No Different Than the National Average Payment","6.3",NA,"No Different Than the National Rate","No Different Than the National Rate","No Different Than the National Value","medium","43","173","3","Not Available","Not Available",717,24.6,7.2,44.5,562,179,0,"91","91","82","74","87","80","78","78","86","85",562,1.0772,21.3567,19.8269,125,0.222419928825623
"390256",0.401,NA,19481,"No Different Than the National Average Payment","7.9",NA,"No Different Than the National Rate","No Different Than the National Rate","No Different Than the National Value","very high","59","270","4","Not Available","Not Available",556,-5.1,-23.2,13.7,446,146,1,"93","91","86","77","90","83","84","77","91","91",484,0.9896,20.8067,21.0256,100,0.206611570247934
"390258",1.319,NA,21999,"Greater Than the National Average Payment","8.3",NA,"No Different Than the National Rate","No Different Than the National Rate","No Different Than the National Value","high","61","217","6","Not Available","93",724,14.3,-1.8,32.4,567,175,1,"90","87","81","73","82","80","78","73","85","84",634,1.0332,20.1622,19.5137,130,0.205047318611987
"390265",0.986,NA,19140,"No Different Than the National Average Payment","6.6",NA,"No Different Than the National Rate","No Different Than the National Rate","No Different Than the National Value","high","39","194","1","Not Available","Not Available",344,0.9,-19.6,23.4,259,87,1,"92","90","89","75","85","82","88","80","90","88",258,1.0461,20.5426,19.6379,56,0.217054263565891
"390266",NA,NA,21193,"No Different Than the National Average Payment","3",NA,"Number of Cases Too Small","No Different Than the National Rate","No Different Than the National Value","low","42","135","1","Not Available","91",52,10.2,-17.7,45.1,50,19,1,"92","89","89","76","88","80","94","78","88","87",49,1.0339,19.9905,19.3359,12,0.244897959183673
"390267",0.699,NA,19949,"No Different Than the National Average Payment","6.7",NA,"No Different Than the National Rate","No Different Than the National Rate","No Different Than the National Value","medium","39","245","3","Not Available","Not Available",389,19.4,-3.7,43.2,276,90,1,"90","90","83","73","86","82","84","72","86","87",297,1.0063,20.7329,20.6029,62,0.208754208754209
"390268",0.547,NA,19353,"No Different Than the National Average Payment","5.3",NA,"No Different Than the National Rate","No Different Than the National Rate","No Different Than the National Value","high","67","194","1","Not Available","Not Available",313,-9.3,-29.9,12.1,249,86,1,"92","92","86","77","88","83","86","78","87","87",242,0.932,18.8614,20.2374,41,0.169421487603306
"390270",0.53,NA,18175,"Less Than the National Average Payment","4.3",NA,"No Different Than the National Rate","No Different Than the National Rate","No Different Than the National Value","very high","98","217","3","Not Available","99",687,-1.7,-18.2,16.6,548,165,1,"89","89","80","71","84","79","80","74","85","84",612,0.9939,20.8183,20.9452,127,0.207516339869281
"390304",NA,NA,19121,"No Different Than the National Average Payment","7.2",NA,"Number of Cases Too Small","No Different Than the National Rate","No Different Than the National Value","medium","98","155","1","Not Available","Not Available",76,27.9,-11.2,74.8,59,21,1,"89","87","83","71","78","77","85","75","84","80",76,0.9898,23.303,23.5421,17,0.223684210526316
"390326",0.336,NA,18196,"Less Than the National Average Payment","4.1",NA,"Number of Cases Too Small","No Different Than the National Rate","No Different Than the National Value","high","97","198","3","Not Available","Not Available",660,-5.6,-20.8,11,544,157,1,"92","92","79","75","85","81","89","80","90","91",533,1.0301,18.9612,18.4065,103,0.193245778611632
"390328",0.661,NA,19224,"No Different Than the National Average Payment","4.2",NA,"No Different Than the National Rate","No Different Than the National Rate","No Different Than the National Value","medium","93","256","5","Not Available","82",225,24.7,-3.7,56.8,175,57,1,"93","90","84","76","87","81","88","81","90","89",194,0.9763,20.4175,20.9139,38,0.195876288659794
"390329",0.961,NA,20038,"No Different Than the National Average Payment","5.6",NA,"Better Than the National Rate","No Different Than the National Rate","Better Than the National Value","medium","97","284","5","80","84",520,32.3,10.8,54.4,396,140,0,"91","89","82","76","87","81","88","83","86","85",444,1.1203,22.5923,20.1659,108,0.243243243243243
"390330",0,NA,18766,"No Different Than the National Average Payment","2.3",NA,"No Different Than the National Rate","No Different Than the National Rate","No Different Than the National Value","high","96","175","2","Not Available","Not Available",466,5.3,-12.5,25,350,124,1,"92","93","83","77","87","83","89","82","91","92",403,1.0784,21.3271,19.7758,91,0.225806451612903
"390332",NA,NA,18646,"No Different Than the National Average Payment","3.7",NA,"Not Available","No Different Than the National Rate","No Different Than the National Value","medium","95","110","1","Not Available","Not Available",286,-12.4,-31.7,7.9,231,75,1,"95","94","86","76","90","84","95","87","94","94",176,1.0048,19.7053,19.6104,35,0.198863636363636
"390335",NA,NA,18214,"No Different Than the National Average Payment","3.9",NA,"Number of Cases Too Small","No Different Than the National Rate","No Different Than the National Value","medium","96","155","2","Not Available","Not Available",130,-6.7,-29.4,21.9,102,38,1,"94","93","86","81","90","83","94","85","92","92",49,1.0276,18.8664,18.3605,11,0.224489795918367
"410004",1.045,NA,20722,"No Different Than the National Average Payment","6.2",NA,"No Different Than the National Rate","No Different Than the National Rate","No Different Than the National Value","medium","65","221","4","Not Available","Not Available",114,0.4,-24.4,27.9,98,30,1,"89","91","78","71","84","79","87","77","83","82",104,0.9765,18.8159,19.2692,18,0.173076923076923
"410005",NA,NA,19474,"No Different Than the National Average Payment","6.7",NA,"No Different Than the National Rate","No Different Than the National Rate","No Different Than the National Value","medium","60","178","3","Not Available","Not Available",152,5.6,-19.8,35.3,126,35,1,"91","90","83","77","90","80","88","84","86","84",125,1.0109,18.6335,18.432,24,0.192
"410006",NA,NA,18728,"No Different Than the National Average Payment","7.3",NA,"No Different Than the National Rate","No Different Than the National Rate","No Different Than the National Value","medium","95","201","2","83","93",231,-10.4,-29.8,13.2,185,57,1,"94","93","84","82","88","83","88","85","90","91",186,0.9892,17.5793,17.7712,32,0.172043010752688
"410007",0.866,NA,19323,"No Different Than the National Average Payment","4.2",NA,"No Different Than the National Rate","No Different Than the National Rate","No Different Than the National Value","very high","91","279","10","87","97",669,19.1,1.5,37.3,564,193,0,"90","89","82","71","86","82","88","76","86","86",552,1.067,21.8512,20.4797,125,0.226449275362319
"410008",NA,NA,18850,"No Different Than the National Average Payment","5.7",NA,"No Different Than the National Rate","No Different Than the National Rate","No Different Than the National Value","medium","84","225","3","91","Not Available",294,0.9,-19.8,22.2,235,81,1,"93","93","86","79","91","83","87","83","91","91",236,0.9941,18.8075,18.9185,44,0.186440677966102
"410009",0.994,NA,18714,"No Different Than the National Average Payment","1.7",NA,"No Different Than the National Rate","No Different Than the National Rate","No Different Than the National Value","high","76","247","6","84","87",609,-4.1,-20.6,14.1,465,159,1,"91","91","83","76","88","80","87","78","86","85",516,0.919,18.7203,20.3709,91,0.176356589147287
"410011",0.864,NA,19854,"No Different Than the National Average Payment","4",NA,"No Different Than the National Rate","No Different Than the National Rate","No Different Than the National Value","medium","82","231","3","Not Available","Not Available",198,4.6,-20.3,33,148,47,1,"89","88","79","70","82","77","86","69","83","81",175,1.0454,22.261,21.2943,42,0.24
"410012",0.834,NA,18120,"Less Than the National Average Payment","2.7",NA,"No Different Than the National Rate","No Different Than the National Rate","Better Than the National Value","very high","92","325","6","90","96",878,-11.4,-24.1,2.1,746,210,1,"90","91","76","76","88","80","85","75","86","88",700,0.9688,18.2953,18.884,126,0.18
"410013",NA,NA,17159,"Less Than the National Average Payment","5",NA,"No Different Than the National Rate","No Different Than the National Rate","No Different Than the National Value","medium","78","119","1","Not Available","96",236,-12.1,-32.3,9.7,186,62,1,"94","93","88","79","86","82","92","83","90","91",205,0.907,17.7438,19.5622,30,0.146341463414634
"420002",0.856,NA,21220,"Greater Than the National Average Payment","4.8",NA,"No Different Than the National Rate","No Different Than the National Rate","No Different Than the National Value","very high","85","196","5","83","95",577,-4.3,-21.9,14.2,456,139,1,"86","87","76","66","78","74","71","76","77","73",462,0.9265,18.6207,20.0969,81,0.175324675324675
"420004",0.974,NA,22048,"Greater Than the National Average Payment","9.5",NA,"No Different Than the National Rate","Worse Than the National Rate","Worse Than the National Value","very high","90","249","5","Not Available","92",580,-3.3,-20.1,15.4,499,169,1,"91","91","81","76","84","81","81","83","88","88",487,1.0044,21.2943,21.2012,104,0.213552361396304
"420005",NA,NA,18373,"No Different Than the National Average Payment","3.3",NA,"Number of Cases Too Small","No Different Than the National Rate","No Different Than the National Value","medium","90","207","5","Not Available","Not Available",69,2.1,-27.3,35.5,58,22,1,"92","95","84","85","87","82","88","87","88","87",57,1.0435,19.6092,18.7917,14,0.245614035087719
"420007",0.98,NA,19720,"No Different Than the National Average Payment","5.7",NA,"No Different Than the National Rate","No Different Than the National Rate","No Different Than the National Value","very high","66","183","4","Not Available","98",817,37.9,20.5,55.8,667,224,0,"93","92","86","77","88","83","83","84","89","88",712,1.0041,19.9058,19.8249,142,0.199438202247191
"420009",0.55,NA,18879,"No Different Than the National Average Payment","6.9",NA,"No Different Than the National Rate","No Different Than the National Rate","No Different Than the National Value","high","89","155","1","97","97",277,13.2,-8.1,37.1,230,80,1,"91","91","82","75","86","80","80","85","88","86",196,0.9828,17.9216,18.2353,34,0.173469387755102
"420010",NA,NA,19164,"No Different Than the National Average Payment","7.6",NA,"No Different Than the National Rate","No Different Than the National Rate","No Different Than the National Value","medium","96","149","2","98","100",104,8.7,-18.2,38.6,90,46,1,"92","92","86","77","87","81","88","89","89","87",97,1.0867,23.9441,22.0337,29,0.298969072164948
"420015",2.254,NA,18160,"No Different Than the National Average Payment","10.5",NA,"Number of Cases Too Small","No Different Than the National Rate","No Different Than the National Value","medium","89","194","3","97","99",164,7.7,-16.7,37,141,43,1,"90","91","78","72","83","79","82","83","84","82",115,0.9851,19.1134,19.4017,21,0.182608695652174
"420018",1.037,NA,21809,"Greater Than the National Average Payment","4.4",NA,"No Different Than the National Rate","No Different Than the National Rate","No Different Than the National Value","very high","92","198","3","95","100",790,5.5,-9.4,21.5,657,222,1,"90","90","79","72","84","80","81","78","87","86",657,0.9797,19.8421,20.2539,129,0.19634703196347
"420020",NA,NA,20630,"No Different Than the National Average Payment","10.1",NA,"No Different Than the National Rate","No Different Than the National Rate","No Different Than the National Value","medium","95","163","3","Not Available","Not Available",148,24.7,-0.9,53.9,125,43,1,"88","90","75","73","86","79","82","82","82","80",117,1.1337,21.1255,18.6335,33,0.282051282051282
"420023",1.284,NA,18668,"No Different Than the National Average Payment","6.8",NA,"No Different Than the National Rate","No Different Than the National Rate","No Different Than the National Value","very high","85","164","2","Not Available","Not Available",663,2.5,-13,19,561,181,1,"91","91","84","75","85","82","81","82","90","90",540,0.9802,18.2035,18.5713,97,0.17962962962963
"420026",1.412,NA,21057,"Greater Than the National Average Payment","2.4",NA,"No Different Than the National Rate","No Different Than the National Rate","No Different Than the National Value","high","86","140","2","Not Available","89",443,-21,-36.1,-5.1,368,125,2,"90","90","81","73","83","79","84","83","86","84",402,0.8892,17.3262,19.4862,62,0.154228855721393
"420027",0.444,NA,21461,"Greater Than the National Average Payment","5.3",NA,"No Different Than the National Rate","No Different Than the National Rate","No Different Than the National Value","very high","95","265","6","84","82",659,0.3,-14.6,17.4,523,151,1,"91","91","83","72","85","80","86","84","85","83",603,0.9584,18.5385,19.3435,109,0.180762852404643
"420030",NA,NA,20560,"No Different Than the National Average Payment","7.8",NA,"No Different Than the National Rate","No Different Than the National Rate","No Different Than the National Value","Not Available","75","121","Not Available","79","95",116,21.8,-6.6,53.3,101,42,1,"92","90","83","75","80","79","84","84","87","82",117,1.0919,21.4599,19.6545,31,0.264957264957265
"420033",0,NA,19040,"No Different Than the National Average Payment","9.1",NA,"No Different Than the National Rate","No Different Than the National Rate","No Different Than the National Value","high","89","223","4","96","99",205,6.9,-16.8,35,167,45,1,"92","92","84","75","89","82","84","82","90","91",170,0.995,18.4246,18.5163,31,0.182352941176471
"420036",1.949,NA,19312,"No Different Than the National Average Payment","3.7",NA,"No Different Than the National Rate","No Different Than the National Rate","No Different Than the National Value","medium","93","166","2","99","99",130,21.7,-7.5,55.4,117,39,1,"89","89","77","71","81","77","77","77","83","80",143,1.0219,20.6711,20.2288,31,0.216783216783217
"420037",NA,NA,19793,"No Different Than the National Average Payment","10.3",NA,"No Different Than the National Rate","No Different Than the National Rate","No Different Than the National Value","medium","95","174","4","99","100",114,24.8,-3.6,57.8,103,30,1,"93","92","85","76","89","83","85","79","90","89",89,0.9883,17.7077,17.9176,15,0.168539325842697
"420038",NA,NA,17966,"No Different Than the National Average Payment","10.2",NA,"Number of Cases Too Small","No Different Than the National Rate","No Different Than the National Value","medium","91","164","2","98","99",161,-16,-36.4,7.9,128,37,1,"92","90","83","78","84","83","81","82","87","86",124,0.9511,18.7986,19.7657,20,0.161290322580645
"420048",0,NA,19807,"No Different Than the National Average Payment","10.7",NA,"No Different Than the National Rate","No Different Than the National Rate","No Different Than the National Value","medium","94","154","4","Not Available","88",137,-2.6,-28.3,29.2,114,29,1,"90","92","80","72","84","79","80","86","84","81",140,0.9263,19.3496,20.8884,22,0.157142857142857
"420049",1.204,NA,19205,"No Different Than the National Average Payment","5.4",NA,"No Different Than the National Rate","No Different Than the National Rate","No Different Than the National Value","high","86","153","3","Not Available","Not Available",270,5.7,-13.8,27.1,231,77,1,"91","90","82","74","85","81","89","84","88","87",238,1.0376,18.3261,17.6621,46,0.19327731092437
"420051",1.893,NA,19039,"No Different Than the National Average Payment","6.5",NA,"No Different Than the National Rate","No Different Than the National Rate","No Different Than the National Value","very high","87","263","5","Not Available","Not Available",921,25.9,10,42.3,740,276,0,"91","91","81","77","86","80","85","85","89","89",826,1.0673,22.5868,21.1632,191,0.231234866828087
"420055",NA,NA,18581,"No Different Than the National Average Payment","5.9",NA,"Not Available","No Different Than the National Rate","No Different Than the National Value","medium","96","144","1","64","Not Available",82,30,-1.3,66.9,63,28,1,"90","94","80","83","89","81","87","82","87","82",78,1.0493,20.2914,19.3387,19,0.243589743589744
"420065",2.096,NA,19167,"No Different Than the National Average Payment","3.7",NA,"No Different Than the National Rate","No Different Than the National Rate","No Different Than the National Value","high","80","162","5","84","97",262,20.6,-1,45.3,233,85,1,"93","93","88","80","88","84","86","83","91","92",216,0.9904,18.8094,18.9913,40,0.185185185185185
"420067",1.558,NA,18793,"No Different Than the National Average Payment","6.7",NA,"No Different Than the National Rate","No Different Than the National Rate","No Different Than the National Value","high","93","230","4","95","Not Available",256,-12.1,-31.2,9,222,73,1,"91","92","83","76","85","81","85","84","88","87",199,1.0202,19.9362,19.5413,41,0.206030150753769
"420070",0.396,NA,19039,"No Different Than the National Average Payment","13",NA,"No Different Than the National Rate","No Different Than the National Rate","No Different Than the National Value","high","87","199","7","96","99",368,-5.8,-24,14,291,105,1,"89","88","78","72","82","78","83","82","85","79",316,0.947,19.5007,20.5914,58,0.183544303797468
"420071",0.73,NA,21047,"Greater Than the National Average Payment","10.3",NA,"No Different Than the National Rate","Worse Than the National Rate","No Different Than the National Value","high","96","176","3","Not Available","Not Available",388,5.4,-13.2,26.3,320,90,1,"92","93","84","77","86","82","88","85","89","88",320,0.9548,17.8093,18.6515,54,0.16875
"420073",0.524,NA,20007,"No Different Than the National Average Payment","3.6",NA,"No Different Than the National Rate","No Different Than the National Rate","No Different Than the National Value","very high","73","227","7","96","Not Available",1246,9.8,-3.1,23.8,1036,319,1,"93","92","85","78","87","83","88","87","92","92",975,1.0174,19.781,19.4431,194,0.198974358974359
"420078",0.796,NA,20512,"No Different Than the National Average Payment","6.2",NA,"Worse Than the National Rate","No Different Than the National Rate","No Different Than the National Value","very high","90","233","3","96","99",745,-3.4,-18.1,11.7,651,201,1,"91","90","80","73","84","80","76","80","87","87",610,0.975,18.9609,19.4462,114,0.186885245901639
"420079",0.381,NA,22296,"Greater Than the National Average Payment","7",NA,"No Different Than the National Rate","No Different Than the National Rate","No Different Than the National Value","very high","51","125","2","90","98",796,20.1,4.4,36.8,655,234,0,"89","89","79","74","83","79","81","75","84","83",674,1.081,22.9451,21.2254,160,0.237388724035608
"420080",NA,NA,19490,"No Different Than the National Average Payment","7.4",NA,"No Different Than the National Rate","No Different Than the National Rate","No Different Than the National Value","medium","72","192","3","84","93",435,5,-12.4,24.7,368,118,1,"86","88","76","70","81","77","73","71","78","76",352,1.1057,20.2705,18.3328,78,0.221590909090909
"420082",0.311,NA,18556,"No Different Than the National Average Payment","13.6",NA,"Worse Than the National Rate","No Different Than the National Rate","No Different Than the National Value","high","74","172","2","85","96",383,13.5,-4.5,33.6,322,108,1,"89","89","76","71","80","77","84","81","84","82",308,0.9837,18.2055,18.5081,55,0.178571428571429
"420085",0.529,NA,20000,"No Different Than the National Average Payment","3.5",NA,"No Different Than the National Rate","No Different Than the National Rate","Better Than the National Value","very high","46","135","2","97","100",982,9.5,-5.1,23.7,842,269,1,"88","88","80","71","82","78","81","80","85","84",849,1.0321,20.0119,19.3888,172,0.202591283863369
"420086",0.189,NA,20098,"No Different Than the National Average Payment","7.5",NA,"No Different Than the National Rate","No Different Than the National Rate","No Different Than the National Value","medium","91","152","2","95","97",117,-9.8,-35.1,21.3,108,33,1,"90","92","81","76","86","80","86","88","88","86",110,0.9804,19.373,19.7596,20,0.181818181818182
"420087",0.488,NA,19525,"No Different Than the National Average Payment","7.4",NA,"No Different Than the National Rate","No Different Than the National Rate","Better Than the National Value","very high","86","103","2","82","96",783,20.9,5.3,37.6,630,224,0,"93","93","86","80","88","83","81","85","90","90",636,0.9484,18.3136,19.3091,113,0.177672955974843
"420091",0.252,NA,19752,"No Different Than the National Average Payment","5.2",NA,"No Different Than the National Rate","No Different Than the National Rate","No Different Than the National Value","medium","86","220","3","Not Available","92",377,12.4,-8.4,35.7,310,110,1,"90","90","83","73","82","79","85","84","88","88",309,0.9957,20.4824,20.5716,63,0.203883495145631
"420098",0.653,NA,21551,"Greater Than the National Average Payment","6.8",NA,"No Different Than the National Rate","No Different Than the National Rate","No Different Than the National Value","medium","95","206","4","Not Available","Not Available",352,15.8,-4.5,39,303,94,1,"91","92","83","78","88","82","79","80","87","87",282,1.0112,19.2431,19.0296,55,0.195035460992908
"420101",NA,NA,19409,"No Different Than the National Average Payment","6.7",NA,"Not Available","No Different Than the National Rate","No Different Than the National Value","medium","75","126","2","95","99",120,-17.2,-37.9,7.7,106,34,1,"90","91","84","74","85","80","75","81","85","84",105,0.9722,18.9169,19.4579,18,0.171428571428571
"420103",NA,NA,19064,"No Different Than the National Average Payment","3",NA,"No Different Than the National Rate","No Different Than the National Rate","No Different Than the National Value","medium","65","177","2","Not Available","Not Available",97,13.4,-12.2,43.9,84,29,1,"94","94","89","81","90","86","91","91","94","96",72,0.9819,16.8875,17.199,11,0.152777777777778
"420104",NA,NA,19372,"No Different Than the National Average Payment","6.2",NA,"No Different Than the National Rate","No Different Than the National Rate","No Different Than the National Value","low","71","128","1","92","98",146,29.8,3,62.7,131,34,0,"95","94","87","79","89","84","82","88","93","94",100,0.9317,16.5104,17.7214,12,0.12
"420105",0.28,NA,19455,"No Different Than the National Average Payment","6.5",NA,"No Different Than the National Rate","No Different Than the National Rate","No Different Than the National Value","very high","86","140","2","Not Available","Not Available",553,1.7,-15.2,19.5,462,152,1,"92","91","83","76","85","82","86","87","90","90",441,0.9753,18.9664,19.4473,82,0.1859410430839
"420106",0.98,NA,19185,"No Different Than the National Average Payment","5.3",NA,"No Different Than the National Rate","No Different Than the National Rate","No Different Than the National Value","medium","89","166","3","95","97",170,-2.3,-24.5,22.2,154,41,1,"91","93","82","73","86","82","81","88","90","90",127,0.9694,17.3194,17.8661,20,0.15748031496063
"420107",NA,NA,17694,"No Different Than the National Average Payment","5",NA,"Number of Cases Too Small","No Different Than the National Rate","No Different Than the National Value","medium","86","147","1","Not Available","Not Available",75,-0.6,-28.6,34.4,62,26,1,"93","95","85","79","85","81","86","86","90","85",59,1.0482,21.7016,20.7041,16,0.271186440677966
"420110",NA,NA,20031,"No Different Than the National Average Payment","4.8",NA,"No Different Than the National Rate","No Different Than the National Rate","No Different Than the National Value","high","74","136","4","88","98",155,-4.3,-26.9,21.4,140,49,1,"93","93","86","81","87","83","83","85","92","93",100,1.0533,20.5578,19.5182,24,0.24
"430005",NA,NA,18983,"No Different Than the National Average Payment","5.4",NA,"No Different Than the National Rate","No Different Than the National Rate","No Different Than the National Value","low","63","124","1","Not Available","Not Available",73,-10.5,-32.5,15.8,65,26,1,"92","91","86","79","86","82","86","85","87","86",59,1.007,17.8803,17.7565,11,0.186440677966102
"430014",NA,NA,19482,"No Different Than the National Average Payment","5.7",NA,"No Different Than the National Rate","No Different Than the National Rate","No Different Than the National Value","low","89","111","0","Not Available","Not Available",179,-25.8,-46,-1.7,149,43,2,"91","91","85","79","89","81","88","84","88","88",164,0.8787,17.3242,19.7152,20,0.121951219512195
"430016",0.693,NA,19329,"No Different Than the National Average Payment","9.8",NA,"No Different Than the National Rate","No Different Than the National Rate","No Different Than the National Value","medium","91","117","1","Not Available","Not Available",383,3.4,-15.9,24.7,347,99,1,"91","91","85","78","89","83","82","82","89","90",320,0.9399,18.4569,19.6365,55,0.171875
"430027",0.402,NA,21988,"Greater Than the National Average Payment","3",NA,"No Different Than the National Rate","No Different Than the National Rate","Better Than the National Value","high","95","231","4","Not Available","Not Available",702,-6,-21.4,11.1,575,180,1,"91","89","85","76","88","82","82","82","88","89",573,0.8281,16.6162,20.0644,83,0.144851657940663
"430077",0.654,NA,18027,"Less Than the National Average Payment","3.7",NA,"No Different Than the National Rate","No Different Than the National Rate","No Different Than the National Value","very high","95","189","2","Not Available","Not Available",583,-29.5,-43.5,-13.9,500,117,2,"89","90","86","76","88","80","87","78","87","86",513,0.8426,15.9867,18.9737,71,0.138401559454191
"430095",NA,NA,21492,"Greater Than the National Average Payment","1.9",NA,"No Different Than the National Rate","No Different Than the National Rate","No Different Than the National Value","low","74","111","0","Not Available","Not Available",269,-14.5,-32.7,7.2,248,65,1,"95","94","94","84","91","87","92","88","95","96",233,0.8451,15.3007,18.1042,25,0.107296137339056
"440002",1.789,NA,21018,"Greater Than the National Average Payment","7.5",NA,"No Different Than the National Rate","No Different Than the National Rate","No Different Than the National Value","very high","72","211","5","Not Available","Not Available",1339,10.3,-2.3,23.5,1125,378,1,"91","90","82","75","87","80","85","84","88","87",1117,1.0573,21.9544,20.7645,249,0.222918531781558
"440003",1.149,NA,19142,"No Different Than the National Average Payment","5.1",NA,"No Different Than the National Rate","No Different Than the National Rate","Worse Than the National Value","high","67","150","6","98","100",244,12.4,-12.1,41.2,187,60,1,"87","88","76","69","79","76","79","83","82","80",203,0.9908,20.9971,21.1917,42,0.206896551724138
"440006",0.338,NA,20565,"No Different Than the National Average Payment","4.3",NA,"No Different Than the National Rate","No Different Than the National Rate","No Different Than the National Value","high","52","182","2","92","100",233,29.6,5,56.7,187,75,0,"86","88","74","69","81","77","88","81","84","82",218,1.0906,22.512,20.6428,55,0.252293577981651
"440009",NA,NA,18355,"No Different Than the National Average Payment","4.4",NA,"No Different Than the National Rate","No Different Than the National Rate","No Different Than the National Value","medium","91","227","6","Not Available","94",274,-0.1,-21.4,23.2,227,70,1,"91","89","82","71","85","78","87","80","84","81",228,1.0355,20.0419,19.3557,48,0.210526315789474
"440011",0,NA,18029,"Less Than the National Average Payment","5.7",NA,"No Different Than the National Rate","No Different Than the National Rate","No Different Than the National Value","high","48","198","1","Not Available","Not Available",275,11.5,-11.1,38.1,236,70,1,"91","91","83","79","87","82","81","84","88","87",296,1.0154,20.937,20.6195,63,0.212837837837838
"440012",1.109,NA,19028,"No Different Than the National Average Payment","7.6",NA,"No Different Than the National Rate","No Different Than the National Rate","No Different Than the National Value","high","97","202","3","Not Available","Not Available",434,48.3,25.2,72.4,355,117,0,"89","88","81","74","86","79","79","83","84","83",361,1.2125,24.3244,20.0609,101,0.279778393351801
"440015",1.36,NA,18375,"Less Than the National Average Payment","7.1",NA,"No Different Than the National Rate","No Different Than the National Rate","Worse Than the National Value","very high","92","272","2","73","Not Available",691,-10.1,-26.4,7.6,538,171,1,"90","91","80","76","85","81","85","82","89","90",541,0.9587,19.9282,20.7867,105,0.194085027726433
"440017",0.604,NA,20270,"No Different Than the National Average Payment","3.5",NA,"No Different Than the National Rate","No Different Than the National Rate","No Different Than the National Value","medium","96","208","1","Not Available","Not Available",394,-8.2,-25.9,11.3,329,107,1,"90","91","81","74","86","79","84","81","85","83",346,0.9842,19.6693,19.9848,67,0.19364161849711
"440018",NA,NA,20910,"No Different Than the National Average Payment","8.8",NA,"No Different Than the National Rate","No Different Than the National Rate","No Different Than the National Value","low","100","172","4","Not Available","Not Available",71,-13,-41.2,19.8,58,19,1,"91","92","83","78","82","80","85","87","87","85",62,1.0325,22.2752,21.5747,16,0.258064516129032
"440029",0.684,NA,19465,"No Different Than the National Average Payment","4.4",NA,"No Different Than the National Rate","No Different Than the National Rate","No Different Than the National Value","high","77","174","2","Not Available","Not Available",399,-23.7,-38.7,-7.3,350,84,2,"91","92","82","74","82","81","83","83","88","89",282,0.8713,14.7712,16.9527,33,0.117021276595745
"440030",1.234,NA,18405,"No Different Than the National Average Payment","8.3",NA,"No Different Than the National Rate","No Different Than the National Rate","No Different Than the National Value","medium","92","218","5","89","92",183,19.4,-6.8,49.2,156,55,1,"90","92","83","76","87","80","83","81","84","81",148,1.029,20.3316,19.7581,32,0.216216216216216
"440031",NA,NA,17621,"Less Than the National Average Payment","7",NA,"Number of Cases Too Small","No Different Than the National Rate","No Different Than the National Value","medium","92","193","4","Not Available","Not Available",138,4.6,-19.5,33,114,38,1,"93","93","86","83","88","82","87","87","90","89",116,0.9411,17.1827,18.2586,16,0.137931034482759
"440034",1.401,NA,17911,"Less Than the National Average Payment","6.2",NA,"No Different Than the National Rate","No Different Than the National Rate","No Different Than the National Value","medium","95","189","9","Not Available","Not Available",393,10.3,-10.4,32.8,309,90,1,"91","92","84","74","86","80","87","85","88","87",354,0.9829,18.6809,19.0065,65,0.18361581920904
"440035",0.483,NA,20267,"No Different Than the National Average Payment","9",NA,"No Different Than the National Rate","No Different Than the National Rate","No Different Than the National Value","very high","72","163","4","Not Available","Not Available",314,8.1,-12.4,32.3,262,89,1,"87","87","78","71","81","75","78","79","79","74",276,1.0129,20.3427,20.0843,57,0.206521739130435
"440039",1.604,NA,21113,"Greater Than the National Average Payment","4.6",NA,"No Different Than the National Rate","No Different Than the National Rate","No Different Than the National Value","very high","93","241","4","Not Available","Not Available",860,-10.4,-26.5,6.4,695,203,1,"93","93","86","78","87","83","81","81","90","92",740,0.8533,18.4485,21.621,126,0.17027027027027
"440046",0,NA,19549,"No Different Than the National Average Payment","4.7",NA,"No Different Than the National Rate","No Different Than the National Rate","No Different Than the National Value","high","50","119","0","98","99",245,-16.2,-36.2,7.6,208,54,1,"90","88","83","73","81","80","90","85","88","87",226,0.9861,19.8807,20.1612,44,0.194690265486726
"440048",0.626,NA,20944,"Greater Than the National Average Payment","3.1",NA,"Worse Than the National Rate","Worse Than the National Rate","Worse Than the National Value","very high","75","202","4","92","Not Available",1328,42.7,28.4,59,1066,352,0,"89","89","80","71","83","78","81","83","86","86",1160,1.1559,23.0331,19.9269,277,0.238793103448276
"440049",0.811,NA,19496,"No Different Than the National Average Payment","10.9",NA,"No Different Than the National Rate","No Different Than the National Rate","No Different Than the National Value","very high","94","238","5","Not Available","93",1318,1.5,-11.4,14.5,1079,333,1,"90","90","78","73","82","79","80","85","87","86",1178,0.9496,19.1362,20.1509,222,0.188455008488964
"440050",0.962,NA,18685,"No Different Than the National Average Payment","4.5",NA,"No Different Than the National Rate","No Different Than the National Rate","No Different Than the National Value","medium","84","182","2","Not Available","Not Available",149,-4.4,-24.7,19.5,130,57,1,"88","89","83","73","86","78","81","79","84","80",108,1.0716,18.9831,17.7151,25,0.231481481481481
"440053",0.559,NA,18123,"Less Than the National Average Payment","0.2",NA,"No Different Than the National Rate","No Different Than the National Rate","No Different Than the National Value","very high","Not Available","184","2","Not Available","Not Available",679,2.7,-13.1,20,580,177,1,"90","90","81","73","84","80","84","84","88","87",588,1.0021,20.3841,20.3411,120,0.204081632653061
"440056",0,NA,18919,"No Different Than the National Average Payment","6.4",NA,"No Different Than the National Rate","No Different Than the National Rate","No Different Than the National Value","medium","58","173","4","Not Available","Not Available",91,5.7,-19.9,36.2,83,31,1,"88","87","80","75","84","77","80","83","84","80",74,1.0282,17.874,17.3832,15,0.202702702702703
"440058",NA,NA,20676,"No Different Than the National Average Payment","3.9",NA,"No Different Than the National Rate","No Different Than the National Rate","Worse Than the National Value","medium","55","128","1","86","96",80,-9.1,-35,22.1,69,27,1,"92","91","85","76","88","80","88","85","88","85",75,0.9705,20.0121,20.6208,13,0.173333333333333
"440059",1.074,NA,19321,"No Different Than the National Average Payment","5.6",NA,"No Different Than the National Rate","No Different Than the National Rate","No Different Than the National Value","high","57","261","5","Not Available","Not Available",741,18.6,1.6,36.8,595,214,0,"92","90","85","75","85","81","81","83","88","88",644,1.0995,22.7542,20.6941,153,0.237577639751553
"440063",0.612,NA,20216,"No Different Than the National Average Payment","3.5",NA,"No Different Than the National Rate","No Different Than the National Rate","No Different Than the National Value","high","100","206","1","Not Available","Not Available",433,18.8,-0.7,40.9,358,122,1,"88","87","80","70","82","76","77","75","80","78",370,1.079,23.1772,21.48,91,0.245945945945946
"440065",NA,NA,18164,"No Different Than the National Average Payment","10.9",NA,"No Different Than the National Rate","No Different Than the National Rate","No Different Than the National Value","low","51","138","2","85","Not Available",71,-22.1,-47.9,7.7,58,20,1,"90","91","80","74","84","80","88","83","86","83",49,1.0261,20.9524,20.4186,12,0.244897959183673
"440072",NA,NA,19523,"No Different Than the National Average Payment","7.1",NA,"No Different Than the National Rate","No Different Than the National Rate","No Different Than the National Value","medium","79","136","2","93","96",185,-14.2,-36.3,11.5,151,59,1,"92","93","85","78","86","82","83","84","86","84",161,0.9728,22.3011,22.925,34,0.211180124223602
"440073",1.396,NA,19443,"No Different Than the National Average Payment","7.1",NA,"No Different Than the National Rate","No Different Than the National Rate","No Different Than the National Value","high","68","209","4","96","96",626,-1.9,-15.3,13.7,522,164,1,"93","92","84","81","89","82","87","86","90","88",551,0.9737,18.1013,18.5893,98,0.177858439201452
"440081",NA,NA,17898,"No Different Than the National Average Payment","2.7",NA,"No Different Than the National Rate","No Different Than the National Rate","No Different Than the National Value","high","91","236","5","Not Available","98",140,-22,-42,1,125,31,1,"92","93","84","76","88","82","87","84","90","88",136,0.9383,16.9912,18.1086,19,0.139705882352941
"440082",0.566,NA,20611,"Greater Than the National Average Payment","0.6",NA,"No Different Than the National Rate","No Different Than the National Rate","No Different Than the National Value","very high","Not Available","200","3","Not Available","Not Available",1519,-13.2,-23.5,-2.1,1246,395,2,"91","92","81","73","85","81","80","82","89","91",1246,0.9307,18.9208,20.3294,231,0.185393258426966
"440091",0.381,NA,18976,"No Different Than the National Average Payment","11.1",NA,"No Different Than the National Rate","No Different Than the National Rate","Better Than the National Value","very high","92","250","8","Not Available","98",971,-19.4,-30.9,-6.6,834,255,2,"91","91","84","75","84","81","82","85","90","90",878,0.8173,16.7634,20.5096,134,0.152619589977221
"440104",1.46,NA,21751,"Greater Than the National Average Payment","5.7",NA,"No Different Than the National Rate","No Different Than the National Rate","No Different Than the National Value","very high","82","162","2","Not Available","Not Available",413,-6.2,-24.2,14.6,354,107,1,"88","90","80","71","83","78","75","79","84","84",393,0.9058,17.681,19.5191,63,0.16030534351145
"440110",NA,NA,18330,"No Different Than the National Average Payment","4.8",NA,"No Different Than the National Rate","No Different Than the National Rate","No Different Than the National Value","low","92","178","4","Not Available","Not Available",82,0.3,-26.6,32.3,68,23,1,"91","91","85","74","89","81","87","75","88","87",66,1.0107,18.6455,18.4472,13,0.196969696969697
"440120",1.13,NA,19964,"No Different Than the National Average Payment","9.8",NA,"No Different Than the National Rate","No Different Than the National Rate","No Different Than the National Value","medium","70","207","2","Not Available","94",491,-5.4,-22.8,13.6,420,128,1,"91","91","83","77","84","80","85","85","87","86",398,1.0128,20.6391,20.3776,83,0.208542713567839
"440125",0.425,NA,18719,"No Different Than the National Average Payment","8.3",NA,"No Different Than the National Rate","No Different Than the National Rate","No Different Than the National Value","high","93","257","3","Not Available","Not Available",260,37.7,12,67.2,224,75,0,"91","91","83","74","85","81","87","84","88","89",239,1.0063,19.493,19.3717,47,0.196652719665272
"440130",NA,NA,21537,"No Different Than the National Average Payment","6.4",NA,"No Different Than the National Rate","No Different Than the National Rate","No Different Than the National Value","low","96","126","0","92","Not Available",124,-9.2,-33.6,20.9,102,30,1,"93","92","88","73","87","81","92","85","90","88",114,0.9248,18.5561,20.0652,16,0.140350877192982
"440132",NA,NA,19819,"No Different Than the National Average Payment","11.3",NA,"No Different Than the National Rate","No Different Than the National Rate","No Different Than the National Value","low","91","172","5","76","77",99,-13.1,-36.5,14.5,92,28,1,"92","94","84","82","88","84","91","88","89","88",115,1.0118,18.4629,18.2467,22,0.191304347826087
"440144",NA,NA,19479,"No Different Than the National Average Payment","7.7",NA,"No Different Than the National Rate","No Different Than the National Rate","No Different Than the National Value","medium","89","176","2","Not Available","Not Available",227,0.2,-21.8,24,180,58,1,"91","86","86","73","78","77","88","84","85","83",175,0.9166,17.5373,19.1333,25,0.142857142857143
"440150",0.453,NA,20344,"No Different Than the National Average Payment","7.1",NA,"No Different Than the National Rate","No Different Than the National Rate","No Different Than the National Value","very high","49","147","1","91","99",388,13.9,-7.3,36,306,110,1,"89","88","78","73","82","77","86","83","85","85",320,1.0493,21.1756,20.1815,71,0.221875
"440151",NA,NA,20270,"No Different Than the National Average Payment","2.5",NA,"Number of Cases Too Small","No Different Than the National Rate","No Different Than the National Value","medium","Not Available","150","5","Not Available","Not Available",127,12.3,-15,43.9,109,32,1,"93","92","90","80","90","81","90","86","91","90",101,0.966,19.0862,19.7575,17,0.168316831683168
"440153",NA,NA,17438,"No Different Than the National Average Payment","5.8",NA,"Number of Cases Too Small","No Different Than the National Rate","No Different Than the National Value","medium","65","160","2","89","Not Available",67,-23.4,-51,10.2,56,19,1,"89","89","80","73","81","78","87","85","85","83",60,0.9987,21.8092,21.8366,13,0.216666666666667
"440156",0.342,NA,20569,"No Different Than the National Average Payment","1.8",NA,"No Different Than the National Rate","No Different Than the National Rate","No Different Than the National Value","very high","28","114","2","90","95",437,7.4,-11.3,27.1,373,118,1,"90","90","81","72","82","79","84","83","88","88",364,1.027,20.6625,20.1188,77,0.211538461538462
"440161",0.528,NA,22101,"Greater Than the National Average Payment","7",NA,"No Different Than the National Rate","Better Than the National Rate","Better Than the National Value","very high","52","120","1","98","99",657,-1.3,-17.2,16.1,526,173,1,"91","92","81","74","83","80","82","87","89","89",550,0.97,20.1897,20.8148,109,0.198181818181818
"440173",0.211,NA,18572,"No Different Than the National Average Payment","4.2",NA,"No Different Than the National Rate","No Different Than the National Rate","No Different Than the National Value","high","93","234","8","Not Available","90",549,19.5,0.7,40.5,472,143,0,"89","91","78","72","86","81","82","86","87","88",462,0.9904,18.9687,19.153,87,0.188311688311688
"440175",NA,NA,19929,"No Different Than the National Average Payment","13.5",NA,"Number of Cases Too Small","No Different Than the National Rate","No Different Than the National Value","low","56","128","2","97","99",72,-6,-32.9,26.7,61,21,1,"92","92","84","79","87","80","85","85","86","84",67,0.9801,19.9082,20.313,12,0.17910447761194
"440183",1.527,NA,18623,"No Different Than the National Average Payment","12.6",NA,"No Different Than the National Rate","Worse Than the National Rate","No Different Than the National Value","high","84","162","0","85","96",188,22.4,-4.3,53.3,161,57,1,"84","86","71","68","75","74","75","81","78","74",204,1.0115,20.7019,20.4662,43,0.21078431372549
"440184",0,NA,19688,"No Different Than the National Average Payment","6.7",NA,"No Different Than the National Rate","No Different Than the National Rate","No Different Than the National Value","medium","93","189","2","Not Available","Not Available",86,5.5,-22.9,41,79,24,1,"92","91","85","77","87","82","81","87","89","90",70,0.984,18.6531,18.9556,12,0.171428571428571
"440185",1.01,NA,20158,"No Different Than the National Average Payment","4.9",NA,"No Different Than the National Rate","No Different Than the National Rate","No Different Than the National Value","high","51","202","5","Not Available","92",315,31.1,6.3,56.6,256,105,0,"89","87","78","71","81","76","76","83","82","79",264,1.0294,22.3576,21.7181,61,0.231060606060606
"440187",NA,NA,18768,"No Different Than the National Average Payment","1.6",NA,"Not Available","No Different Than the National Rate","No Different Than the National Value","low","85","132","4","Not Available","90",95,-6.3,-28.3,19.8,83,36,1,"92","93","87","74","84","81","89","85","87","88",98,1.0493,19.2172,18.3136,22,0.224489795918367
"440193",1.095,NA,18517,"No Different Than the National Average Payment","10.1",NA,"No Different Than the National Rate","No Different Than the National Rate","No Different Than the National Value","medium","90","178","1","Not Available","88",170,-5.6,-29.9,21.3,148,45,1,"90","90","84","74","84","79","85","83","86","85",115,0.9855,19.9817,20.2764,22,0.191304347826087
"440194",0.664,NA,20790,"No Different Than the National Average Payment","7.3",NA,"No Different Than the National Rate","No Different Than the National Rate","No Different Than the National Value","high","45","149","1","87","98",212,11.5,-13,38.2,170,63,1,"91","90","79","73","80","80","86","81","86","86",178,1.0133,22.5269,22.2317,41,0.230337078651685
"440197",0.805,NA,20195,"No Different Than the National Average Payment","4",NA,"No Different Than the National Rate","No Different Than the National Rate","No Different Than the National Value","high","31","116","1","96","97",122,5.5,-19.9,36.2,112,37,1,"89","90","83","71","80","80","87","85","86","84",107,1.0442,21.553,20.6413,26,0.242990654205607
"440227",0,NA,20428,"No Different Than the National Average Payment","4.4",NA,"No Different Than the National Rate","No Different Than the National Rate","No Different Than the National Value","high","47","154","1","99","97",157,9.1,-16.3,39.7,133,51,1,"90","91","82","72","80","78","86","85","87","85",129,1.0379,21.3167,20.5384,30,0.232558139534884
"440228",0,NA,18516,"No Different Than the National Average Payment","5.2",NA,"Number of Cases Too Small","No Different Than the National Rate","No Different Than the National Value","high","78","180","1","80","93",310,22.2,-0.1,46.9,269,87,1,"83","82","73","65","70","72","69","78","75","72",238,0.998,18.9622,18.9996,45,0.189075630252101
"450002",0,NA,19540,"No Different Than the National Average Payment","12.3",NA,"Number of Cases Too Small","No Different Than the National Rate","No Different Than the National Value","medium","92","182","6","84","83",72,48.2,15.7,88.8,66,24,0,"83","85","69","67","80","76","75","76","77","74",57,1.0335,19.0248,18.4087,13,0.228070175438596
"450007",NA,NA,19297,"No Different Than the National Average Payment","3.4",NA,"No Different Than the National Rate","No Different Than the National Rate","Worse Than the National Value","medium","76","157","1","95","93",225,-18.2,-35,0.8,194,66,1,"94","92","87","79","91","82","92","85","92","91",170,0.9287,16.3042,17.5559,23,0.135294117647059
"450010",0.595,NA,21863,"Greater Than the National Average Payment","8.1",NA,"No Different Than the National Rate","No Different Than the National Rate","No Different Than the National Value","very high","82","226","0","98","99",678,7.2,-7.9,22.9,548,205,1,"91","90","87","75","85","81","87","85","90","88",555,0.9998,20.3632,20.3681,113,0.203603603603604
"450011",1.403,NA,22600,"Greater Than the National Average Payment","12.5",NA,"No Different Than the National Rate","No Different Than the National Rate","No Different Than the National Value","high","87","156","1","Not Available","95",669,-3.8,-18.6,12.6,525,182,1,"90","91","81","75","83","79","82","83","85","85",558,1.0093,20.3193,20.1311,114,0.204301075268817
"450015",1.28,NA,17057,"Less Than the National Average Payment","3",NA,"No Different Than the National Rate","No Different Than the National Rate","Worse Than the National Value","very high","83","333","2","Not Available","Not Available",262,9.1,-16.6,37.6,204,72,1,"88","90","76","72","86","80","89","82","88","87",241,0.8993,20.4108,22.6961,42,0.174273858921162
"450018",1.107,NA,21581,"Greater Than the National Average Payment","10.6",NA,"No Different Than the National Rate","No Different Than the National Rate","No Different Than the National Value","very high","64","180","1","Not Available","Not Available",1047,26.1,11.6,41.5,813,328,0,"90","90","83","77","86","81","89","87","89","88",959,1.0913,22.8389,20.9273,225,0.234619395203337
"450021",0.808,NA,17707,"Less Than the National Average Payment","2.3",NA,"No Different Than the National Rate","No Different Than the National Rate","Worse Than the National Value","very high","95","297","4","89","91",615,-31.5,-46.8,-15.1,499,140,2,"91","91","81","76","87","82","84","83","88","89",607,0.8907,18.8957,21.2133,107,0.176276771004942
"450023",0,NA,23809,"Greater Than the National Average Payment","10.6",NA,"No Different Than the National Rate","No Different Than the National Rate","No Different Than the National Value","medium","75","172","3","Not Available","Not Available",325,4,-15.4,24.9,254,93,1,"92","91","84","76","84","81","88","87","90","91",231,0.934,17.9508,19.2188,37,0.16017316017316
"450024",0.528,NA,18694,"No Different Than the National Average Payment","9.1",NA,"No Different Than the National Rate","No Different Than the National Rate","No Different Than the National Value","very high","87","213","0","87","96",80,8.4,-19.3,41.9,64,19,1,"89","89","83","75","83","78","87","82","88","87",67,1.0994,20.4274,18.5801,20,0.298507462686567
"450028",1.022,NA,23328,"Greater Than the National Average Payment","15.6",NA,"Not Available","No Different Than the National Rate","No Different Than the National Value","medium","85","153","2","82","96",145,34.6,4.9,69.7,118,43,0,"86","85","74","69","78","77","88","79","82","81",147,1.0911,23.1555,21.2224,40,0.272108843537415
"450029",0.279,NA,19371,"No Different Than the National Average Payment","8.5",NA,"No Different Than the National Rate","No Different Than the National Rate","No Different Than the National Value","high","45","177","2","Not Available","99",307,1.2,-20.9,24.8,248,83,1,"89","89","76","76","79","76","88","83","84","82",303,1.0597,22.775,21.492,73,0.240924092409241
"450032",1.11,NA,19845,"No Different Than the National Average Payment","7",NA,"No Different Than the National Rate","No Different Than the National Rate","No Different Than the National Value","very high","93","123","1","Not Available","Not Available",513,8.3,-9.1,27.5,412,151,1,"91","90","82","75","84","79","88","84","87","86",477,1.116,22.3436,20.0203,114,0.238993710691824
"450033",0.353,NA,19851,"No Different Than the National Average Payment","11.1",NA,"Number of Cases Too Small","No Different Than the National Rate","No Different Than the National Value","very high","99","142","2","88","98",251,-13.6,-34.3,10.8,208,61,1,"87","85","77","67","77","77","84","79","82","81",207,0.9192,19.1344,20.8171,34,0.164251207729469
"450034",0.916,NA,19585,"No Different Than the National Average Payment","15.6",NA,"No Different Than the National Rate","No Different Than the National Rate","No Different Than the National Value","high","89","238","2","Not Available","Not Available",453,-11.8,-28.8,6.2,373,122,1,"91","91","83","74","85","80","84","84","86","85",389,0.9472,19.7025,20.8011,73,0.187660668380463
"450039",0.574,NA,17736,"Less Than the National Average Payment","4.6",NA,"No Different Than the National Rate","No Different Than the National Rate","No Different Than the National Value","very high","97","200","7","Not Available","Not Available",178,3.1,-22.6,33,143,47,1,"89","90","81","74","84","76","82","76","87","85",164,0.9359,20.4005,21.7981,29,0.176829268292683
"450040",0.295,NA,20808,"Greater Than the National Average Payment","16.6",NA,"No Different Than the National Rate","No Different Than the National Rate","No Different Than the National Value","high","69","154","4","Not Available","Not Available",501,-3.5,-21.7,15.6,450,135,1,"89","89","82","74","83","79","81","80","86","85",462,0.8931,19.1688,21.4627,81,0.175324675324675
"450042",0,NA,20822,"Greater Than the National Average Payment","9.7",NA,"No Different Than the National Rate","No Different Than the National Rate","No Different Than the National Value","Not Available","Not Available","218","Not Available","47","51",587,16.4,-0.6,33.8,493,171,1,"91","92","80","77","90","82","87","84","89","90",490,0.9709,19.1739,19.7483,92,0.187755102040816
"450044",0.446,NA,21779,"Greater Than the National Average Payment","9.6",NA,"No Different Than the National Rate","No Different Than the National Rate","No Different Than the National Value","high","85","378","3","Not Available","Not Available",631,-0.7,-18.8,17.7,494,173,1,"93","93","86","79","90","85","85","92","93","94",526,0.9523,21.354,22.4243,109,0.20722433460076
"450046",1.007,NA,20994,"No Different Than the National Average Payment","1.6",NA,"No Different Than the National Rate","No Different Than the National Rate","No Different Than the National Value","very high","72","248","1","Not Available","Not Available",333,-16.8,-36.3,5,279,84,1,"89","89","80","75","86","81","88","84","88","86",297,0.8535,18.3831,21.5389,44,0.148148148148148
"450051",1.356,NA,20293,"No Different Than the National Average Payment","9",NA,"No Different Than the National Rate","No Different Than the National Rate","No Different Than the National Value","very high","97","216","2","Not Available","Not Available",155,24.3,-7.1,58.7,135,40,1,"92","92","84","78","86","81","90","85","89","88",145,1.0223,20.3598,19.9148,31,0.213793103448276
"450054",0.461,NA,18631,"No Different Than the National Average Payment","7",NA,"No Different Than the National Rate","No Different Than the National Rate","No Different Than the National Value","very high","94","218","2","95","91",621,18.2,-0.3,38.8,496,161,1,"91","91","82","77","89","81","84","82","89","88",523,1.0623,22.1626,20.8628,120,0.229445506692161
"450056",0.29,NA,23388,"Greater Than the National Average Payment","1.1",NA,"No Different Than the National Rate","No Different Than the National Rate","No Different Than the National Value","medium","Not Available","194","3","85","90",384,4.2,-16.5,26.7,335,105,1,"89","90","78","76","85","79","81","80","85","84",315,0.9592,18.9686,19.7757,57,0.180952380952381
"450058",0.738,NA,20886,"Greater Than the National Average Payment","0.8",NA,"Worse Than the National Rate","No Different Than the National Rate","No Different Than the National Value","very high","72","173","4","77","88",897,-15,-28.5,-1.5,769,210,2,"88","88","80","72","82","78","82","80","85","82",751,0.8694,17.0621,19.6248,119,0.158455392809587
"450064",1.188,NA,20477,"No Different Than the National Average Payment","0.4",NA,"No Different Than the National Rate","No Different Than the National Rate","No Different Than the National Value","very high","94","192","3","99","100",206,-14.4,-34.3,10.5,174,48,1,"89","87","81","72","86","78","90","85","86","86",180,0.9461,18.6932,19.7579,30,0.166666666666667
"450068",0.656,NA,23377,"Greater Than the National Average Payment","10.8",NA,"No Different Than the National Rate","Worse Than the National Rate","No Different Than the National Value","very high","93","260","6","94","Not Available",449,-0.8,-21.7,21.1,375,117,1,"90","90","80","76","86","81","87","84","87","87",350,0.9626,21.0267,21.8445,71,0.202857142857143
"450072",NA,NA,19532,"No Different Than the National Average Payment","6.4",NA,"Number of Cases Too Small","No Different Than the National Rate","No Different Than the National Value","medium","63","157","2","68","Not Available",197,10.8,-12.9,36.9,156,67,1,"91","91","84","77","85","80","87","84","86","84",155,1.0264,20.1662,19.6474,33,0.212903225806452
"450079",0.298,NA,18996,"No Different Than the National Average Payment","2.3",NA,"No Different Than the National Rate","No Different Than the National Rate","No Different Than the National Value","very high","94","166","1","89","89",293,16.4,-5.5,40.2,238,87,1,"91","90","84","78","87","83","87","86","90","90",245,1.1766,22.8658,19.4344,67,0.273469387755102
"450080",NA,NA,20851,"No Different Than the National Average Payment","14.7",NA,"No Different Than the National Rate","No Different Than the National Rate","No Different Than the National Value","medium","65","187","4","Not Available","Not Available",111,9.5,-16.2,38.7,100,36,1,"92","89","85","74","84","81","89","87","88","86",87,1.0166,19.4453,19.1272,18,0.206896551724138
"450083",0.476,NA,19881,"No Different Than the National Average Payment","15.8",NA,"No Different Than the National Rate","No Different Than the National Rate","No Different Than the National Value","medium","79","144","1","Not Available","93",592,20.1,0.7,39.1,512,169,0,"89","89","78","71","82","78","78","79","84","83",519,1.0413,22.2032,21.3222,118,0.227360308285164
"450087",0.905,NA,21461,"Greater Than the National Average Payment","2",NA,"No Different Than the National Rate","No Different Than the National Rate","No Different Than the National Value","high","36","135","1","100","100",228,18.2,-7.2,45.8,190,68,1,"89","86","80","69","78","78","87","85","86","83",208,1.072,21.3127,19.8805,49,0.235576923076923
"450097",0.426,NA,20617,"No Different Than the National Average Payment","6.3",NA,"No Different Than the National Rate","No Different Than the National Rate","No Different Than the National Value","very high","51","136","2","74","94",123,5.8,-23.1,39.5,102,34,1,"88","85","78","70","80","76","87","82","83","79",113,1.0836,23.4275,21.62,32,0.283185840707965
"450101",0.431,NA,19112,"No Different Than the National Average Payment","8",NA,"No Different Than the National Rate","No Different Than the National Rate","No Different Than the National Value","very high","94","232","3","85","90",269,-2,-20.8,19.8,222,69,1,"92","92","85","79","89","84","89","88","91","92",228,0.9964,18.5226,18.5889,42,0.184210526315789
"450102",0.294,NA,22626,"Greater Than the National Average Payment","15.3",NA,"No Different Than the National Rate","No Different Than the National Rate","Better Than the National Value","very high","86","112","0","Not Available","Not Available",867,23.3,7.8,39.6,713,268,0,"92","89","79","74","86","82","84","86","89","90",684,1.0619,22.0651,20.7785,155,0.226608187134503
"450104",NA,NA,21003,"No Different Than the National Average Payment","8.3",NA,"Number of Cases Too Small","No Different Than the National Rate","No Different Than the National Value","medium","79","206","2","99","Not Available",208,-14,-31.4,5.5,166,67,1,"93","94","87","85","88","84","94","90","92","92",164,1.0572,18.5303,17.5274,34,0.207317073170732
"450107",0.258,NA,22550,"Greater Than the National Average Payment","1.9",NA,"No Different Than the National Rate","No Different Than the National Rate","Better Than the National Value","very high","48","137","1","96","99",244,27.2,1.9,56.4,212,67,0,"87","86","81","72","81","78","85","80","84","81",229,1.0723,21.1127,19.6889,53,0.231441048034935
"450119",0.517,NA,21617,"Greater Than the National Average Payment","4.5",NA,"No Different Than the National Rate","No Different Than the National Rate","No Different Than the National Value","very high","90","112","1","79","93",397,1,-20.2,23.1,335,112,1,"88","86","77","72","80","78","85","81","84","82",359,1.0129,22.039,21.7576,80,0.222841225626741
"450128",0.678,NA,19566,"No Different Than the National Average Payment","7.2",NA,"No Different Than the National Rate","No Different Than the National Rate","No Different Than the National Value","medium","88","188","1","Not Available","Not Available",101,-26.2,-53,6.5,80,29,1,"88","91","79","77","83","75","87","80","85","83",98,1.0488,24.1708,23.0452,27,0.275510204081633
"450132",0.377,NA,21017,"No Different Than the National Average Payment","8.4",NA,"Worse Than the National Rate","No Different Than the National Rate","No Different Than the National Value","high","81","145","1","93","97",293,14.3,-7.8,40.1,249,78,1,"90","89","82","76","85","77","83","86","87","87",246,0.8908,17.7068,19.8765,36,0.146341463414634
"450133",0.412,NA,21827,"Greater Than the National Average Payment","6.9",NA,"Worse Than the National Rate","No Different Than the National Rate","No Different Than the National Value","very high","67","188","4","60","66",239,24.3,1.7,49,207,69,0,"89","89","79","73","86","77","79","81","86","84",210,1.0566,18.3053,17.3245,42,0.2
"450135",0.503,NA,19449,"No Different Than the National Average Payment","1.8",NA,"Worse Than the National Rate","No Different Than the National Rate","No Different Than the National Value","very high","93","180","0","100","100",731,-11.1,-25.1,5,602,188,1,"90","88","83","73","87","80","84","82","88","88",603,0.9985,20.7467,20.7784,125,0.207296849087894
"450137",0.443,NA,22136,"Greater Than the National Average Payment","7.9",NA,"No Different Than the National Rate","No Different Than the National Rate","No Different Than the National Value","high","95","238","2","91","87",351,25.9,3.8,51.8,281,103,0,"91","91","84","76","88","82","81","82","89","89",284,1.033,22.1091,21.4025,65,0.22887323943662
"450147",0.99,NA,24417,"Greater Than the National Average Payment","0.2",NA,"No Different Than the National Rate","No Different Than the National Rate","No Different Than the National Value","high","80","134","3","Not Available","Not Available",289,-6.2,-27.2,16.5,228,86,1,"92","91","83","78","87","81","87","86","89","88",226,0.9306,18.4738,19.8509,37,0.163716814159292
"450152",0.718,NA,19478,"No Different Than the National Average Payment","11.2",NA,"No Different Than the National Rate","No Different Than the National Rate","No Different Than the National Value","high","88","178","8","Not Available","Not Available",230,-8.6,-29.8,15.3,191,72,1,"89","91","82","77","86","81","88","85","86","83",187,0.9539,19.3191,20.2521,33,0.176470588235294
"450154",NA,NA,18859,"No Different Than the National Average Payment","10.5",NA,"Number of Cases Too Small","No Different Than the National Rate","No Different Than the National Value","medium","60","181","7","48","60",76,38,5.2,79.3,65,27,0,"88","90","81","76","83","76","88","82","84","80",68,1.0183,20.2852,19.921,15,0.220588235294118
"450176",0,NA,20082,"No Different Than the National Average Payment","11.8",NA,"No Different Than the National Rate","No Different Than the National Rate","No Different Than the National Value","medium","82","144","1","Not Available","Not Available",99,29.6,-4.4,67.7,86,35,1,"91","92","85","81","85","77","90","83","88","88",88,1.024,23.1321,22.589,22,0.25
"450184",0.668,NA,20203,"No Different Than the National Average Payment","10.5",NA,"No Different Than the National Rate","Worse Than the National Rate","No Different Than the National Value","very high","95","214","1","92","Not Available",1548,21.2,8.7,34.9,1253,458,0,"89","89","80","73","83","80","86","84","87","86",1258,1.0818,22.7042,20.9881,291,0.231319554848967
"450193",1.196,NA,23543,"Greater Than the National Average Payment","19.7",NA,"No Different Than the National Rate","No Different Than the National Rate","No Different Than the National Value","high","84","186","2","90","98",508,7.6,-12.9,29.8,425,137,1,"89","91","77","72","85","80","81","81","86","86",444,0.9729,21.1403,21.7297,92,0.207207207207207
"450196",2.37,NA,20129,"No Different Than the National Average Payment","9",NA,"No Different Than the National Rate","No Different Than the National Rate","No Different Than the National Value","medium","86","163","5","89","87",421,-12.4,-28.4,4.1,329,147,1,"90","88","80","72","81","76","82","82","83","80",363,1.0591,22.336,21.0903,85,0.234159779614325
"450200",NA,NA,19506,"No Different Than the National Average Payment","11.3",NA,"No Different Than the National Rate","No Different Than the National Rate","No Different Than the National Value","medium","92","168","6","Not Available","Not Available",178,-18,-37.1,3.8,153,44,1,"91","91","81","74","84","80","86","84","86","84",160,0.926,16.8485,18.1957,22,0.1375
"450203",NA,NA,20948,"No Different Than the National Average Payment","2.1",NA,"No Different Than the National Rate","No Different Than the National Rate","No Different Than the National Value","medium","53","124","1","95","96",200,8.5,-17.2,36.2,167,62,1,"89","88","80","70","82","78","84","83","84","81",162,1.0574,22.3473,21.1337,40,0.246913580246914
"450209",0.392,NA,20054,"No Different Than the National Average Payment","10.1",NA,"No Different Than the National Rate","No Different Than the National Rate","No Different Than the National Value","very high","95","115","1","83","99",261,-30.4,-47.7,-9.7,232,63,2,"89","87","83","72","80","77","76","79","85","84",222,0.8668,17.2752,19.9301,29,0.130630630630631
"450210",NA,NA,19291,"No Different Than the National Average Payment","2.6",NA,"Not Available","Not Available","Not Available","low","89","88","1","88","Not Available",50,-5.7,-30.1,27.9,41,18,1,"Not Available","Not Available","Not Available","Not Available","Not Available","Not Available","Not Available","Not Available","Not Available","Not Available",47,1.0378,18.2292,17.5653,11,0.234042553191489
"450211",2.341,NA,20725,"No Different Than the National Average Payment","5.9",NA,"No Different Than the National Rate","No Different Than the National Rate","No Different Than the National Value","medium","90","184","6","Not Available","90",204,12.5,-11.1,39.5,183,65,1,"91","91","84","76","86","81","88","85","87","87",199,1.0587,21.194,20.0183,46,0.231155778894472
"450213",0.541,NA,20549,"No Different Than the National Average Payment","19",NA,"No Different Than the National Rate","No Different Than the National Rate","No Different Than the National Value","very high","99","294","10","Not Available","Not Available",174,1.7,-23.5,28.9,157,46,1,"90","90","82","76","85","78","85","82","89","88",138,0.9798,19.8241,20.233,26,0.188405797101449
"450222",1.398,NA,22086,"Greater Than the National Average Payment","11",NA,"Worse Than the National Rate","No Different Than the National Rate","No Different Than the National Value","high","54","188","1","94","100",262,10.8,-12.8,39.6,221,68,1,"88","85","76","70","79","77","83","83","83","79",237,0.9741,19.3016,19.8148,44,0.185654008438819
"450229",0.683,NA,22466,"Greater Than the National Average Payment","12.2",NA,"No Different Than the National Rate","No Different Than the National Rate","No Different Than the National Value","very high","95","136","2","Not Available","Not Available",654,-18.6,-32.5,-3.6,558,167,2,"90","90","83","75","87","80","84","86","87","86",502,0.9333,19.0405,20.4021,91,0.181274900398406
"450231",0.284,NA,20017,"No Different Than the National Average Payment","6.3",NA,"No Different Than the National Rate","No Different Than the National Rate","Worse Than the National Value","high","94","259","2","Not Available","Not Available",675,14.3,-2.2,30.4,561,181,1,"90","90","82","76","85","81","85","82","89","90",584,1.0357,19.4677,18.7973,116,0.198630136986301
"450236",NA,NA,19818,"No Different Than the National Average Payment","11.6",NA,"Number of Cases Too Small","No Different Than the National Rate","No Different Than the National Value","medium","87","137","0","Not Available","Not Available",184,-3.2,-24.3,21.1,161,54,1,"94","91","90","79","87","84","91","87","91","90",161,0.9627,18.949,19.6839,28,0.173913043478261
"450237",0.683,NA,22399,"Greater Than the National Average Payment","2.7",NA,"Worse Than the National Rate","No Different Than the National Rate","Worse Than the National Value","very high","87","203","1","Not Available","Not Available",764,-8,-22.3,7.8,650,201,1,"91","89","81","74","85","80","90","85","88","87",628,0.9567,18.9383,19.7945,116,0.184713375796178
"450271",NA,NA,NA,"Not Available","Not Available",NA,"Not Available","Not Available","Not Available","Not Available","Not Available","Not Available","Not Available","96","99",NA,NA,NA,NA,NA,NA,NA,"Not Available","Not Available","Not Available","Not Available","Not Available","Not Available","Not Available","Not Available","Not Available","Not Available",139,1.0307,20.8439,20.2222,31,0.223021582733813
"450272",NA,NA,22537,"Greater Than the National Average Payment","7.9",NA,"No Different Than the National Rate","No Different Than the National Rate","No Different Than the National Value","medium","86","136","1","Not Available","Not Available",191,-6.3,-26.2,17.1,157,50,1,"92","92","83","77","86","81","91","83","89","89",156,1.0202,17.7639,17.4124,29,0.185897435897436
"450289",0.703,NA,19644,"No Different Than the National Average Payment","6",NA,"No Different Than the National Rate","No Different Than the National Rate","No Different Than the National Value","very high","93","363","2","Not Available","Not Available",62,42.5,-1.7,93.9,50,15,1,"88","91","81","75","84","81","86","78","88","86",49,1.0257,22.941,22.3654,13,0.26530612244898
"450324",0.46,NA,20610,"No Different Than the National Average Payment","23",NA,"No Different Than the National Rate","No Different Than the National Rate","No Different Than the National Value","very high","42","126","1","86","98",755,8.5,-8.1,26.9,622,198,1,"90","89","79","75","82","79","83","83","86","86",632,1.0478,21.4934,20.5138,139,0.21993670886076
"450330",NA,NA,22741,"Greater Than the National Average Payment","7.3",NA,"No Different Than the National Rate","No Different Than the National Rate","No Different Than the National Value","medium","77","137","1","82","97",80,-19.8,-45.7,13.3,70,27,1,"84","87","75","69","79","74","83","84","81","78",73,1.03,21.9001,21.2628,18,0.246575342465753
"450347",0,NA,20450,"No Different Than the National Average Payment","9",NA,"No Different Than the National Rate","No Different Than the National Rate","No Different Than the National Value","medium","71","168","1","Not Available","Not Available",138,26.1,-0.9,56.5,115,39,1,"89","90","84","78","84","79","88","83","85","83",126,1.0532,18.7552,17.8082,27,0.214285714285714
"450351",NA,NA,19098,"No Different Than the National Average Payment","3.2",NA,"Number of Cases Too Small","No Different Than the National Rate","No Different Than the National Value","low","91","144","2","99","100",62,6.2,-18,36.6,55,21,1,"94","90","91","78","90","83","93","89","91","89",53,1.1056,18.056,16.3319,16,0.30188679245283
"450352",0.94,NA,19877,"No Different Than the National Average Payment","12.5",NA,"No Different Than the National Rate","No Different Than the National Rate","No Different Than the National Value","very high","83","168","2","Not Available","Not Available",406,25.4,4.8,46.8,342,132,0,"91","90","85","78","86","80","87","87","88","86",369,1.0843,21.295,19.6402,84,0.227642276422764
"450358",0.575,NA,21929,"Greater Than the National Average Payment","10.9",NA,"No Different Than the National Rate","No Different Than the National Rate","No Different Than the National Value","very high","97","190","3","Not Available","99",1517,8.3,-5,23.2,1160,385,1,"90","91","82","75","86","83","87","86","91","92",1268,0.8836,19.7444,22.3454,242,0.190851735015773
"450372",1.638,NA,20127,"No Different Than the National Average Payment","4.9",NA,"No Different Than the National Rate","No Different Than the National Rate","No Different Than the National Value","high","89","244","4","99","99",333,-1.2,-21.2,22.1,265,83,1,"91","92","81","77","90","82","92","89","90","91",272,0.9089,18.1074,19.9223,43,0.158088235294118
"450379",NA,NA,23247,"Greater Than the National Average Payment","2.2",NA,"No Different Than the National Rate","No Different Than the National Rate","No Different Than the National Value","low","66","128","1","Not Available","Not Available",49,-4.3,-31.1,31.4,42,17,1,"85","81","76","66","77","74","84","82","78","77",42,1.0456,19.2189,18.3815,11,0.261904761904762
"450388",0.593,NA,22759,"Greater Than the National Average Payment","3.9",NA,"Worse Than the National Rate","Better Than the National Rate","No Different Than the National Value","very high","38","124","1","78","94",2278,5.4,-4.7,15.8,1837,580,1,"89","89","80","73","83","80","86","82","86","86",1854,0.9679,19.4261,20.0697,358,0.193096008629989
"450389",0,NA,17476,"Less Than the National Average Payment","5.9",NA,"No Different Than the National Rate","No Different Than the National Rate","No Different Than the National Value","medium","59","140","2","92","94",156,6.5,-18.7,36,129,40,1,"92","92","85","80","88","80","85","84","87","85",137,0.9736,19.5456,20.0751,25,0.182481751824818
"450395",NA,NA,20084,"No Different Than the National Average Payment","2.3",NA,"No Different Than the National Rate","No Different Than the National Rate","No Different Than the National Value","medium","84","131","3","Not Available","83",68,-3.1,-27.1,26.1,60,28,1,"92","91","93","81","81","79","90","84","85","81",77,1.0146,19.5367,19.2559,16,0.207792207792208
"450403",0.775,NA,22759,"Greater Than the National Average Payment","0.3",NA,"No Different Than the National Rate","No Different Than the National Rate","No Different Than the National Value","high","72","131","1","85","94",332,10.8,-10.3,33.3,276,101,1,"91","91","83","78","86","81","89","85","88","87",293,1.1141,23.7287,21.2983,77,0.262798634812287
"450424",0.81,NA,19709,"No Different Than the National Average Payment","12.9",NA,"No Different Than the National Rate","No Different Than the National Rate","No Different Than the National Value","very high","95","230","2","Not Available","99",447,-18.2,-36.8,2,353,108,1,"92","91","87","78","88","83","91","88","91","91",364,0.902,19.4961,21.6133,64,0.175824175824176
"450431",0.412,NA,24352,"Greater Than the National Average Payment","1.7",NA,"Worse Than the National Rate","No Different Than the National Rate","No Different Than the National Value","very high","37","170","3","95","99",1394,-25.3,-35.4,-14.2,1091,346,2,"92","91","83","76","86","82","89","85","89","89",1154,0.9069,17.7101,19.5291,198,0.17157712305026
"450447",NA,NA,18351,"No Different Than the National Average Payment","7",NA,"No Different Than the National Rate","No Different Than the National Rate","No Different Than the National Value","medium","71","149","4","Not Available","Not Available",133,-28.8,-51.3,-3,99,33,2,"89","88","81","77","80","75","82","84","81","78",109,0.9277,19.3056,20.81,16,0.146788990825688
"450462",0.375,NA,22062,"Greater Than the National Average Payment","1.4",NA,"No Different Than the National Rate","No Different Than the National Rate","No Different Than the National Value","very high","92","189","4","99","100",714,-15.9,-31,-0.5,602,150,2,"89","90","81","70","84","79","86","81","87","87",574,0.8951,17.2879,19.315,92,0.160278745644599
"450465",NA,NA,20925,"No Different Than the National Average Payment","4",NA,"Number of Cases Too Small","No Different Than the National Rate","No Different Than the National Value","low","77","142","3","94","99",102,-21.8,-46.3,5.8,86,33,1,"92","93","84","84","82","82","95","87","89","87",90,1.0468,23.1296,22.0957,24,0.266666666666667
"450469",NA,NA,20684,"No Different Than the National Average Payment","3.5",NA,"No Different Than the National Rate","No Different Than the National Rate","No Different Than the National Value","low","79","150","3","Not Available","Not Available",152,33.5,4.5,66.1,135,46,0,"Not Available","Not Available","Not Available","Not Available","Not Available","Not Available","Not Available","Not Available","Not Available","Not Available",137,1.0229,20.7891,20.3229,30,0.218978102189781
"450484",0,NA,20609,"No Different Than the National Average Payment","8.3",NA,"No Different Than the National Rate","No Different Than the National Rate","No Different Than the National Value","medium","50","138","2","Not Available","Not Available",233,-13.4,-30.8,7.5,206,70,1,"90","89","81","74","84","79","84","81","87","88",200,0.9911,19.2952,19.4687,38,0.19
"450508",NA,NA,19487,"No Different Than the National Average Payment","9.2",NA,"No Different Than the National Rate","No Different Than the National Rate","No Different Than the National Value","low","80","131","5","Not Available","Not Available",148,24.3,-0.8,54.4,124,43,1,"88","86","83","67","76","74","73","82","82","80",141,1.0177,20.4443,20.0895,30,0.212765957446809
"450518",0.936,NA,23155,"Greater Than the National Average Payment","10.5",NA,"No Different Than the National Rate","No Different Than the National Rate","No Different Than the National Value","high","76","140","4","Not Available","Not Available",175,22.5,-3,52.2,135,48,1,"88","88","74","78","80","74","85","83","81","77",146,1.0701,19.5554,18.2742,33,0.226027397260274
"450537",0,NA,25874,"Greater Than the National Average Payment","17.9",NA,"No Different Than the National Rate","No Different Than the National Rate","No Different Than the National Value","high","94","191","3","Not Available","Not Available",297,4.4,-15.7,26.2,248,79,1,"91","91","84","76","86","82","92","84","90","89",262,1.0051,19.3366,19.2378,51,0.194656488549618
"450563",1.421,NA,21109,"Greater Than the National Average Payment","2.3",NA,"No Different Than the National Rate","No Different Than the National Rate","No Different Than the National Value","high","95","184","1","93","98",382,-23.1,-38.8,-5,324,82,2,"92","91","84","77","87","83","87","85","91","92",299,0.9445,17.9675,19.0241,50,0.167224080267559
"450571",0.486,NA,20436,"No Different Than the National Average Payment","8",NA,"No Different Than the National Rate","No Different Than the National Rate","No Different Than the National Value","very high","73","138","4","88","84",607,-10.8,-25,4.5,488,157,1,"91","91","86","76","86","81","84","86","88","86",488,0.9882,18.8071,19.0322,91,0.186475409836066
"450596",NA,NA,19285,"No Different Than the National Average Payment","10.7",NA,"No Different Than the National Rate","No Different Than the National Rate","No Different Than the National Value","medium","80","143","1","Not Available","Not Available",133,-6.9,-28.1,18.8,117,42,1,"91","88","82","74","83","78","88","82","85","82",123,0.9867,18.5936,18.844,22,0.178861788617886
"450610",0.926,NA,21119,"Greater Than the National Average Payment","19",NA,"No Different Than the National Rate","No Different Than the National Rate","No Different Than the National Value","high","87","258","1","91","Not Available",471,-8.4,-25.3,10.7,403,110,1,"89","88","81","74","83","80","86","83","86","86",408,0.9218,18.2227,19.7685,69,0.169117647058824
"450617",0.366,NA,24885,"Greater Than the National Average Payment","6.4",NA,"No Different Than the National Rate","No Different Than the National Rate","No Different Than the National Value","very high","39","135","1","63","91",641,26.7,6.7,47.1,494,178,0,"89","87","78","70","81","77","89","84","83","81",554,1.1126,24.4659,21.9908,143,0.25812274368231
"450634",0,NA,21018,"No Different Than the National Average Payment","2.2",NA,"No Different Than the National Rate","No Different Than the National Rate","No Different Than the National Value","high","55","110","1","95","99",309,29.5,5.3,56.4,238,87,0,"91","89","83","77","85","81","89","85","89","88",259,1.1032,23.6434,21.4315,68,0.262548262548263
"450638",0.742,NA,24452,"Greater Than the National Average Payment","5.5",NA,"No Different Than the National Rate","No Different Than the National Rate","No Different Than the National Value","Not Available","68","148","Not Available","97","100",123,22.3,-8,58.8,102,44,1,"87","85","76","69","77","76","84","80","83","79",114,1.0774,24.3702,22.6185,33,0.289473684210526
"450639",0.282,NA,21038,"No Different Than the National Average Payment","1.4",NA,"No Different Than the National Rate","No Different Than the National Rate","No Different Than the National Value","high","95","158","1","99","100",406,2.4,-15,21.8,332,111,1,"89","89","81","71","87","80","80","83","87","87",338,0.9817,18.9988,19.3533,63,0.186390532544379
"450643",3.064,NA,17873,"No Different Than the National Average Payment","10.7",NA,"No Different Than the National Rate","No Different Than the National Rate","No Different Than the National Value","very high","75","124","1","81","91",124,-25.1,-48.9,2.2,107,37,1,"87","88","75","72","83","78","84","84","83","82",117,0.965,20.8579,21.6138,22,0.188034188034188
"450644",0.38,NA,21933,"Greater Than the National Average Payment","13.8",NA,"No Different Than the National Rate","No Different Than the National Rate","No Different Than the National Value","high","46","162","2","73","94",167,45.2,11.2,81.9,141,44,0,"85","85","75","65","78","77","86","81","82","77",167,0.9862,21.5237,21.824,35,0.209580838323353
"450647",1.332,NA,21889,"Greater Than the National Average Payment","3.6",NA,"Worse Than the National Rate","No Different Than the National Rate","No Different Than the National Value","very high","44","162","1","94","97",445,7.9,-10.8,29.1,373,122,1,"89","88","82","75","81","80","88","87","87","88",408,1.0338,21.0216,20.3344,88,0.215686274509804
"450651",0.837,NA,22984,"Greater Than the National Average Payment","8.8",NA,"Worse Than the National Rate","No Different Than the National Rate","No Different Than the National Value","very high","30","137","0","97","99",449,-7.3,-25.1,12.3,402,107,1,"89","88","80","71","81","78","87","86","86","85",397,0.958,19.3571,20.2052,74,0.18639798488665
"450653",NA,NA,21004,"No Different Than the National Average Payment","14.3",NA,"Number of Cases Too Small","Number of Cases Too Small","No Different Than the National Value","low","92","118","4","Not Available","Not Available",36,32.3,-3.6,75.4,34,12,1,"Not Available","Not Available","Not Available","Not Available","Not Available","Not Available","Not Available","Not Available","Not Available","Not Available",40,1.092,20.5562,18.8243,14,0.35
"450656",NA,NA,18023,"No Different Than the National Average Payment","2.6",NA,"Not Available","No Different Than the National Rate","No Different Than the National Value","medium","83","138","1","84","90",167,-10.8,-32.6,14.8,141,37,1,"92","90","84","75","85","80","81","84","87","86",126,0.9817,19.2256,19.5841,23,0.182539682539683
"450659",1.438,NA,24718,"Greater Than the National Average Payment","3.1",NA,"No Different Than the National Rate","No Different Than the National Rate","No Different Than the National Value","low","40","109","0","86","94",101,-8.7,-38.9,26.9,88,26,1,"89","90","82","73","81","78","87","85","86","83",89,0.9685,21.5401,22.2415,17,0.191011235955056
"450661",NA,NA,20302,"No Different Than the National Average Payment","8.3",NA,"No Different Than the National Rate","No Different Than the National Rate","No Different Than the National Value","medium","85","166","6","Not Available","Not Available",161,-4.7,-27.3,20.6,136,40,1,"88","87","79","77","85","78","84","84","85","85",140,1.0396,19.6051,18.8583,30,0.214285714285714
"450662",0.977,NA,20833,"No Different Than the National Average Payment","19",NA,"No Different Than the National Rate","No Different Than the National Rate","No Different Than the National Value","medium","61","161","1","93","100",186,57.1,24.4,95.3,151,61,0,"86","85","77","69","81","77","89","75","84","81",182,1.0735,23.1408,21.5555,47,0.258241758241758
"450668",0.384,NA,21720,"Greater Than the National Average Payment","14.5",NA,"Number of Cases Too Small","No Different Than the National Rate","No Different Than the National Value","low","87","215","4","79","85",193,-8.8,-29.9,17.3,167,53,1,"89","90","80","76","84","81","81","81","86","85",154,1.0155,20.7597,20.4431,33,0.214285714285714
"450669",0,NA,21817,"Greater Than the National Average Payment","3.8",NA,"No Different Than the National Rate","No Different Than the National Rate","No Different Than the National Value","high","62","134","1","93","100",178,5.7,-21.1,34.4,149,46,1,"91","90","83","73","82","80","86","85","87","86",139,1.0162,20.8048,20.4735,30,0.215827338129496
"450670",0.95,NA,23680,"Greater Than the National Average Payment","5.8",NA,"No Different Than the National Rate","No Different Than the National Rate","No Different Than the National Value","high","51","119","1","93","98",209,39.4,12.3,70.2,177,64,0,"87","86","77","69","77","75","88","83","83","81",195,1.151,22.8097,19.8176,54,0.276923076923077
"450672",0.342,NA,25330,"Greater Than the National Average Payment","0.9",NA,"No Different Than the National Rate","No Different Than the National Rate","No Different Than the National Value","medium","47","120","1","86","97",258,23.4,-1.2,50.4,210,86,1,"90","88","80","74","83","79","86","84","85","83",219,1.0819,23.1075,21.3585,56,0.255707762557078
"450675",0.233,NA,21180,"Greater Than the National Average Payment","1.2",NA,"No Different Than the National Rate","No Different Than the National Rate","No Different Than the National Value","very high","43","135","2","92","99",286,27,2.4,53.4,230,86,0,"85","85","72","68","79","75","78","80","79","77",266,1.0005,20.6641,20.6539,55,0.206766917293233
"450677",0,NA,19255,"No Different Than the National Average Payment","8.9",NA,"No Different Than the National Rate","No Different Than the National Rate","No Different Than the National Value","high","82","172","2","Not Available","Not Available",456,-1.9,-19.8,17.7,374,133,1,"90","89","82","75","87","82","91","87","89","88",353,1.0472,21.4948,20.5252,79,0.223796033994334
"450678",NA,NA,18335,"No Different Than the National Average Payment","1.3",NA,"No Different Than the National Rate","No Different Than the National Rate","No Different Than the National Value","medium","Not Available","156","1","94","97",117,-14.1,-39.3,13.9,98,28,1,"80","84","72","65","73","71","78","83","75","69",101,1.0946,20.7033,18.9142,27,0.267326732673267
"450684",0.488,NA,20128,"No Different Than the National Average Payment","8.9",NA,"No Different Than the National Rate","No Different Than the National Rate","No Different Than the National Value","high","95","222","1","94","Not Available",391,30.4,9,52.4,314,134,0,"89","88","79","70","86","79","86","80","86","84",332,1.0782,22.2528,20.6383,79,0.237951807228916
"450686",0.568,NA,21087,"Greater Than the National Average Payment","14.9",NA,"No Different Than the National Rate","No Different Than the National Rate","No Different Than the National Value","very high","79","275","0","Not Available","92",320,33.6,9.5,59.7,271,91,0,"92","91","86","79","86","82","88","81","91","91",243,0.9581,19.6945,20.5561,45,0.185185185185185
"450688",2.37,NA,18962,"No Different Than the National Average Payment","0.8",NA,"Number of Cases Too Small","No Different Than the National Rate","No Different Than the National Value","high","84","162","4","Not Available","Not Available",95,-14.5,-43.3,18.6,82,23,1,"87","87","79","71","81","75","81","82","83","79",83,1.0038,21.3771,21.2959,18,0.216867469879518
"450694",NA,NA,21977,"No Different Than the National Average Payment","15.6",NA,"Number of Cases Too Small","No Different Than the National Rate","No Different Than the National Value","low","39","118","0","69","72",81,6.6,-22.9,44,65,30,1,"91","93","89","76","77","80","83","91","85","82",66,1.0576,21.5675,20.3939,18,0.272727272727273
"450702",0.822,NA,20734,"No Different Than the National Average Payment","3.2",NA,"No Different Than the National Rate","No Different Than the National Rate","No Different Than the National Value","medium","69","144","2","Not Available","Not Available",341,2.5,-16.8,23.8,289,99,1,"91","90","83","75","83","80","80","86","87","87",293,1.0683,21.0213,19.6781,66,0.225255972696246
"450709",0.655,NA,23813,"Greater Than the National Average Payment","11.9",NA,"No Different Than the National Rate","No Different Than the National Rate","No Different Than the National Value","medium","99","156","0","Not Available","Not Available",288,21.5,-3.4,49.9,229,91,1,"94","93","89","80","90","84","89","82","93","93",230,1.0693,24.0555,22.4973,60,0.260869565217391
"450711",0.776,NA,22116,"Greater Than the National Average Payment","5.8",NA,"Worse Than the National Rate","No Different Than the National Rate","No Different Than the National Value","very high","58","94","1","100","100",140,15.1,-12.6,48,129,51,1,"89","88","77","74","82","81","83","82","85","83",132,1.0674,23.112,21.6524,35,0.265151515151515
"450713",0.988,NA,22163,"Greater Than the National Average Payment","1.2",NA,"No Different Than the National Rate","No Different Than the National Rate","No Different Than the National Value","very high","70","157","2","95","99",558,-17.5,-32.9,-0.4,491,120,2,"89","90","80","74","84","79","88","84","87","88",471,0.9326,18.1669,19.4793,81,0.171974522292994
"450718",1.033,NA,21847,"Greater Than the National Average Payment","0.3",NA,"No Different Than the National Rate","No Different Than the National Rate","No Different Than the National Value","high","42","138","1","95","100",384,-9.9,-26.9,9.5,333,117,1,"89","89","80","72","86","79","88","81","86","86",327,0.9616,18.8314,19.5838,59,0.180428134556575
"450723",0.953,NA,20710,"No Different Than the National Average Payment","4.2",NA,"No Different Than the National Rate","No Different Than the National Rate","No Different Than the National Value","very high","97","216","2","Not Available","Not Available",361,10.9,-9,33.1,284,110,1,"89","89","80","74","83","80","90","87","88","85",341,1.1365,23.2392,20.4483,88,0.258064516129032
"450730",NA,NA,18703,"No Different Than the National Average Payment","9.1",NA,"No Different Than the National Rate","No Different Than the National Rate","No Different Than the National Value","medium","66","179","3","23","20",70,-19.7,-46.1,10,63,19,1,"86","85","78","73","84","78","84","83","80","77",74,1.06,20.4508,19.294,19,0.256756756756757
"450742",0.459,NA,19807,"No Different Than the National Average Payment","8.7",NA,"No Different Than the National Rate","No Different Than the National Rate","No Different Than the National Value","medium","92","137","3","95","97",296,-8.8,-27.5,11.2,246,82,1,"90","90","82","76","88","81","83","85","88","86",229,1.0544,20.7224,19.654,51,0.222707423580786
"450743",0.37,NA,22170,"Greater Than the National Average Payment","4.7",NA,"No Different Than the National Rate","No Different Than the National Rate","No Different Than the National Value","high","95","161","3","100","100",293,4.5,-16.7,27.8,253,87,1,"92","90","84","74","87","81","88","85","90","90",220,1.0594,21.8604,20.6342,52,0.236363636363636
"450747",0,NA,18485,"No Different Than the National Average Payment","21.8",NA,"Number of Cases Too Small","No Different Than the National Rate","No Different Than the National Value","medium","81","140","2","97","97",99,-10.9,-34,16.8,87,33,1,"89","90","83","72","85","78","77","83","83","81",79,0.9978,20.4394,20.4842,16,0.20253164556962
"450771",0.72,NA,20749,"No Different Than the National Average Payment","3.1",NA,"Worse Than the National Rate","No Different Than the National Rate","No Different Than the National Value","high","92","184","1","99","99",348,7.7,-13.1,31.2,297,89,1,"89","90","82","71","83","80","84","84","88","87",282,1.0063,20.0647,19.9397,57,0.202127659574468
"450775",0.804,NA,22855,"Greater Than the National Average Payment","20.4",NA,"No Different Than the National Rate","No Different Than the National Rate","No Different Than the National Value","very high","32","122","2","81","97",779,1.5,-13.4,18.7,640,198,1,"85","86","73","67","80","75","86","82","81","78",687,1.0568,21.7247,20.5564,153,0.222707423580786
"450779",0,NA,20192,"No Different Than the National Average Payment","1.1",NA,"No Different Than the National Rate","No Different Than the National Rate","No Different Than the National Value","very high","93","179","2","99","100",375,-4.4,-21.8,16,321,114,1,"91","89","84","74","85","81","86","86","90","90",287,1.0441,19.5697,18.7439,59,0.205574912891986
"450788",0,NA,21377,"Greater Than the National Average Payment","0.4",NA,"No Different Than the National Rate","No Different Than the National Rate","No Different Than the National Value","very high","25","123","1","96","99",381,-13.5,-31,5.6,329,88,1,"90","88","82","73","84","78","87","82","86","85",336,0.9564,18.7271,19.5799,60,0.178571428571429
"450801",0.665,NA,20941,"Greater Than the National Average Payment","5.6",NA,"No Different Than the National Rate","No Different Than the National Rate","No Different Than the National Value","high","93","170","2","Not Available","Not Available",641,5,-9.9,20.6,533,182,1,"92","92","84","77","87","81","89","84","89","89",568,0.995,19.0725,19.1689,108,0.190140845070423
"450809",0.732,NA,19444,"No Different Than the National Average Payment","7",NA,"No Different Than the National Rate","No Different Than the National Rate","No Different Than the National Value","very high","38","170","2","93","99",360,-16.2,-32.5,2.5,306,87,1,"89","89","79","72","83","80","88","82","87","87",336,0.9584,18.69,19.5002,60,0.178571428571429
"450820",0.954,NA,20838,"Greater Than the National Average Payment","9.4",NA,"No Different Than the National Rate","No Different Than the National Rate","Better Than the National Value","high","96","188","3","Not Available","97",906,18.5,1.9,36.7,710,254,0,"91","91","82","76","86","82","90","87","91","92",726,1.027,22.6116,22.0168,166,0.228650137741047
"450822",NA,NA,21412,"No Different Than the National Average Payment","0.6",NA,"No Different Than the National Rate","No Different Than the National Rate","No Different Than the National Value","medium","44","122","1","93","100",79,24,-6.7,62.8,73,22,1,"84","85","74","68","75","75","83","83","83","81",64,0.999,20.4217,20.4429,13,0.203125
"450840",NA,NA,22282,"Greater Than the National Average Payment","1.6",NA,"No Different Than the National Rate","No Different Than the National Rate","No Different Than the National Value","medium","92","148","2","100","100",206,-16.6,-33.7,3.5,167,46,1,"90","90","85","73","86","81","89","86","90","90",165,1.0908,18.9828,17.4022,37,0.224242424242424
"450844",0.866,NA,23345,"Greater Than the National Average Payment","8.1",NA,"No Different Than the National Rate","No Different Than the National Rate","No Different Than the National Value","very high","94","190","3","Not Available","97",716,11.7,-5.4,29.5,552,202,1,"91","90","81","75","87","81","89","85","90","90",585,1.0437,22.4052,21.4665,134,0.229059829059829
"450847",0.33,NA,20607,"No Different Than the National Average Payment","8.2",NA,"No Different Than the National Rate","No Different Than the National Rate","No Different Than the National Value","high","95","194","0","91","Not Available",380,11.2,-9.2,33.5,317,112,1,"89","87","81","75","84","81","85","85","87","87",317,1.0261,21.2186,20.6781,69,0.217665615141956
"450848",3.16,NA,19995,"No Different Than the National Average Payment","10.8",NA,"No Different Than the National Rate","No Different Than the National Rate","No Different Than the National Value","high","97","187","1","95","Not Available",270,23.6,-0.7,50.7,226,81,1,"89","90","78","74","89","81","88","83","88","87",210,1.0211,22.1781,21.7191,48,0.228571428571429
"450851",NA,NA,20127,"No Different Than the National Average Payment","Not Available",NA,"No Different Than the National Rate","No Different Than the National Rate","No Different Than the National Value","Not Available","97","Not Available","Not Available","88","91",174,-9.9,-32,15.3,161,48,1,"95","94","90","84","90","85","90","89","94","95",126,0.9779,18.6155,19.0356,22,0.174603174603175
"450855",0,NA,19154,"No Different Than the National Average Payment","19.2",NA,"No Different Than the National Rate","No Different Than the National Rate","No Different Than the National Value","medium","93","197","1","Not Available","Not Available",141,1.4,-27.3,32.8,120,30,1,"92","90","87","81","85","79","91","87","91","92",124,0.9765,20.6505,21.1481,24,0.193548387096774
"450862",1.453,NA,21097,"Greater Than the National Average Payment","8",NA,"No Different Than the National Rate","No Different Than the National Rate","No Different Than the National Value","high","90","161","1","Not Available","97",341,20,-1.2,43.1,293,94,1,"92","91","80","75","87","81","87","85","89","88",301,0.9933,19.0842,19.213,57,0.18936877076412
"450869",0.596,NA,23103,"Greater Than the National Average Payment","16.9",NA,"No Different Than the National Rate","No Different Than the National Rate","No Different Than the National Value","medium","99","278","3","Not Available","98",206,-7.9,-30.5,18.2,176,65,1,"89","90","79","73","85","81","88","82","87","86",211,1.0906,24.6215,22.5759,58,0.274881516587678
"450876",NA,NA,22634,"Greater Than the National Average Payment","36.3",NA,"No Different Than the National Rate","No Different Than the National Rate","No Different Than the National Value","low","91","121","2","79","89",144,21.8,-3.7,52.8,140,50,1,"93","94","87","81","87","85","89","84","91","93",132,0.9696,18.9575,19.5524,23,0.174242424242424
"450885",NA,NA,22915,"Greater Than the National Average Payment","3.4",NA,"No Different Than the National Rate","No Different Than the National Rate","No Different Than the National Value","low","94","154","0","96","99",126,-1.4,-29.4,32.7,113,30,1,"91","91","82","76","88","82","89","87","90","88",94,1.002,22.1917,22.1467,21,0.223404255319149
"450890",0.924,NA,20383,"No Different Than the National Average Payment","6.5",NA,"No Different Than the National Rate","No Different Than the National Rate","No Different Than the National Value","medium","96","198","1","97","98",250,-6.7,-27.7,17.8,228,66,1,"91","92","84","78","88","83","90","87","91","92",195,1.0341,19.8936,19.2381,41,0.21025641025641
"450893",NA,NA,23346,"Greater Than the National Average Payment","Not Available",NA,"No Different Than the National Rate","No Different Than the National Rate","No Different Than the National Value","low","97","134","0","74","94",114,12.2,-16.8,45.3,93,41,1,"94","93","90","80","89","84","93","91","94","94",80,1.0473,21.1343,20.1803,20,0.25
"460001",0,NA,20178,"No Different Than the National Average Payment","4.2",NA,"No Different Than the National Rate","No Different Than the National Rate","Better Than the National Value","high","91","174","2","91","91",315,-3.1,-22.1,17.7,293,76,1,"92","92","84","76","89","83","92","86","92","93",232,0.893,16.5017,18.4799,31,0.133620689655172
"460004",0.26,NA,17913,"Less Than the National Average Payment","2.8",NA,"No Different Than the National Rate","No Different Than the National Rate","No Different Than the National Value","high","92","179","3","89","93",318,-39.9,-55.1,-22.5,266,69,2,"91","91","83","77","90","82","87","82","89","90",265,0.8155,15.886,19.48,29,0.109433962264151
"460005",2.095,NA,19407,"No Different Than the National Average Payment","4",NA,"No Different Than the National Rate","No Different Than the National Rate","No Different Than the National Value","medium","65","108","1","99","100",91,-12.9,-37.5,15.4,84,27,1,"88","88","76","69","86","79","79","76","85","86",76,0.9793,18.9132,19.3136,13,0.171052631578947
"460006",0,NA,19566,"No Different Than the National Average Payment","3.2",NA,"No Different Than the National Rate","No Different Than the National Rate","No Different Than the National Value","medium","91","170","1","86","92",43,-14.3,-40.4,19.1,42,15,1,"93","93","84","79","89","82","91","86","91","91",40,1.0704,18.9859,17.7376,12,0.3
"460009",0.709,NA,18957,"No Different Than the National Average Payment","3.6",NA,"No Different Than the National Rate","No Different Than the National Rate","No Different Than the National Value","very high","99","248","5","Not Available","Not Available",459,-22.9,-38.9,-5.5,399,115,2,"92","91","81","77","91","85","90","85","92","93",385,0.8932,17.7655,19.8895,61,0.158441558441558
"460010",0.669,NA,17817,"Less Than the National Average Payment","3.1",NA,"No Different Than the National Rate","No Different Than the National Rate","No Different Than the National Value","very high","90","224","2","91","92",645,-50.2,-62.2,-36.8,543,137,2,"91","91","81","76","89","83","91","82","90","91",505,0.8557,16.6449,19.452,74,0.146534653465347
"460021",0.48,NA,19510,"No Different Than the National Average Payment","7.9",NA,"No Different Than the National Rate","Better Than the National Rate","No Different Than the National Value","very high","85","156","1","91","95",469,-30.2,-44.9,-15.2,412,123,2,"92","91","85","76","87","82","91","85","91","93",378,0.8819,16.9667,19.2399,56,0.148148148148148
"460042",NA,NA,19052,"No Different Than the National Average Payment","1.1",NA,"No Different Than the National Rate","No Different Than the National Rate","No Different Than the National Value","low","84","125","1","98","98",82,4.1,-18.7,32.4,74,23,1,"92","89","89","76","87","81","91","85","89","87",72,1.0279,17.0194,16.5571,14,0.194444444444444
"460047",0.433,NA,20203,"No Different Than the National Average Payment","7.1",NA,"No Different Than the National Rate","No Different Than the National Rate","No Different Than the National Value","very high","71","116","1","98","99",281,-37.9,-53.1,-19.7,249,57,2,"88","88","78","72","84","78","87","81","85","84",229,0.8646,15.3863,17.7951,26,0.11353711790393
"460051",2.123,NA,18914,"No Different Than the National Average Payment","1.9",NA,"No Different Than the National Rate","No Different Than the National Rate","No Different Than the National Value","high","91","156","1","Not Available","Not Available",113,2.7,-25.1,32.9,99,20,1,"89","89","82","71","86","78","85","82","84","81",114,0.9492,16.9563,17.8634,16,0.140350877192982
"470001",NA,NA,18450,"No Different Than the National Average Payment","5.3",NA,"No Different Than the National Rate","No Different Than the National Rate","Worse Than the National Value","medium","96","166","2","Not Available","Not Available",319,38.1,16.1,62.9,248,95,0,"93","92","84","77","86","80","90","75","87","86",248,1.1684,21.6285,18.5119,64,0.258064516129032
"470003",0.684,NA,17713,"Less Than the National Average Payment","5.3",NA,"No Different Than the National Rate","No Different Than the National Rate","Worse Than the National Value","very high","56","238","4","Not Available","Not Available",784,18.5,3.1,35.1,644,216,0,"93","91","84","77","88","83","85","80","89","91",678,1.0564,20.2593,19.1771,141,0.207964601769911
"470005",1.496,NA,17191,"Less Than the National Average Payment","4.1",NA,"No Different Than the National Rate","No Different Than the National Rate","No Different Than the National Value","medium","66","184","3","Not Available","Not Available",269,-7.8,-26.8,15.2,223,76,1,"93","92","84","79","89","81","88","77","87","86",211,0.9845,18.9694,19.2687,39,0.184834123222749
"470011",NA,NA,19410,"No Different Than the National Average Payment","4.8",NA,"No Different Than the National Rate","No Different Than the National Rate","No Different Than the National Value","low","95","172","7","87","Not Available",134,6.6,-17.7,36,114,39,1,"93","92","88","81","88","80","90","83","88","87",107,1.1303,20.4518,18.0939,30,0.280373831775701
"470012",NA,NA,18393,"No Different Than the National Average Payment","6.4",NA,"No Different Than the National Rate","No Different Than the National Rate","No Different Than the National Value","medium","97","217","3","99","98",213,8.3,-13.3,34.8,186,56,1,"93","93","89","79","91","83","87","77","90","90",192,1.0702,19.557,18.2745,42,0.21875
"470024",NA,NA,17302,"Less Than the National Average Payment","4.2",NA,"No Different Than the National Rate","No Different Than the National Rate","No Different Than the National Value","medium","63","160","3","Not Available","Not Available",188,-9.2,-31.1,15.4,150,53,1,"89","89","80","73","87","81","77","78","85","85",139,1.0541,22.5928,21.4339,35,0.251798561151079
"490002",NA,NA,19735,"No Different Than the National Average Payment","3.5",NA,"Not Available","Not Available","Not Available","low","93","129","2","Not Available","Not Available",53,19.8,-10.5,55,39,22,1,"96","97","93","85","93","85","87","86","92","90",52,1.1275,22.7974,20.2188,20,0.384615384615385
"490004",0.974,NA,19151,"No Different Than the National Average Payment","6.8",NA,"No Different Than the National Rate","No Different Than the National Rate","No Different Than the National Value","very high","88","169","2","Not Available","Not Available",1066,-5,-17.4,8.4,810,284,1,"91","91","82","72","88","80","84","82","87","85",945,0.9723,19.3496,19.9001,181,0.191534391534392
"490005",0.29,NA,17220,"Less Than the National Average Payment","5",NA,"No Different Than the National Rate","No Different Than the National Rate","No Different Than the National Value","very high","75","218","0","88","83",1251,-1,-12.6,11.3,986,325,1,"92","91","83","76","86","82","88","81","88","88",1067,0.9561,18.9275,19.7973,199,0.186504217432052
"490007",0.835,NA,19796,"No Different Than the National Average Payment","6.7",NA,"No Different Than the National Rate","No Different Than the National Rate","Worse Than the National Value","very high","92","188","3","Not Available","Not Available",853,26.4,7.9,44.7,707,247,0,"91","91","82","74","85","81","83","82","89","89",752,0.9909,21.3595,21.5564,160,0.212765957446809
"490009",0.678,NA,20323,"No Different Than the National Average Payment","6.3",NA,"No Different Than the National Rate","No Different Than the National Rate","No Different Than the National Value","very high","97","285","5","Not Available","Not Available",797,-0.3,-15.5,16.3,631,207,1,"92","92","82","77","88","84","86","75","90","93",715,0.9496,19.9242,20.9812,139,0.194405594405594
"490013",NA,NA,17958,"Less Than the National Average Payment","3.6",NA,"Number of Cases Too Small","No Different Than the National Rate","No Different Than the National Value","medium","88","170","3","Not Available","Not Available",302,0.5,-18.3,21.1,246,89,1,"94","94","87","78","87","81","90","86","89","86",241,1.0036,18.575,18.5082,45,0.186721991701245
"490017",0,NA,19381,"No Different Than the National Average Payment","9",NA,"No Different Than the National Rate","No Different Than the National Rate","No Different Than the National Value","high","89","184","3","Not Available","Not Available",364,20.3,-0.5,43.3,283,106,1,"89","90","80","75","86","79","82","79","83","79",311,1.0351,22.0731,21.3256,71,0.228295819935691
"490018",1.717,NA,19925,"No Different Than the National Average Payment","7",NA,"No Different Than the National Rate","No Different Than the National Rate","No Different Than the National Value","high","92","180","2","Not Available","Not Available",610,-10.5,-24.9,4.4,506,164,1,"93","93","85","78","89","82","85","82","90","89",514,0.9338,17.7921,19.0528,87,0.169260700389105
"490019",NA,NA,18449,"No Different Than the National Average Payment","3.4",NA,"No Different Than the National Rate","No Different Than the National Rate","No Different Than the National Value","medium","90","179","3","Not Available","Not Available",227,5.6,-16.1,30,184,65,1,"91","89","82","71","87","78","83","79","83","82",181,1.0198,19.7281,19.3459,37,0.204419889502762
"490020",NA,NA,18957,"No Different Than the National Average Payment","4.1",NA,"No Different Than the National Rate","No Different Than the National Rate","No Different Than the National Value","very high","36","125","2","98","100",236,6.2,-18.3,33.7,180,61,1,"90","88","82","72","81","77","84","84","85","82",199,0.986,20.0728,20.3575,39,0.195979899497487
"490021",0.515,NA,20700,"Greater Than the National Average Payment","4.1",NA,"Worse Than the National Rate","No Different Than the National Rate","Worse Than the National Value","very high","97","234","5","Not Available","83",1188,-33.7,-45.1,-22.1,978,284,2,"91","91","79","74","86","80","83","82","87","86",1063,0.8192,16.8394,20.5553,166,0.156161806208843
"490022",1.399,NA,19783,"No Different Than the National Average Payment","0.4",NA,"Worse Than the National Rate","No Different Than the National Rate","Worse Than the National Value","very high","97","200","4","73","Not Available",1159,30.5,16.2,45.3,892,323,0,"88","88","74","70","84","77","80","77","84","83",1056,1.1586,23.6675,20.4278,260,0.246212121212121
"490023",NA,NA,20056,"No Different Than the National Average Payment","8.7",NA,"No Different Than the National Rate","No Different Than the National Rate","No Different Than the National Value","medium","87","165","4","99","100",169,3.8,-18.1,29,143,53,1,"89","89","80","73","85","77","87","81","83","79",141,1.1062,20.111,18.1804,35,0.24822695035461
"490024",0.655,NA,18444,"Less Than the National Average Payment","5.8",NA,"No Different Than the National Rate","No Different Than the National Rate","No Different Than the National Value","very high","95","288","2","Not Available","96",1027,-12.6,-25.2,1.1,865,259,1,"90","89","81","73","85","80","83","79","88","89",944,0.9723,19.2644,19.8127,180,0.190677966101695
"490032",1.132,NA,19694,"No Different Than the National Average Payment","7.5",NA,"Better Than the National Rate","No Different Than the National Rate","Better Than the National Value","very high","97","222","1","Not Available","Not Available",592,-0.2,-19.3,21.4,477,146,1,"91","91","82","76","89","82","81","77","88","89",391,0.8635,18.6105,21.5535,63,0.161125319693095
"490033",NA,NA,17984,"No Different Than the National Average Payment","6.3",NA,"No Different Than the National Rate","No Different Than the National Rate","No Different Than the National Value","medium","81","159","0","98","96",161,-25.2,-45.1,-1.4,138,42,2,"93","92","84","78","84","81","92","87","90","90",138,1.0037,20.1116,20.0372,28,0.202898550724638
"490037",NA,NA,17690,"Less Than the National Average Payment","5.1",NA,"Number of Cases Too Small","No Different Than the National Rate","No Different Than the National Value","medium","97","134","1","94","Not Available",160,-1.4,-22.2,22.9,130,46,1,"94","93","85","81","87","83","88","89","92","90",129,1.0282,19.5075,18.9728,27,0.209302325581395
"490040",0.636,NA,19180,"No Different Than the National Average Payment","7.3",NA,"No Different Than the National Rate","No Different Than the National Rate","No Different Than the National Value","very high","97","210","1","Not Available","Not Available",532,38.6,17,61.6,449,149,0,"89","89","78","68","82","78","86","79","85","84",424,0.9999,19.5772,19.5794,83,0.195754716981132
"490041",NA,NA,18611,"No Different Than the National Average Payment","3.1",NA,"No Different Than the National Rate","No Different Than the National Rate","No Different Than the National Value","medium","90","183","3","Not Available","Not Available",169,3.8,-20.3,31.7,148,43,1,"90","90","80","74","86","79","86","83","84","83",132,0.9979,18.2841,18.3224,24,0.181818181818182
"490042",0,NA,19062,"No Different Than the National Average Payment","7",NA,"No Different Than the National Rate","No Different Than the National Rate","No Different Than the National Value","medium","96","244","2","Not Available","Not Available",448,15.5,-3.8,35.5,371,121,1,"91","91","83","75","85","80","86","76","87","87",381,1.0306,20.7305,20.1146,81,0.21259842519685
"490043",0,NA,19096,"No Different Than the National Average Payment","1.8",NA,"No Different Than the National Rate","No Different Than the National Rate","No Different Than the National Value","very high","98","180","0","Not Available","Not Available",819,-11.2,-26.2,4.3,632,200,1,"92","90","85","75","87","82","90","87","91","92",576,0.9358,18.4638,19.7311,102,0.177083333333333
"490044",1.079,NA,18636,"No Different Than the National Average Payment","6",NA,"No Different Than the National Rate","No Different Than the National Rate","No Different Than the National Value","very high","88","160","2","Not Available","Not Available",760,17.4,0.8,33.8,617,212,0,"91","90","80","74","85","81","82","83","88","88",640,1.0798,20.7664,19.2324,138,0.215625
"490045",0,NA,19436,"No Different Than the National Average Payment","4.5",NA,"No Different Than the National Rate","No Different Than the National Rate","No Different Than the National Value","high","Not Available","199","4","Not Available","Not Available",363,-14.7,-33,5.2,296,85,1,"89","89","81","71","84","79","90","79","85","83",270,0.9533,18.57,19.48,47,0.174074074074074
"490046",1.198,NA,18151,"Less Than the National Average Payment","8.1",NA,"No Different Than the National Rate","No Different Than the National Rate","No Different Than the National Value","very high","87","179","2","Not Available","Not Available",959,19.1,4.2,34.3,777,288,0,"92","91","79","74","86","81","86","86","89","90",789,1.0122,20.5565,20.3094,163,0.20659062103929
"490048",0.991,NA,19336,"No Different Than the National Average Payment","2.9",NA,"No Different Than the National Rate","No Different Than the National Rate","No Different Than the National Value","very high","42","108","1","96","99",559,32.5,13.7,53.5,481,166,0,"88","88","75","70","83","76","78","73","83","82",521,1.0891,21.9237,20.1294,120,0.230326295585413
"490050",0.482,NA,19185,"No Different Than the National Average Payment","7.4",NA,"No Different Than the National Rate","No Different Than the National Rate","No Different Than the National Value","very high","93","211","2","Not Available","99",511,-8.3,-25.6,9.3,432,117,1,"91","91","82","77","86","82","90","84","89","90",417,0.9317,17.6478,18.941,69,0.165467625899281
"490052",0.571,NA,19173,"No Different Than the National Average Payment","2.4",NA,"No Different Than the National Rate","No Different Than the National Rate","No Different Than the National Value","very high","96","246","4","91","Not Available",670,6.9,-10,24.9,567,166,1,"91","91","81","74","87","81","86","85","89","88",559,1.0204,20.5102,20.0997,116,0.207513416815742
"490053",0.566,NA,19738,"No Different Than the National Average Payment","3.5",NA,"No Different Than the National Rate","No Different Than the National Rate","No Different Than the National Value","medium","97","220","2","Not Available","Not Available",185,-22.3,-43,2.3,154,52,1,"91","92","81","76","88","80","89","86","87","86",140,0.958,19.1792,20.0199,24,0.171428571428571
"490057",0.418,NA,19275,"No Different Than the National Average Payment","7.5",NA,"No Different Than the National Rate","No Different Than the National Rate","No Different Than the National Value","very high","92","132","1","Not Available","Not Available",941,23.9,8.5,39.9,752,264,0,"92","90","83","72","84","80","85","84","88","88",772,1.0222,20.2769,19.8373,158,0.204663212435233
"490059",1.141,NA,19288,"No Different Than the National Average Payment","6.3",NA,"Worse Than the National Rate","No Different Than the National Rate","No Different Than the National Value","high","91","162","2","Not Available","Not Available",736,0.4,-15.1,17.6,614,174,1,"89","90","78","71","85","79","79","78","85","85",601,0.9425,18.7859,19.9315,109,0.181364392678869
"490060",NA,NA,17224,"Less Than the National Average Payment","12.9",NA,"Number of Cases Too Small","No Different Than the National Rate","No Different Than the National Value","low","83","183","2","97","99",130,1.2,-22.6,28.7,110,44,1,"93","91","89","79","87","81","90","84","87","86",103,1.0502,22.0153,20.962,26,0.252427184466019
"490063",0.412,NA,19934,"No Different Than the National Average Payment","2.1",NA,"No Different Than the National Rate","No Different Than the National Rate","No Different Than the National Value","very high","99","163","1","Not Available","Not Available",1540,0.8,-11,12.8,1293,385,1,"92","90","83","76","87","82","90","85","91","92",1202,0.9079,17.9966,19.8227,210,0.174708818635607
"490066",NA,NA,18408,"No Different Than the National Average Payment","5.9",NA,"No Different Than the National Rate","No Different Than the National Rate","No Different Than the National Value","medium","89","165","3","Not Available","Not Available",495,-7.9,-24.8,10.2,421,121,1,"93","91","84","77","87","83","86","83","90","90",408,0.9116,17.6602,19.3723,66,0.161764705882353
"490067",0.418,NA,20599,"No Different Than the National Average Payment","8.6",NA,"Worse Than the National Rate","No Different Than the National Rate","No Different Than the National Value","high","89","132","2","Not Available","Not Available",629,8.3,-7.5,25.7,487,180,1,"90","87","79","74","83","78","83","81","83","80",548,1.1169,22.357,20.0171,130,0.237226277372263
"490069",0.238,NA,19393,"No Different Than the National Average Payment","9.4",NA,"No Different Than the National Rate","No Different Than the National Rate","No Different Than the National Value","high","90","208","2","Not Available","Not Available",783,5.6,-8.7,21.7,642,212,1,"89","89","81","72","84","78","81","75","84","83",654,1.0177,19.7016,19.3598,130,0.198776758409786
"490075",0,NA,20133,"No Different Than the National Average Payment","3.2",NA,"No Different Than the National Rate","No Different Than the National Rate","No Different Than the National Value","very high","81","202","3","94","95",460,26.5,7.3,47.4,372,150,0,"88","89","77","69","84","76","84","82","81","76",467,1.122,22.5286,20.0797,113,0.241970021413276
"490077",0.467,NA,18350,"Less Than the National Average Payment","6.9",NA,"No Different Than the National Rate","No Different Than the National Rate","No Different Than the National Value","high","90","167","4","Not Available","Not Available",592,-13.3,-27.3,2.2,502,150,1,"92","93","81","76","89","83","86","84","90","92",504,0.8255,15.3291,18.569,65,0.128968253968254
"490084",NA,NA,17223,"Less Than the National Average Payment","3.6",NA,"No Different Than the National Rate","No Different Than the National Rate","No Different Than the National Value","low","95","184","3","Not Available","Not Available",154,7,-17.2,34.8,122,45,1,"92","91","84","75","88","80","91","85","87","85",101,0.9341,17.2365,18.4523,13,0.128712871287129
"490088",NA,NA,18973,"No Different Than the National Average Payment","3.5",NA,"Number of Cases Too Small","No Different Than the National Rate","No Different Than the National Value","medium","92","190","3","Not Available","92",143,-12.6,-35.4,13,131,40,1,"93","93","86","83","88","82","89","85","90","90",128,0.9516,18.1472,19.0703,20,0.15625
"490089",NA,NA,17815,"No Different Than the National Average Payment","3.9",NA,"Number of Cases Too Small","No Different Than the National Rate","No Different Than the National Value","medium","97","198","2","Not Available","Not Available",109,-0.5,-28.2,32.3,96,21,1,"94","94","89","78","89","82","90","80","90","91",79,0.9731,18.7251,19.2435,13,0.164556962025316
"490090",NA,NA,18873,"No Different Than the National Average Payment","4",NA,"No Different Than the National Rate","No Different Than the National Rate","No Different Than the National Value","medium","96","183","3","Not Available","88",168,-23,-43.8,1.3,142,45,1,"92","91","82","78","89","81","85","83","88","85",153,0.9853,19.5947,19.8875,29,0.189542483660131
"490092",NA,NA,17679,"No Different Than the National Average Payment","19.5",NA,"No Different Than the National Rate","No Different Than the National Rate","No Different Than the National Value","low","89","127","2","Not Available","Not Available",137,-7.4,-29.3,15.9,102,47,1,"94","90","89","84","80","81","86","86","88","83",99,1.014,20.2697,19.9898,21,0.212121212121212
"490093",0,NA,18926,"No Different Than the National Average Payment","8.7",NA,"No Different Than the National Rate","No Different Than the National Rate","No Different Than the National Value","very high","85","143","3","Not Available","Not Available",472,37.2,15.5,59.4,382,150,0,"92","90","85","75","84","80","86","84","89","88",402,1.0458,20.6498,19.7464,86,0.213930348258706
"490098",NA,NA,17808,"Less Than the National Average Payment","5.6",NA,"Number of Cases Too Small","No Different Than the National Rate","No Different Than the National Value","medium","84","180","5","Not Available","Not Available",214,32.4,4.9,63.4,184,63,0,"93","91","86","73","84","79","92","84","88","86",188,0.9825,20.8467,21.2174,38,0.202127659574468
"490101",0,NA,18673,"No Different Than the National Average Payment","2.8",NA,"No Different Than the National Rate","No Different Than the National Rate","No Different Than the National Value","high","98","180","0","Not Available","Not Available",419,-5.6,-23.4,14.1,338,110,1,"90","90","81","72","88","81","90","80","89","90",304,0.9171,17.9745,19.5987,49,0.161184210526316
"490107",0.505,NA,20193,"No Different Than the National Average Payment","6.4",NA,"No Different Than the National Rate","No Different Than the National Rate","Better Than the National Value","high","47","153","2","94","100",340,7.9,-11.7,30.2,280,97,1,"87","88","76","68","81","78","89","81","84","83",295,1.0369,19.1972,18.5146,59,0.2
"490110",0,NA,19210,"No Different Than the National Average Payment","4.9",NA,"No Different Than the National Rate","No Different Than the National Rate","No Different Than the National Value","medium","43","131","0","95","98",179,33.4,6,63.7,157,66,0,"92","92","82","77","87","80","83","78","88","89",142,1.0935,23.8176,21.7812,40,0.28169014084507
"490111",NA,NA,19357,"No Different Than the National Average Payment","5.2",NA,"No Different Than the National Rate","No Different Than the National Rate","No Different Than the National Value","medium","79","159","2","99","99",109,-8.7,-33.3,18.8,88,31,1,"92","93","87","80","89","81","84","84","87","84",102,0.9515,19.9101,20.9243,17,0.166666666666667
"490112",0.617,NA,20410,"No Different Than the National Average Payment","3.6",NA,"Worse Than the National Rate","No Different Than the National Rate","No Different Than the National Value","very high","48","148","2","93","97",1248,13.4,-0.6,27.9,1024,308,1,"89","88","77","71","82","78","79","78","85","85",1153,1.0062,20.0859,19.9628,232,0.201214223764094
"490113",0,NA,18758,"No Different Than the National Average Payment","4.3",NA,"No Different Than the National Rate","No Different Than the National Rate","No Different Than the National Value","very high","86","182","6","Not Available","Not Available",510,14.6,-4.9,35.9,406,136,1,"89","90","80","73","84","79","90","83","85","82",460,1.0443,21.5339,20.6205,102,0.221739130434783
"490114",NA,NA,20382,"No Different Than the National Average Payment","7.1",NA,"Number of Cases Too Small","No Different Than the National Rate","No Different Than the National Value","low","96","145","2","Not Available","Not Available",80,-31.7,-54.7,-4.1,69,28,2,"Not Available","Not Available","Not Available","Not Available","Not Available","Not Available","Not Available","Not Available","Not Available","Not Available",62,0.9703,21.0399,21.6838,11,0.17741935483871
"490115",NA,NA,17599,"No Different Than the National Average Payment","6.8",NA,"Number of Cases Too Small","No Different Than the National Rate","No Different Than the National Value","low","81","203","4","99","99",99,-1.7,-27.9,26.7,87,40,1,"90","89","79","73","88","77","90","83","82","75",88,1.0606,21.6043,20.3692,23,0.261363636363636
"490116",NA,NA,19054,"No Different Than the National Average Payment","3.1",NA,"Number of Cases Too Small","No Different Than the National Rate","No Different Than the National Value","low","91","116","1","100","100",103,6.3,-20.8,37,86,30,1,"93","92","89","78","86","79","92","88","91","88",98,1.0142,20.4557,20.1683,21,0.214285714285714
"490118",0.502,NA,20443,"No Different Than the National Average Payment","6",NA,"No Different Than the National Rate","Better Than the National Rate","Better Than the National Value","very high","61","138","2","99","100",743,4,-10.4,19.7,596,185,1,"89","89","79","74","82","79","85","81","87","87",672,1.0397,19.2636,18.5282,132,0.196428571428571
"490119",0.724,NA,18870,"No Different Than the National Average Payment","5.3",NA,"No Different Than the National Rate","No Different Than the National Rate","No Different Than the National Value","very high","94","164","1","Not Available","Not Available",831,15,-0.9,31.1,655,224,1,"92","91","82","78","86","84","86","86","92","93",663,0.9262,18.7112,20.2014,119,0.179487179487179
"490120",0.865,NA,17691,"Less Than the National Average Payment","8.5",NA,"No Different Than the National Rate","No Different Than the National Rate","No Different Than the National Value","high","65","172","2","Not Available","Not Available",852,23,6.9,40.7,662,221,0,"89","91","77","71","87","80","80","79","85","83",755,1.0858,21.6517,19.9412,169,0.223841059602649
"490122",1.627,NA,19655,"No Different Than the National Average Payment","7.5",NA,"No Different Than the National Rate","No Different Than the National Rate","No Different Than the National Value","high","98","152","0","Not Available","Not Available",211,-2.4,-25.3,23.9,184,52,1,"90","89","80","71","82","80","89","78","87","85",197,0.8685,15.7176,18.0975,22,0.111675126903553
"490126",NA,NA,19530,"No Different Than the National Average Payment","4",NA,"Number of Cases Too Small","No Different Than the National Rate","No Different Than the National Value","low","54","100","0","96","96",115,-26.3,-47.7,-0.1,90,30,2,"91","90","84","73","87","79","91","83","86","84",97,0.9672,19.809,20.4816,17,0.175257731958763
"490127",NA,NA,19578,"No Different Than the National Average Payment","4",NA,"Not Available","Number of Cases Too Small","No Different Than the National Value","low","73","145","1","66","Not Available",30,96,44.7,157.8,25,14,0,"97","95","95","89","85","82","90","90","92","90",32,1.0559,22.7605,21.5553,11,0.34375
"490130",NA,NA,18746,"No Different Than the National Average Payment","3",NA,"No Different Than the National Rate","No Different Than the National Rate","No Different Than the National Value","medium","96","151","1","91","Not Available",210,-2.2,-22.2,20.3,192,70,1,"94","93","87","81","86","84","88","89","91","92",191,1.0583,20.0301,18.9276,42,0.219895287958115
"490136",0,NA,19442,"No Different Than the National Average Payment","5.6",NA,"No Different Than the National Rate","Worse Than the National Rate","No Different Than the National Value","medium","92","135","1","Not Available","Not Available",428,-13.5,-30.7,5.3,359,105,1,"90","89","78","72","83","79","79","77","87","87",344,1.0086,19.6023,19.4344,68,0.197674418604651
"490140",NA,NA,17024,"Less Than the National Average Payment","0",NA,"No Different Than the National Rate","No Different Than the National Rate","No Different Than the National Value","medium","96","198","3","77","Not Available",214,12.6,-10.7,38.2,164,57,1,"91","90","80","74","87","81","89","82","88","87",199,1.0665,20.465,19.1883,45,0.226130653266332
"490141",1.77,NA,20680,"No Different Than the National Average Payment","2.2",NA,"No Different Than the National Rate","No Different Than the National Rate","No Different Than the National Value","medium","43","144","2","95","96",300,35,11.1,60.6,231,89,0,"86","83","74","65","74","74","81","81","80","78",222,1.1742,24.2996,20.6954,65,0.292792792792793
"490143",NA,NA,17033,"Less Than the National Average Payment","2.9",NA,"No Different Than the National Rate","No Different Than the National Rate","No Different Than the National Value","medium","97","123","1","95","Not Available",180,0.2,-20.7,27.1,150,44,1,"91","93","84","78","88","82","86","88","91","92",142,1.0044,18.11,18.0308,26,0.183098591549296
"490144",NA,NA,18695,"No Different Than the National Average Payment","3.6",NA,"No Different Than the National Rate","No Different Than the National Rate","No Different Than the National Value","medium","93","211","3","Not Available","Not Available",185,17.4,-7.4,45.2,168,54,1,"92","92","84","76","88","82","92","86","90","91",118,1.009,18.1471,17.9846,22,0.186440677966102
"490145",NA,NA,19349,"No Different Than the National Average Payment","4.7",NA,"No Different Than the National Rate","No Different Than the National Rate","No Different Than the National Value","low","48","129","0","100","99",53,25.9,-7.2,69.6,47,14,1,"91","91","83","72","84","81","87","88","88","87",40,1.0607,20.1899,19.0346,12,0.3
"500002",0,NA,17421,"Less Than the National Average Payment","6.4",NA,"No Different Than the National Rate","No Different Than the National Rate","No Different Than the National Value","medium","72","140","3","Not Available","Not Available",366,-3.7,-20.3,15.7,300,107,1,"91","92","80","78","88","80","91","82","87","86",293,0.9231,16.7782,18.1757,44,0.150170648464164
"500003",0,NA,16959,"Less Than the National Average Payment","7.5",NA,"No Different Than the National Rate","No Different Than the National Rate","No Different Than the National Value","medium","69","195","5","Not Available","Not Available",305,4.8,-14.7,26.4,260,79,1,"91","91","81","76","87","81","86","76","86","86",271,1.0076,19.0035,18.8592,52,0.191881918819188
"500005",0.222,NA,19104,"No Different Than the National Average Payment","8.2",NA,"No Different Than the National Rate","No Different Than the National Rate","Better Than the National Value","medium","75","194","5","99","99",405,-7.2,-26.6,13.4,339,112,1,"91","91","81","77","89","82","82","82","88","89",342,0.9928,20.3178,20.4662,69,0.201754385964912
"500007",NA,NA,19525,"No Different Than the National Average Payment","5",NA,"No Different Than the National Rate","No Different Than the National Rate","No Different Than the National Value","low","83","185","5","Not Available","Not Available",102,1.2,-20.3,29,87,29,1,"93","90","88","78","88","82","92","85","91","91",83,1.0182,16.7003,16.4026,15,0.180722891566265
"500008",1.233,NA,18738,"No Different Than the National Average Payment","5.2",NA,"No Different Than the National Rate","No Different Than the National Rate","No Different Than the National Value","very high","61","263","5","Not Available","Not Available",717,-10.6,-26.2,5.2,584,159,1,"92","92","83","80","90","84","89","82","91","92",530,0.911,16.9809,18.639,84,0.158490566037736
"500011",0.93,NA,19699,"No Different Than the National Average Payment","3.8",NA,"No Different Than the National Rate","No Different Than the National Rate","No Different Than the National Value","high","77","206","9","84","89",225,6.7,-14.8,31.6,189,62,1,"88","88","75","72","84","77","84","75","83","80",183,0.9802,18.7491,19.1279,33,0.180327868852459
"500014",0.541,NA,17722,"Less Than the National Average Payment","4.1",NA,"No Different Than the National Rate","No Different Than the National Rate","No Different Than the National Value","very high","61","232","6","Not Available","Not Available",631,-2.6,-18.2,14.8,527,146,1,"85","86","76","64","84","75","79","74","81","81",546,0.894,16.8934,18.896,85,0.155677655677656
"500015",0,NA,17769,"Less Than the National Average Payment","1.7",NA,"No Different Than the National Rate","No Different Than the National Rate","No Different Than the National Value","high","95","222","3","Not Available","Not Available",155,11,-15.1,42.2,131,51,1,"86","87","75","70","86","77","79","70","81","79",135,1.0125,20.8629,20.605,29,0.214814814814815
"500016",0,NA,17116,"Less Than the National Average Payment","5.4",NA,"No Different Than the National Rate","No Different Than the National Rate","No Different Than the National Value","medium","67","166","2","99","Not Available",534,-24.3,-38.9,-9.2,446,145,2,"91","92","83","79","89","82","89","82","89","90",466,0.8896,16.8558,18.9469,71,0.152360515021459
"500019",NA,NA,17163,"Less Than the National Average Payment","6.8",NA,"No Different Than the National Rate","No Different Than the National Rate","No Different Than the National Value","medium","66","282","12","Not Available","Not Available",251,-18,-37.6,3.9,203,56,1,"90","90","83","75","86","79","84","78","85","83",213,0.9203,16.5901,18.0261,30,0.140845070422535
"500021",0,NA,19041,"No Different Than the National Average Payment","7.2",NA,"No Different Than the National Rate","No Different Than the National Rate","No Different Than the National Value","medium","79","166","4","95","98",157,22.4,-5.2,53.5,147,49,1,"91","89","81","75","86","79","83","74","86","83",144,1.0909,20.9537,19.2077,36,0.25
"500024",0.48,NA,17651,"Less Than the National Average Payment","6.9",NA,"No Different Than the National Rate","No Different Than the National Rate","No Different Than the National Value","very high","76","222","7","Not Available","Not Available",693,25.2,8.1,43.9,588,187,0,"89","89","83","73","87","80","82","78","86","86",638,0.9714,18.1636,18.6978,114,0.178683385579937
"500025",0.245,NA,21127,"Greater Than the National Average Payment","8.4",NA,"Worse Than the National Rate","No Different Than the National Rate","No Different Than the National Value","medium","85","214","3","Not Available","99",406,11.9,-7.7,33.8,334,114,1,"91","92","80","73","87","81","88","76","89","90",364,0.9334,18.5518,19.8748,63,0.173076923076923
"500026",0.407,NA,18891,"No Different Than the National Average Payment","2.3",NA,"No Different Than the National Rate","No Different Than the National Rate","No Different Than the National Value","high","86","198","3","Not Available","94",292,-7.2,-25.5,14.4,242,73,1,"87","89","75","73","83","79","78","71","84","83",256,0.965,18.4856,19.1561,45,0.17578125
"500027",0.515,NA,18416,"No Different Than the National Average Payment","3.4",NA,"No Different Than the National Rate","No Different Than the National Rate","No Different Than the National Value","very high","87","164","4","Not Available","95",245,-2.9,-24.6,22.9,218,54,1,"89","91","79","74","86","80","83","79","86","85",226,0.9086,16.8915,18.5911,32,0.141592920353982
"500030",0.5,NA,18520,"Less Than the National Average Payment","1.1",NA,"No Different Than the National Rate","No Different Than the National Rate","Better Than the National Value","very high","84","200","5","96","96",711,-13.8,-27.6,0.4,566,168,1,"91","91","81","74","87","81","81","74","86","87",577,0.9017,17.2817,19.1666,93,0.161178509532062
"500031",NA,NA,16962,"Less Than the National Average Payment","7.1",NA,"No Different Than the National Rate","No Different Than the National Rate","No Different Than the National Value","medium","52","191","4","Not Available","90",197,-9,-29,12.2,175,60,1,"88","89","81","69","87","78","81","66","82","76",172,0.949,18.2723,19.2535,28,0.162790697674419
"500033",NA,NA,17588,"Less Than the National Average Payment","4.8",NA,"No Different Than the National Rate","No Different Than the National Rate","No Different Than the National Value","medium","71","163","3","Not Available","Not Available",100,-7.1,-30.4,22.3,85,34,1,"88","90","85","78","87","79","86","83","84","82",90,1.0026,18.7028,18.655,17,0.188888888888889
"500036",1.387,NA,17151,"Less Than the National Average Payment","9.2",NA,"No Different Than the National Rate","No Different Than the National Rate","No Different Than the National Value","very high","97","154","5","Not Available","97",650,14.9,-1.4,31.9,512,172,1,"87","88","78","70","84","76","82","70","79","77",543,0.9648,17.9237,18.5771,95,0.174953959484346
"500039",0.194,NA,19652,"No Different Than the National Average Payment","7.5",NA,"No Different Than the National Rate","No Different Than the National Rate","No Different Than the National Value","very high","84","206","6","91","96",704,2,-13,18.7,611,190,1,"91","89","80","74","88","80","85","80","85","85",601,0.95,18.6989,19.682,109,0.181364392678869
"500041",0.582,NA,16919,"Less Than the National Average Payment","3.4",NA,"No Different Than the National Rate","No Different Than the National Rate","No Different Than the National Value","high","86","217","9","99","99",265,-14.2,-32.6,6.1,219,69,1,"90","91","78","72","84","78","85","76","83","80",237,0.9393,19.0414,20.2709,41,0.172995780590717
"500044",0.5,NA,18442,"No Different Than the National Average Payment","0.3",NA,"No Different Than the National Rate","Worse Than the National Rate","No Different Than the National Value","very high","89","202","5","Not Available","Not Available",409,-4.2,-21.5,15.6,365,105,1,"90","91","80","74","87","80","80","79","86","85",372,0.9165,17.9228,19.555,61,0.163978494623656
"500050",1.002,NA,18142,"Less Than the National Average Payment","2.9",NA,"No Different Than the National Rate","No Different Than the National Rate","No Different Than the National Value","very high","72","284","4","99","99",556,-3.7,-19.2,12.6,479,170,1,"90","90","76","73","87","80","81","73","85","84",472,0.9159,17.5208,19.1286,77,0.163135593220339
"500051",0.345,NA,18119,"Less Than the National Average Payment","7.1",NA,"No Different Than the National Rate","No Different Than the National Rate","No Different Than the National Value","high","80","192","0","85","Not Available",492,-7.1,-22.1,10.3,406,115,1,"91","92","80","75","87","82","87","82","90","91",439,0.9345,16.7072,17.878,69,0.157175398633257
"500053",NA,NA,17916,"Less Than the National Average Payment","2.9",NA,"No Different Than the National Rate","No Different Than the National Rate","No Different Than the National Value","medium","69","151","8","86","96",231,7.8,-13.4,32.7,195,76,1,"87","89","79","72","82","76","90","79","83","81",212,1.0687,21.0149,19.6633,49,0.231132075471698
"500054",0.262,NA,20265,"No Different Than the National Average Payment","0",NA,"No Different Than the National Rate","No Different Than the National Rate","No Different Than the National Value","very high","67","241","8","85","Not Available",571,31.5,12,51.3,514,166,0,"91","92","81","73","84","81","84","76","87","89",534,0.849,16.5942,19.5457,78,0.146067415730337
"500058",0.357,NA,18276,"Less Than the National Average Payment","7.6",NA,"No Different Than the National Rate","No Different Than the National Rate","No Different Than the National Value","very high","75","174","5","Not Available","Not Available",827,-19,-31.4,-5.9,685,230,2,"91","90","85","76","88","79","86","83","90","90",744,0.8665,17.6587,20.3783,122,0.163978494623656
"500064",1.799,NA,19112,"No Different Than the National Average Payment","3.5",NA,"No Different Than the National Rate","Worse Than the National Rate","No Different Than the National Value","high","61","323","10","Not Available","Not Available",96,9.2,-25.2,47.5,78,26,1,"89","88","78","74","86","79","81","65","85","85",80,0.9348,19.342,20.692,11,0.1375
"500072",NA,NA,16998,"Less Than the National Average Payment","4.9",NA,"No Different Than the National Rate","No Different Than the National Rate","No Different Than the National Value","medium","80","295","4","Not Available","Not Available",291,-24,-38.4,-7,247,84,2,"91","89","85","74","89","81","86","75","86","84",258,0.9544,17.4497,18.2833,42,0.162790697674419
"500077",0.944,NA,18423,"No Different Than the National Average Payment","0",NA,"No Different Than the National Rate","No Different Than the National Rate","No Different Than the National Value","high","55","232","11","89","Not Available",306,3.2,-16.7,24.4,275,75,1,"92","91","83","76","86","81","87","82","89","89",244,0.9602,17.0557,17.7625,39,0.159836065573771
"500079",0.443,NA,16459,"Less Than the National Average Payment","0.7",NA,"No Different Than the National Rate","No Different Than the National Rate","No Different Than the National Value","very high","94","140","2","Not Available","Not Available",1047,7.6,-5.6,21.4,854,296,1,"88","86","77","69","85","77","79","74","81","81",903,1.0632,20.4785,19.2615,189,0.209302325581395
"500088",1.242,NA,18003,"Less Than the National Average Payment","5.2",NA,"No Different Than the National Rate","No Different Than the National Rate","Worse Than the National Value","very high","95","196","6","92","98",626,15.7,-0.8,34,502,160,1,"89","91","82","72","85","81","87","83","88","88",496,1.0542,19.4624,18.4615,100,0.201612903225806
"500108",0.36,NA,19440,"No Different Than the National Average Payment","3.2",NA,"No Different Than the National Rate","No Different Than the National Rate","No Different Than the National Value","high","76","222","7","90","99",423,-25.7,-41.4,-7.3,363,106,2,"90","91","84","75","87","79","80","74","86","85",349,0.8713,18.3685,21.0818,55,0.157593123209169
"500119",NA,NA,17918,"Less Than the National Average Payment","2.2",NA,"No Different Than the National Rate","No Different Than the National Rate","No Different Than the National Value","high","83","192","4","Not Available","Not Available",251,-25,-41.8,-6.1,220,60,2,"91","90","84","77","88","81","84","81","88","88",226,0.9397,17.2615,18.3689,35,0.154867256637168
"500124",0.644,NA,18227,"Less Than the National Average Payment","3",NA,"No Different Than the National Rate","No Different Than the National Rate","No Different Than the National Value","very high","81","229","7","Not Available","Not Available",651,-9.1,-24.7,7.7,542,134,1,"90","90","84","74","86","80","87","82","90","90",497,0.8509,16.3822,19.2524,71,0.142857142857143
"500129",0.507,NA,16709,"Less Than the National Average Payment","3.3",NA,"No Different Than the National Rate","No Different Than the National Rate","No Different Than the National Value","very high","93","219","2","Not Available","Not Available",631,-3.8,-19.5,13,532,159,1,"89","88","78","72","86","78","81","77","85","85",542,0.9572,18.7971,19.6386,99,0.182656826568266
"500139",NA,NA,18958,"No Different Than the National Average Payment","7.9",NA,"No Different Than the National Rate","No Different Than the National Rate","No Different Than the National Value","medium","94","145","2","Not Available","Not Available",193,4.1,-16.3,27.7,173,62,1,"90","90","81","74","87","80","90","75","87","87",146,0.9846,17.1225,17.3898,24,0.164383561643836
"500141",0,NA,20698,"No Different Than the National Average Payment","2.2",NA,"No Different Than the National Rate","No Different Than the National Rate","No Different Than the National Value","high","66","181","3","86","97",261,10.8,-11.8,35.2,220,70,1,"89","88","78","72","85","80","80","76","85","84",231,0.9244,18.2569,19.7509,37,0.16017316017316
"500150",0.786,NA,17871,"Less Than the National Average Payment","4.1",NA,"No Different Than the National Rate","No Different Than the National Rate","No Different Than the National Value","very high","52","250","1","Not Available","Not Available",314,28.3,6.2,52.5,271,96,0,"93","92","87","78","87","82","89","85","91","92",227,0.9874,19.7536,20.0057,44,0.193832599118943
"500151",0,NA,17505,"Less Than the National Average Payment","2.9",NA,"No Different Than the National Rate","No Different Than the National Rate","No Different Than the National Value","medium","76","190","3","91","89",392,-1.6,-20,19.3,330,105,1,"90","90","80","76","88","80","90","82","88","88",308,0.9453,18.7349,19.8195,54,0.175324675324675
"500152",0,NA,18766,"No Different Than the National Average Payment","4.1",NA,"No Different Than the National Rate","No Different Than the National Rate","No Different Than the National Value","medium","82","143","1","91","97",238,1.9,-19.1,25.6,204,52,1,"90","91","79","73","85","80","87","83","89","91",217,0.9243,16.6163,17.9778,31,0.142857142857143
"510001",0.927,NA,20647,"No Different Than the National Average Payment","11.5",NA,"No Different Than the National Rate","No Different Than the National Rate","Worse Than the National Value","high","95","204","4","Not Available","Not Available",604,-9.6,-27.2,8.7,503,176,1,"92","90","83","76","88","81","84","78","89","90",496,0.9056,20.7193,22.88,96,0.193548387096774
"510002",NA,NA,16242,"Less Than the National Average Payment","8",NA,"No Different Than the National Rate","No Different Than the National Rate","No Different Than the National Value","low","81","205","4","Not Available","98",167,-2.5,-24.5,21.7,132,56,1,"87","89","78","69","83","75","84","80","82","77",148,0.9982,21.0269,21.0642,31,0.209459459459459
"510006",0.192,NA,18349,"Less Than the National Average Payment","6",NA,"No Different Than the National Rate","No Different Than the National Rate","No Different Than the National Value","high","97","231","4","Not Available","Not Available",513,40.1,18,63.5,397,148,0,"92","90","83","75","83","79","83","80","88","87",453,1.0506,23.0873,21.9746,108,0.23841059602649
"510007",0.595,NA,20673,"No Different Than the National Average Payment","1.9",NA,"No Different Than the National Rate","No Different Than the National Rate","Worse Than the National Value","very high","95","203","2","Not Available","Not Available",560,49.5,27.9,74.2,468,166,0,"91","88","83","73","84","81","85","78","87","88",495,1.0964,22.9713,20.9512,120,0.242424242424242
"510008",1.548,NA,18340,"No Different Than the National Average Payment","4.9",NA,"No Different Than the National Rate","No Different Than the National Rate","No Different Than the National Value","high","99","166","2","81","Not Available",344,-12.3,-29.5,6.8,282,100,1,"90","87","83","71","85","79","85","76","84","80",320,0.8976,18.5016,20.6131,52,0.1625
"510012",NA,NA,19764,"No Different Than the National Average Payment","5.6",NA,"Number of Cases Too Small","Number of Cases Too Small","No Different Than the National Value","low","94","129","1","51","58",57,50.2,14.7,94.8,47,20,0,"90","84","85","75","82","76","85","78","84","79",49,1.0412,19.086,18.3317,12,0.244897959183673
"510013",NA,NA,19250,"No Different Than the National Average Payment","7.1",NA,"No Different Than the National Rate","No Different Than the National Rate","No Different Than the National Value","Not Available","98","174","Not Available","Not Available","Not Available",97,17.1,-15.4,53.3,78,25,1,"92","91","89","79","84","80","86","79","88","88",83,1.0286,21.7892,21.1838,20,0.240963855421687
"510022",1.446,NA,20367,"No Different Than the National Average Payment","10.7",NA,"No Different Than the National Rate","Worse Than the National Rate","Worse Than the National Value","very high","83","171","2","80","70",887,29.2,12.6,47.8,730,254,0,"91","90","85","74","86","80","83","79","88","87",801,0.9878,21.2022,21.4634,169,0.210986267166042
"510023",1.321,NA,22383,"Greater Than the National Average Payment","6",NA,"No Different Than the National Rate","No Different Than the National Rate","No Different Than the National Value","medium","39","159","5","Not Available","Not Available",305,-14.4,-34.4,7.3,244,89,1,"87","90","72","70","85","77","80","67","81","80",275,1.0489,22.0969,21.0677,64,0.232727272727273
"510024",0.479,NA,21822,"Greater Than the National Average Payment","6.7",NA,"No Different Than the National Rate","No Different Than the National Rate","No Different Than the National Value","medium","94","162","3","Not Available","94",306,8.1,-13,29.1,249,92,1,"92","91","85","77","87","82","85","83","90","91",248,1.111,21.7435,19.5718,61,0.245967741935484
"510029",0.519,NA,19538,"No Different Than the National Average Payment","6.3",NA,"No Different Than the National Rate","No Different Than the National Rate","Worse Than the National Value","medium","93","222","4","69","Not Available",185,11,-14.6,39,157,46,1,"92","90","83","72","85","80","77","78","87","87",163,0.9561,18.9952,19.8677,28,0.171779141104294
"510030",NA,NA,17963,"No Different Than the National Average Payment","8.1",NA,"No Different Than the National Rate","No Different Than the National Rate","No Different Than the National Value","medium","96","133","3","Not Available","Not Available",142,-2.7,-25,24.5,120,50,1,"91","91","87","74","82","76","87","79","85","80",134,0.9649,18.9288,19.6179,23,0.171641791044776
"510038",NA,NA,19111,"No Different Than the National Average Payment","4.2",NA,"No Different Than the National Rate","No Different Than the National Rate","No Different Than the National Value","low","95","100","1","86","Not Available",47,-3.8,-30.6,31.2,42,18,1,"92","93","87","81","85","80","87","81","88","86",45,1.0374,21.1833,20.4191,12,0.266666666666667
"510046",2.56,NA,20913,"No Different Than the National Average Payment","4.9",NA,"No Different Than the National Rate","No Different Than the National Rate","No Different Than the National Value","high","88","186","5","Not Available","Not Available",266,15.1,-7.7,40.2,227,72,1,"89","89","82","74","86","79","78","78","84","82",242,1.0154,18.5938,18.3111,46,0.190082644628099
"510048",0.916,NA,18098,"No Different Than the National Average Payment","2.5",NA,"No Different Than the National Rate","No Different Than the National Rate","No Different Than the National Value","medium","95","183","1","91","97",148,13.9,-15.4,48.4,111,43,1,"89","91","84","77","88","81","91","80","85","82",130,1.0031,23.679,23.6057,31,0.238461538461538
"510050",0.332,NA,21708,"Greater Than the National Average Payment","5.3",NA,"No Different Than the National Rate","No Different Than the National Rate","No Different Than the National Value","medium","93","214","4","Not Available","80",350,17,-4,39.5,279,103,1,"89","87","81","74","85","78","86","83","85","83",314,1.1156,22.4796,20.1511,78,0.248407643312102
"510055",1.283,NA,21046,"No Different Than the National Average Payment","3",NA,"No Different Than the National Rate","No Different Than the National Rate","No Different Than the National Value","high","95","225","5","94","99",175,42.4,12.5,76.7,158,57,0,"91","91","83","76","86","81","89","86","89","87",164,1.0096,21.5572,21.3527,36,0.219512195121951
"510058",0,NA,19095,"No Different Than the National Average Payment","13.4",NA,"No Different Than the National Rate","No Different Than the National Rate","No Different Than the National Value","high","95","213","9","Not Available","Not Available",645,42.3,22.3,62.6,503,193,0,"92","90","85","76","87","80","83","76","87","86",582,1.133,23.9541,21.143,148,0.254295532646048
"510062",NA,NA,20384,"No Different Than the National Average Payment","7.3",NA,"No Different Than the National Rate","No Different Than the National Rate","No Different Than the National Value","low","86","219","5","Not Available","Not Available",133,29.8,0.2,64.8,116,47,0,"87","87","79","70","83","78","83","73","85","84",109,1.0895,26.48,24.3045,35,0.321100917431193
"510070",0.351,NA,19429,"No Different Than the National Average Payment","16.6",NA,"No Different Than the National Rate","No Different Than the National Rate","No Different Than the National Value","medium","65","202","1","97","99",253,21.7,-4,50.1,207,77,1,"88","86","77","70","81","75","83","75","80","76",236,1.0996,24.7145,22.4763,65,0.275423728813559
"520002",NA,NA,18992,"No Different Than the National Average Payment","3.7",NA,"No Different Than the National Rate","No Different Than the National Rate","No Different Than the National Value","low","83","136","1","Not Available","Not Available",114,-11.8,-34.9,15.5,99,31,1,"92","89","84","79","88","81","80","82","87","85",100,1.0216,20.5739,20.139,22,0.22
"520004",0,NA,17817,"Less Than the National Average Payment","4.6",NA,"No Different Than the National Rate","No Different Than the National Rate","No Different Than the National Value","medium","76","122","1","Not Available","Not Available",309,-28,-45.1,-7.5,277,62,2,"93","94","86","80","92","85","93","84","92","94",254,0.8508,17.1405,20.1455,33,0.12992125984252
"520008",0.461,NA,18937,"No Different Than the National Average Payment","2.9",NA,"No Different Than the National Rate","No Different Than the National Rate","No Different Than the National Value","high","96","150","0","99","100",605,-17.5,-31.7,-1.8,488,136,2,"92","91","85","78","89","83","86","86","90","89",489,0.9049,17.2748,19.0898,78,0.159509202453988
"520009",0,NA,16182,"Less Than the National Average Payment","6.6",NA,"No Different Than the National Rate","No Different Than the National Rate","No Different Than the National Value","high","Not Available","138","1","69","Not Available",210,-40.6,-57.4,-20.2,173,38,2,"91","90","85","76","87","82","89","85","88","88",173,0.8651,16.3842,18.9395,19,0.109826589595376
"520011",NA,NA,19428,"No Different Than the National Average Payment","6.5",NA,"Number of Cases Too Small","No Different Than the National Rate","No Different Than the National Value","low","88","150","2","Not Available","Not Available",126,0.1,-23.9,28,103,49,1,"92","90","84","76","89","79","91","83","86","85",98,0.9757,17.9506,18.3976,16,0.163265306122449
"520019",NA,NA,18361,"No Different Than the National Average Payment","6.1",NA,"No Different Than the National Rate","No Different Than the National Rate","No Different Than the National Value","low","80","145","3","Not Available","Not Available",110,15.3,-13.1,47.3,100,32,1,"90","88","84","75","89","81","89","79","85","84",92,0.9657,17.6682,18.2958,14,0.152173913043478
"520021",0.52,NA,19485,"No Different Than the National Average Payment","5.8",NA,"No Different Than the National Rate","No Different Than the National Rate","No Different Than the National Value","medium","90","176","4","64","Not Available",207,17.6,-5.5,44.2,174,65,1,"90","91","85","74","83","80","83","80","88","89",183,1.0666,20.0655,18.812,41,0.224043715846995
"520028",NA,NA,18106,"No Different Than the National Average Payment","5.6",NA,"No Different Than the National Rate","No Different Than the National Rate","No Different Than the National Value","very high","88","138","1","Not Available","Not Available",145,19,-7.4,48.3,119,43,1,"93","92","85","80","88","83","81","85","90","90",131,1.0369,18.8186,18.1487,27,0.206106870229008
"520030",0.216,NA,18376,"No Different Than the National Average Payment","6.4",NA,"No Different Than the National Rate","No Different Than the National Rate","No Different Than the National Value","high","82","143","3","Not Available","Not Available",443,-29.4,-44.2,-13.7,381,114,2,"92","91","82","77","88","82","84","84","88","90",401,0.8873,16.6309,18.7425,59,0.14713216957606
"520033",NA,NA,17798,"No Different Than the National Average Payment","3.9",NA,"No Different Than the National Rate","No Different Than the National Rate","No Different Than the National Value","low","79","234","4","Not Available","Not Available",110,18.4,-7,48.8,100,41,1,"91","89","86","79","88","81","92","89","87","85",92,1.082,20.4429,18.8932,24,0.260869565217391
"520034",NA,NA,18658,"No Different Than the National Average Payment","10.5",NA,"No Different Than the National Rate","No Different Than the National Rate","No Different Than the National Value","low","85","116","2","95","95",89,-12,-36.4,19.2,81,21,1,"95","92","87","81","90","84","94","85","91","91",72,1.0158,19.4028,19.1016,15,0.208333333333333
"520035",0,NA,17691,"Less Than the National Average Payment","6",NA,"No Different Than the National Rate","No Different Than the National Rate","No Different Than the National Value","medium","93","185","2","93","94",193,-27,-47.7,-3,154,42,2,"91","91","82","77","91","82","91","88","88","88",129,0.919,19.0773,20.7584,19,0.147286821705426
"520037",0.794,NA,17565,"Less Than the National Average Payment","4.6",NA,"No Different Than the National Rate","No Different Than the National Rate","Worse Than the National Value","low","86","183","1","Not Available","Not Available",311,5.1,-16,29.1,234,82,1,"91","89","81","77","88","79","88","80","84","82",289,1.0567,20.5375,19.4362,63,0.217993079584775
"520041",NA,NA,17440,"No Different Than the National Average Payment","3.8",NA,"Number of Cases Too Small","No Different Than the National Rate","No Different Than the National Value","low","71","153","2","Not Available","Not Available",84,-26.9,-47.7,-1.1,74,26,2,"91","89","84","76","88","80","85","86","84","79",71,1.0425,18.7138,17.9511,16,0.225352112676056
"520049",0,NA,20435,"No Different Than the National Average Payment","7",NA,"No Different Than the National Rate","No Different Than the National Rate","No Different Than the National Value","high","79","158","2","Not Available","Not Available",149,-8.9,-31,15.3,135,39,1,"92","93","86","80","90","83","85","82","90","91",122,0.9367,19.1138,20.4045,19,0.155737704918033
"520051",0.727,NA,18523,"No Different Than the National Average Payment","7.4",NA,"No Different Than the National Rate","No Different Than the National Rate","No Different Than the National Value","high","Not Available","162","1","67","Not Available",272,5,-18.7,30.1,224,74,1,"89","90","77","72","83","79","84","82","85","84",213,1.0363,22.7927,21.9943,51,0.23943661971831
"520057",NA,NA,17945,"No Different Than the National Average Payment","4",NA,"Number of Cases Too Small","No Different Than the National Rate","No Different Than the National Value","medium","86","110","0","Not Available","Not Available",106,-7.2,-30.8,23.2,89,34,1,"94","94","91","83","91","85","90","89","92","91",96,0.9913,19.349,19.5185,18,0.1875
"520059",NA,NA,17822,"No Different Than the National Average Payment","10.8",NA,"No Different Than the National Rate","No Different Than the National Rate","No Different Than the National Value","low","88","178","2","97","96",143,-42.6,-61.4,-19.7,122,46,2,"91","90","87","75","91","81","89","80","86","83",103,0.9812,20.6492,21.0449,20,0.194174757281553
"520062",NA,NA,18063,"No Different Than the National Average Payment","3.6",NA,"No Different Than the National Rate","No Different Than the National Rate","No Different Than the National Value","low","98","148","0","99","100",168,-10,-31.7,15.7,137,48,1,"92","92","85","78","88","83","83","87","89","89",126,1.0164,19.0002,18.6934,25,0.198412698412698
"520063",NA,NA,17238,"Less Than the National Average Payment","4",NA,"No Different Than the National Rate","No Different Than the National Rate","No Different Than the National Value","medium","92","196","3","Not Available","Not Available",255,-10,-29.4,11.2,200,59,1,"91","90","79","76","88","81","84","79","87","85",220,1.0586,20.1036,18.9901,48,0.218181818181818
"520066",0.807,NA,19649,"No Different Than the National Average Payment","0.8",NA,"No Different Than the National Rate","No Different Than the National Rate","No Different Than the National Value","medium","79","156","2","Not Available","Not Available",213,31.7,5.6,60.8,180,64,0,"91","89","85","77","89","80","85","78","87","86",194,1.0204,19.4181,19.0306,39,0.201030927835052
"520070",0,NA,17678,"Less Than the National Average Payment","7",NA,"Better Than the National Rate","No Different Than the National Rate","Better Than the National Value","medium","75","181","1","Not Available","Not Available",519,-10.4,-27.2,9.2,416,129,1,"94","93","87","82","92","84","89","83","92","92",463,0.8878,17.656,19.8873,74,0.159827213822894
"520075",0,NA,17710,"No Different Than the National Average Payment","8.2",NA,"No Different Than the National Rate","No Different Than the National Rate","Worse Than the National Value","medium","90","118","0","86","92",140,-24,-44.2,0.8,127,32,1,"92","91","82","77","88","81","89","85","88","87",136,0.9171,18.1245,19.7638,19,0.139705882352941
"520078",NA,NA,19818,"No Different Than the National Average Payment","10.1",NA,"No Different Than the National Rate","No Different Than the National Rate","No Different Than the National Value","medium","Not Available","121","1","66","Not Available",72,-13,-39.4,21.3,62,14,1,"90","91","83","74","86","80","93","82","87","84",80,0.9592,18.3866,19.1693,12,0.15
"520083",0.409,NA,17092,"Less Than the National Average Payment","0.4",NA,"No Different Than the National Rate","No Different Than the National Rate","No Different Than the National Value","high","84","192","1","Not Available","Not Available",555,-11.1,-26.8,6.3,474,119,1,"91","92","80","77","87","82","88","83","89","89",446,0.8754,16.9647,19.3802,67,0.150224215246637
"520087",0,NA,18639,"No Different Than the National Average Payment","3.3",NA,"No Different Than the National Rate","No Different Than the National Rate","No Different Than the National Value","very high","76","159","1","Not Available","Not Available",353,15.7,-6.4,38.2,321,111,1,"94","92","88","82","88","84","83","86","91","93",309,0.9429,18.3983,19.5131,53,0.171521035598705
"520088",0.826,NA,19450,"No Different Than the National Average Payment","5",NA,"No Different Than the National Rate","No Different Than the National Rate","No Different Than the National Value","medium","92","175","1","Not Available","Not Available",223,-4,-25.3,19.8,189,60,1,"93","91","86","80","88","81","90","86","88","86",187,1.0022,18.6405,18.6,35,0.18716577540107
"520089",0.427,NA,18887,"No Different Than the National Average Payment","1.2",NA,"No Different Than the National Rate","No Different Than the National Rate","No Different Than the National Value","high","53","145","2","Not Available","Not Available",598,9,-7.7,27.5,474,154,1,"93","91","82","78","87","82","88","86","91","92",521,0.965,18.6851,19.3618,95,0.182341650671785
"520091",NA,NA,19252,"No Different Than the National Average Payment","6.5",NA,"Not Available","No Different Than the National Rate","No Different Than the National Value","low","77","166","1","Not Available","Not Available",64,9.9,-18.8,43.5,57,21,1,"96","93","93","82","92","85","93","86","93","93",77,1.0023,19.2877,19.244,15,0.194805194805195
"520096",0.446,NA,19335,"No Different Than the National Average Payment","7.8",NA,"No Different Than the National Rate","No Different Than the National Rate","No Different Than the National Value","high","Not Available","137","1","76","Not Available",258,-6,-25.3,15.6,212,69,1,"90","91","80","75","87","80","86","77","84","80",257,0.9597,17.7712,18.5171,43,0.167315175097276
"520098",0.235,NA,19221,"No Different Than the National Average Payment","3.8",NA,"No Different Than the National Rate","No Different Than the National Rate","No Different Than the National Value","very high","94","223","1","86","83",609,8.4,-8.2,26.7,516,184,1,"93","92","83","79","91","84","85","84","90","92",532,1.0845,21.7199,20.0275,121,0.227443609022556
"520100",NA,NA,17544,"Less Than the National Average Payment","5",NA,"No Different Than the National Rate","No Different Than the National Rate","No Different Than the National Value","medium","87","144","1","Not Available","Not Available",268,3.7,-19.2,29.7,211,67,1,"91","88","85","77","86","80","83","76","85","83",208,0.9955,20.3387,20.4307,42,0.201923076923077
"520102",NA,NA,19288,"No Different Than the National Average Payment","6.3",NA,"No Different Than the National Rate","No Different Than the National Rate","No Different Than the National Value","low","87","148","1","94","97",157,-41,-59.4,-21.4,130,45,2,"94","92","86","78","92","84","83","83","89","88",134,0.8993,18.6618,20.7511,18,0.134328358208955
"520103",0,NA,19226,"No Different Than the National Average Payment","1.3",NA,"No Different Than the National Rate","No Different Than the National Rate","No Different Than the National Value","medium","92","228","4","Not Available","Not Available",413,31.1,10.7,53.8,338,110,0,"92","91","82","77","88","81","83","80","88","88",336,1.145,21.1398,18.4627,80,0.238095238095238
"520107",NA,NA,19373,"No Different Than the National Average Payment","6.7",NA,"No Different Than the National Rate","No Different Than the National Rate","No Different Than the National Value","low","92","136","1","Not Available","Not Available",116,-1.9,-25.9,25.6,97,31,1,"93","93","87","80","89","82","85","82","88","86",108,1.067,19.2666,18.0569,25,0.231481481481481
"520113",NA,NA,18549,"No Different Than the National Average Payment","4.9",NA,"Number of Cases Too Small","No Different Than the National Rate","No Different Than the National Value","medium","90","139","1","93","96",186,41.3,12.7,72,133,65,0,"92","90","88","79","87","81","89","88","87","83",160,1.1008,23.4095,21.2665,44,0.275
"520116",NA,NA,18530,"No Different Than the National Average Payment","5",NA,"No Different Than the National Rate","No Different Than the National Rate","No Different Than the National Value","low","71","126","0","96","94",119,-28.4,-47.5,-6,97,30,2,"93","93","89","77","87","82","87","86","89","87",101,0.9478,16.245,17.1399,13,0.128712871287129
"520136",1.09,NA,17589,"Less Than the National Average Payment","7.9",NA,"No Different Than the National Rate","No Different Than the National Rate","No Different Than the National Value","very high","Not Available","123","1","Not Available","Not Available",380,-25.7,-41.6,-8.5,321,81,2,"91","92","82","77","86","81","86","82","87","86",323,0.8845,17.0165,19.2382,47,0.145510835913313
"520138",0.673,NA,20308,"No Different Than the National Average Payment","6.9",NA,"No Different Than the National Rate","No Different Than the National Rate","Worse Than the National Value","very high","95","176","7","87","97",1362,0.1,-13.1,13.8,1054,360,1,"91","91","81","77","88","82","83","78","88","88",1097,0.9631,21.0159,21.8216,228,0.207839562443026
"520139",0.328,NA,20241,"No Different Than the National Average Payment","11.6",NA,"No Different Than the National Rate","No Different Than the National Rate","No Different Than the National Value","medium","93","198","4","88","98",297,-16.2,-34.4,4.7,246,74,1,"91","90","80","76","89","82","86","81","88","88",225,0.8771,17.5742,20.037,31,0.137777777777778
"520160",0.45,NA,19039,"No Different Than the National Average Payment","1.4",NA,"No Different Than the National Rate","No Different Than the National Rate","Worse Than the National Value","medium","93","152","5","95","Not Available",219,-42.1,-55.7,-26.2,192,53,2,"92","91","84","75","88","81","82","83","88","88",182,0.9005,16.3086,18.1107,23,0.126373626373626
"520177",0.484,NA,17811,"Less Than the National Average Payment","4.6",NA,"No Different Than the National Rate","No Different Than the National Rate","Better Than the National Value","very high","95","252","5","Not Available","Not Available",621,-0.4,-18.3,18.5,506,168,1,"93","92","82","78","88","83","85","82","90","91",532,1.0117,22.0307,21.7756,118,0.221804511278195
"520189",0.561,NA,19481,"No Different Than the National Average Payment","6.4",NA,"No Different Than the National Rate","No Different Than the National Rate","No Different Than the National Value","high","93","182","2","92","97",288,-33.5,-50.1,-14.7,253,86,2,"91","92","83","77","89","82","87","83","89","89",208,0.9526,19.3391,20.302,37,0.177884615384615
"520193",0.754,NA,19002,"No Different Than the National Average Payment","11.7",NA,"No Different Than the National Rate","No Different Than the National Rate","No Different Than the National Value","high","94","146","1","95","99",176,-12.9,-35.6,13,147,53,1,"93","91","89","80","90","82","92","86","91","91",143,0.9518,20.5108,21.5498,26,0.181818181818182
"520198",NA,NA,17000,"Less Than the National Average Payment","8.7",NA,"No Different Than the National Rate","No Different Than the National Rate","No Different Than the National Value","medium","88","134","1","92","98",123,-15.5,-40.4,12.2,106,34,1,"93","92","87","80","92","82","87","84","90","90",109,0.9605,18.9457,19.7249,18,0.165137614678899
"520202",NA,NA,20168,"No Different Than the National Average Payment","7.3",NA,"No Different Than the National Rate","No Different Than the National Rate","No Different Than the National Value","low","88","139","1","Not Available","Not Available",186,-11.5,-32,12.8,163,54,1,"93","92","83","77","89","83","93","83","90","90",152,0.9681,18.4999,19.1095,26,0.171052631578947
"520206",NA,NA,18671,"No Different Than the National Average Payment","10.9",NA,"No Different Than the National Rate","No Different Than the National Rate","No Different Than the National Value","low","89","134","0","93","97",183,-32.9,-51.5,-12,160,43,2,"92","91","86","77","90","83","81","85","90","89",157,0.9217,18.0317,19.5642,23,0.146496815286624
"520207",0,NA,18994,"No Different Than the National Average Payment","6.7",NA,"No Different Than the National Rate","No Different Than the National Rate","No Different Than the National Value","medium","92","166","2","99","99",351,32.5,8,59.5,280,96,0,"94","93","86","80","92","85","89","82","92","93",270,1.0531,21.674,20.5817,62,0.22962962962963
"520208",NA,NA,19172,"No Different Than the National Average Payment","0",NA,"No Different Than the National Rate","No Different Than the National Rate","No Different Than the National Value","low","80","129","0","Not Available","Not Available",110,5.7,-20,36.9,98,34,1,"92","92","85","81","87","82","81","87","90","90",84,1.0217,19.7325,19.3131,18,0.214285714285714
"520210",NA,NA,21437,"No Different Than the National Average Payment","5.2",NA,"No Different Than the National Rate","No Different Than the National Rate","No Different Than the National Value","low","88","162","1","Not Available","Not Available",81,15.7,-16.5,54.6,71,22,1,"91","90","84","76","88","80","88","83","88","87",78,0.9872,19.0284,19.2747,14,0.179487179487179
"520212",NA,NA,16365,"Less Than the National Average Payment","10.4",NA,"No Different Than the National Rate","No Different Than the National Rate","No Different Than the National Value","low","91","169","1","90","Not Available",93,-10.3,-33.1,16.9,73,26,1,"93","93","90","79","90","82","93","86","90","90",61,1.0288,18.3073,17.794,13,0.213114754098361
"530002",NA,NA,17342,"Less Than the National Average Payment","6.6",NA,"No Different Than the National Rate","No Different Than the National Rate","No Different Than the National Value","medium","74","161","2","83","94",98,-5.9,-31.2,23,87,26,1,"92","93","86","82","88","81","91","88","89","87",71,0.998,18.4954,18.5329,13,0.183098591549296
"530006",NA,NA,17370,"Less Than the National Average Payment","10.4",NA,"No Different Than the National Rate","No Different Than the National Rate","No Different Than the National Value","low","39","104","0","98","Not Available",162,-15.2,-33,6.2,130,40,1,"93","93","90","80","92","82","88","84","89","89",113,0.95,15.2221,16.0228,14,0.123893805309735
"530012",0.467,NA,19225,"No Different Than the National Average Payment","0.9",NA,"No Different Than the National Rate","No Different Than the National Rate","No Different Than the National Value","low","95","188","5","86","Not Available",517,-5,-21.8,14.1,430,124,1,"90","88","84","74","85","80","85","79","84","82",441,0.8232,15.7518,19.1355,57,0.129251700680272
"530014",0.586,NA,18646,"No Different Than the National Average Payment","5.4",NA,"No Different Than the National Rate","No Different Than the National Rate","No Different Than the National Value","medium","97","204","2","Not Available","Not Available",460,-5.5,-21.7,12,385,121,1,"91","91","85","75","84","80","92","85","88","86",324,0.9523,17.33,18.1988,53,0.16358024691358
"670023",0.851,NA,21536,"Greater Than the National Average Payment","2.2",NA,"No Different Than the National Rate","No Different Than the National Rate","No Different Than the National Value","high","96","199","3","Not Available","Not Available",299,24.2,1.3,50.6,257,85,0,"92","92","84","76","85","83","92","85","92","92",254,1.1108,22.3845,20.1514,64,0.251968503937008
"670025",0,NA,23425,"Greater Than the National Average Payment","3.4",NA,"Better Than the National Rate","No Different Than the National Rate","Better Than the National Value","low","96","169","1","87","95",590,-9.6,-25.8,7.8,520,165,1,"94","94","89","82","90","86","89","90","95","96",438,0.9129,18.9557,20.7639,77,0.175799086757991
"670031",NA,NA,20007,"No Different Than the National Average Payment","4.4",NA,"No Different Than the National Rate","No Different Than the National Rate","No Different Than the National Value","low","83","121","0","Not Available","34",104,-7.6,-32.1,19.6,85,37,1,"90","89","85","74","78","80","82","84","88","87",89,1.0112,19.3995,19.1845,18,0.202247191011236
"670034",0,NA,21849,"Greater Than the National Average Payment","5.7",NA,"No Different Than the National Rate","No Different Than the National Rate","No Different Than the National Value","medium","94","180","3","90","91",458,-10.4,-27.1,7.7,382,142,1,"92","92","84","78","89","83","89","85","90","91",380,0.9714,18.9231,19.4807,70,0.184210526315789
"670041",0.868,NA,19509,"No Different Than the National Average Payment","1",NA,"No Different Than the National Rate","No Different Than the National Rate","No Different Than the National Value","medium","Not Available","187","3","83","91",248,-9.3,-29.6,14.2,213,74,1,"89","89","79","73","86","80","85","83","88","86",193,1.0154,20.1975,19.8907,40,0.207253886010363
"670043",NA,NA,20466,"No Different Than the National Average Payment","3.6",NA,"No Different Than the National Rate","No Different Than the National Rate","No Different Than the National Value","medium","44","132","2","Not Available","Not Available",137,-9.1,-32,18.6,118,38,1,"88","90","78","74","82","78","84","84","85","84",123,1.0047,19.2631,19.174,24,0.195121951219512
"670044",NA,NA,21226,"No Different Than the National Average Payment","7.9",NA,"No Different Than the National Rate","No Different Than the National Rate","No Different Than the National Value","medium","89","196","4","100","100",158,-13.4,-36.2,15.3,132,43,1,"93","91","85","78","89","83","90","86","91","90",114,0.937,18.6731,19.9295,17,0.149122807017544
"670047",0.32,NA,18014,"No Different Than the National Average Payment","2.1",NA,"Number of Cases Too Small","No Different Than the National Rate","No Different Than the National Value","very high","85","168","4","80","91",148,-43,-61,-21.5,125,37,2,"85","84","74","68","79","76","78","79","81","79",137,0.9313,17.9832,19.3095,20,0.145985401459854
"670053",NA,NA,21222,"No Different Than the National Average Payment","6",NA,"No Different Than the National Rate","No Different Than the National Rate","No Different Than the National Value","low","65","156","0","91","96",93,-8.3,-35.3,22.8,83,34,1,"89","91","80","74","84","81","90","82","87","86",82,1.0321,20.5917,19.9505,19,0.231707317073171
"670055",1.033,NA,22404,"Greater Than the National Average Payment","0.7",NA,"No Different Than the National Rate","No Different Than the National Rate","Better Than the National Value","medium","40","204","0","83","98",470,-17.3,-33.8,0.6,402,102,1,"89","90","80","72","81","80","87","83","87","87",378,0.8662,16.7491,19.3368,54,0.142857142857143
"670056",0,NA,21334,"Greater Than the National Average Payment","0.6",NA,"No Different Than the National Rate","No Different Than the National Rate","No Different Than the National Value","high","Not Available","199","2","84","97",230,-21.3,-41.6,1.6,194,56,1,"90","89","80","76","87","81","88","84","88","88",187,0.9735,20.2166,20.7678,36,0.192513368983957
"670060",NA,NA,19672,"No Different Than the National Average Payment","3.9",NA,"No Different Than the National Rate","No Different Than the National Rate","No Different Than the National Value","low","82","246","2","73","83",150,-12,-34.2,16.1,134,35,1,"84","87","74","62","79","72","77","77","79","77",141,0.9683,18.5251,19.1315,24,0.170212765957447
"670068",NA,NA,21243,"No Different Than the National Average Payment","5.3",NA,"No Different Than the National Rate","No Different Than the National Rate","No Different Than the National Value","medium","77","178","1","100","99",111,0.4,-24.6,31.8,91,31,1,"90","91","83","72","86","81","88","86","89","88",70,1.0438,18.8623,18.0707,16,0.228571428571429
"670071",NA,NA,22311,"Greater Than the National Average Payment","Not Available",NA,"No Different Than the National Rate","No Different Than the National Rate","No Different Than the National Value","Not Available","91","Not Available","Not Available","99","100",103,-4.3,-29.2,24.5,101,30,1,"94","94","89","82","89","85","90","86","93","92",82,1.031,18.3281,17.7763,17,0.207317073170732
"670075",NA,NA,22029,"Greater Than the National Average Payment","2.4",NA,"Number of Cases Too Small","No Different Than the National Rate","No Different Than the National Value","medium","57","202","0","Not Available","97",94,22.5,-7.5,56.7,84,27,1,"92","91","84","78","84","82","91","86","89","89",67,1.1098,23.6555,21.3147,23,0.343283582089552
"670077",0.466,NA,20971,"Greater Than the National Average Payment","11.1",NA,"No Different Than the National Rate","No Different Than the National Rate","No Different Than the National Value","high","94","250","2","Not Available","98",462,-11.3,-27.7,7.4,382,128,1,"91","90","83","77","87","82","91","86","91","92",387,1.0063,20.5623,20.4327,80,0.20671834625323
"670080",NA,NA,19922,"No Different Than the National Average Payment","7.5",NA,"No Different Than the National Rate","No Different Than the National Rate","No Different Than the National Value","high","96","201","7","94","98",118,0.7,-24.3,30.3,107,43,1,"90","90","83","79","87","82","88","89","88","88",112,1.0835,21.1063,19.4795,29,0.258928571428571
"670082",0.4,NA,21669,"Greater Than the National Average Payment","1.8",NA,"No Different Than the National Rate","No Different Than the National Rate","No Different Than the National Value","high","94","217","2","95","99",336,-4.5,-23.6,17.8,297,85,1,"91","91","83","76","86","82","88","86","91","91",262,0.9818,19.5487,19.9121,50,0.190839694656489
"670085",0,NA,19317,"No Different Than the National Average Payment","1.7",NA,"No Different Than the National Rate","No Different Than the National Rate","No Different Than the National Value","medium","94","205","3","100","100",190,-26.3,-44.8,-3.7,169,42,2,"90","90","84","73","88","82","87","86","90","90",155,0.9678,18.1468,18.75,26,0.167741935483871
"670088",0.495,NA,20465,"No Different Than the National Average Payment","11",NA,"No Different Than the National Rate","No Different Than the National Rate","No Different Than the National Value","medium","95","227","5","100","100",294,34.7,11.7,59,240,90,0,"93","93","84","76","89","83","90","87","92","92",231,1.0837,20.2156,18.654,52,0.225108225108225
"670098",NA,NA,21080,"No Different Than the National Average Payment","11.3",NA,"Not Available","No Different Than the National Rate","No Different Than the National Value","low","53","136","2","87","90",174,-22,-41.2,0.6,145,54,1,"92","91","84","75","85","82","86","89","90","90",136,1.0291,20.6422,20.0582,30,0.220588235294118
"670103",NA,NA,22753,"Greater Than the National Average Payment","0.6",NA,"No Different Than the National Rate","No Different Than the National Rate","No Different Than the National Value","very high","40","98","1","94","92",100,-8.2,-34.8,20.7,92,31,1,"90","87","85","74","87","79","89","86","89","87",79,1.0392,20.798,20.0139,19,0.240506329113924
"670106",NA,NA,21899,"No Different Than the National Average Payment","10.5",NA,"No Different Than the National Rate","No Different Than the National Rate","No Different Than the National Value","medium","61","130","2","84","98",93,48.6,11.1,90.7,81,30,0,"89","88","79","76","83","80","90","86","86","84",74,1.0579,23.087,21.8241,21,0.283783783783784
"670108",NA,NA,19215,"No Different Than the National Average Payment","5",NA,"No Different Than the National Rate","No Different Than the National Rate","No Different Than the National Value","medium","89","173","2","91","98",132,-11.7,-33.9,14,116,34,1,"92","91","87","78","90","84","91","87","91","92",111,0.9575,17.8625,18.6549,17,0.153153153153153
"670120",NA,NA,19857,"No Different Than the National Average Payment","10.3",NA,"Not Available","No Different Than the National Rate","No Different Than the National Value","medium","85","171","3","98","100",118,12.5,-16.8,44.5,104,32,1,"87","87","77","67","80","76","79","85","83","81",128,1.0496,21.65,20.6269,31,0.2421875
"670122",0.131,NA,20602,"No Different Than the National Average Payment","8.5",NA,"No Different Than the National Rate","No Different Than the National Rate","Better Than the National Value","high","99","225","2","99","100",656,-13.6,-29.4,2.7,502,175,1,"92","90","85","76","87","82","92","86","92","93",432,1.0423,22.4903,21.5771,100,0.231481481481481
"140143",NA,NA,NA,NA,NA,NA,NA,NA,NA,NA,NA,NA,NA,NA,NA,NA,NA,NA,NA,NA,NA,NA,NA,NA,NA,NA,NA,NA,NA,NA,NA,NA,83,0.9299,19.0271,20.4606,11,0.132530120481928
"140234",NA,NA,NA,NA,NA,NA,NA,NA,NA,NA,NA,NA,NA,NA,NA,NA,NA,NA,NA,NA,NA,NA,NA,NA,NA,NA,NA,NA,NA,NA,NA,NA,101,0.9871,20.6667,20.9378,20,0.198019801980198
"170145",NA,NA,NA,NA,NA,NA,NA,NA,NA,NA,NA,NA,NA,NA,NA,NA,NA,NA,NA,NA,NA,NA,NA,NA,NA,NA,NA,NA,NA,NA,NA,NA,76,0.9645,17.5661,18.2132,11,0.144736842105263
"190204",NA,NA,NA,NA,NA,NA,NA,NA,NA,NA,NA,NA,NA,NA,NA,NA,NA,NA,NA,NA,NA,NA,NA,NA,NA,NA,NA,NA,NA,NA,NA,NA,65,1.067,23.8145,22.3202,20,0.307692307692308
"210006",NA,NA,NA,NA,NA,NA,NA,NA,NA,NA,NA,NA,NA,NA,NA,NA,NA,NA,NA,NA,NA,NA,NA,NA,NA,NA,NA,NA,NA,NA,NA,NA,197,1.0057,19.6071,19.4967,39,0.197969543147208
"290022",NA,NA,NA,NA,NA,NA,NA,NA,NA,NA,NA,NA,NA,NA,NA,NA,NA,NA,NA,NA,NA,NA,NA,NA,NA,NA,NA,NA,NA,NA,NA,NA,223,1.1314,24.4081,21.5725,63,0.282511210762332
"310021",NA,NA,NA,NA,NA,NA,NA,NA,NA,NA,NA,NA,NA,NA,NA,NA,NA,NA,NA,NA,NA,NA,NA,NA,NA,NA,NA,NA,NA,NA,NA,NA,65,0.9861,21.45,21.7513,13,0.2
"310091",NA,NA,NA,NA,NA,NA,NA,NA,NA,NA,NA,NA,NA,NA,NA,NA,NA,NA,NA,NA,NA,NA,NA,NA,NA,NA,NA,NA,NA,NA,NA,NA,117,0.9959,19.8927,19.975,23,0.196581196581197
"330084",NA,NA,NA,NA,NA,NA,NA,NA,NA,NA,NA,NA,NA,NA,NA,NA,NA,NA,NA,NA,NA,NA,NA,NA,NA,NA,NA,NA,NA,NA,NA,NA,73,0.9972,19.4276,19.4816,14,0.191780821917808
"330163",NA,NA,NA,NA,NA,NA,NA,NA,NA,NA,NA,NA,NA,NA,NA,NA,NA,NA,NA,NA,NA,NA,NA,NA,NA,NA,NA,NA,NA,NA,NA,NA,43,1.1381,19.9629,17.5412,17,0.395348837209302
"330223",NA,NA,NA,NA,NA,NA,NA,NA,NA,NA,NA,NA,NA,NA,NA,NA,NA,NA,NA,NA,NA,NA,NA,NA,NA,NA,NA,NA,NA,NA,NA,NA,62,0.9947,18.2992,18.3967,11,0.17741935483871
"340133",NA,NA,NA,NA,NA,NA,NA,NA,NA,NA,NA,NA,NA,NA,NA,NA,NA,NA,NA,NA,NA,NA,NA,NA,NA,NA,NA,NA,NA,NA,NA,NA,68,1.0076,18.3973,18.259,13,0.191176470588235
"360090",NA,NA,NA,NA,NA,NA,NA,NA,NA,NA,NA,NA,NA,NA,NA,NA,NA,NA,NA,NA,NA,NA,NA,NA,NA,NA,NA,NA,NA,NA,NA,NA,264,1.0141,20.4778,20.1926,55,0.208333333333333
"390119",NA,NA,NA,NA,NA,NA,NA,NA,NA,NA,NA,NA,NA,NA,NA,NA,NA,NA,NA,NA,NA,NA,NA,NA,NA,NA,NA,NA,NA,NA,NA,NA,101,1.0363,20.4146,19.6989,23,0.227722772277228
"520013",NA,NA,NA,NA,NA,NA,NA,NA,NA,NA,NA,NA,NA,NA,NA,NA,NA,NA,NA,NA,NA,NA,NA,NA,NA,NA,NA,NA,NA,NA,NA,NA,189,0.9755,20.9908,21.5181,38,0.201058201058201
